2025-10-08 18:06:23,871 [Worker-6: Loading available Gradle versions] INFO  o.e.b.c.i.u.g.PublishedGradleVersions - Gradle version information cache is up-to-date. Trying to read.
2025-10-08 18:07:46,728 [Worker-25: Importing Maven projects] INFO  o.e.m.c.i.l.LifecycleMappingFactory - Using org.eclipse.m2e.jdt.JarLifecycleMapping lifecycle mapping for MavenProject: com.irene:orderService:0.0.1-SNAPSHOT @ C:\Users\irene\eclipse-workspace\E-Comm_Appln\order-service\pom.xml.
2025-10-08 18:07:56,043 [Worker-25: Importing Maven projects] INFO  o.e.m.c.i.l.LifecycleMappingFactory - Using org.eclipse.m2e.jdt.JarLifecycleMapping lifecycle mapping for MavenProject: com.irene:productService:0.0.1-SNAPSHOT @ C:\Users\irene\eclipse-workspace\E-Comm_Appln\product-service\pom.xml.
2025-10-08 18:08:02,672 [Worker-25: Importing Maven projects] INFO  o.e.m.j.i.AbstractJavaProjectConfigurator - Adding source folder /order-service/src/main/java
2025-10-08 18:08:02,676 [Worker-25: Importing Maven projects] INFO  o.e.m.j.i.AbstractJavaProjectConfigurator - Adding resource folder /order-service/src/main/resources
2025-10-08 18:08:02,678 [Worker-25: Importing Maven projects] INFO  o.e.m.j.i.AbstractJavaProjectConfigurator - Adding resource folder /order-service/src/main/resources
2025-10-08 18:08:02,680 [Worker-25: Importing Maven projects] INFO  o.e.m.j.i.AbstractJavaProjectConfigurator - Adding source folder /order-service/src/test/java
2025-10-08 18:08:02,682 [Worker-25: Importing Maven projects] INFO  o.e.m.j.i.AbstractJavaProjectConfigurator - Adding resource folder /order-service/src/test/resources
2025-10-08 18:08:03,592 [Worker-25: Importing Maven projects] INFO  o.e.m.j.i.AbstractJavaProjectConfigurator - Adding source folder /product-service/src/main/java
2025-10-08 18:08:03,594 [Worker-25: Importing Maven projects] INFO  o.e.m.j.i.AbstractJavaProjectConfigurator - Adding resource folder /product-service/src/main/resources
2025-10-08 18:08:03,596 [Worker-25: Importing Maven projects] INFO  o.e.m.j.i.AbstractJavaProjectConfigurator - Adding resource folder /product-service/src/main/resources
2025-10-08 18:08:03,596 [Worker-25: Importing Maven projects] INFO  o.e.m.j.i.AbstractJavaProjectConfigurator - Adding source folder /product-service/src/test/java
2025-10-08 18:08:03,598 [Worker-25: Importing Maven projects] INFO  o.e.m.j.i.AbstractJavaProjectConfigurator - Adding resource folder /product-service/src/test/resources
2025-10-08 18:08:04,386 [Worker-25: Importing Maven projects] INFO  o.e.m.c.i.p.ProjectConfigurationManager - Imported and configured 2 project(s) in 28 sec
2025-10-08 18:08:04,540 [Worker-10: Updating Maven Project] INFO  o.e.m.c.i.p.ProjectConfigurationManager - Update started
2025-10-08 18:08:05,867 [Worker-10: Updating Maven Project] INFO  o.e.m.c.i.l.LifecycleMappingFactory - Using org.eclipse.m2e.jdt.JarLifecycleMapping lifecycle mapping for MavenProject: com.irene:orderService:0.0.1-SNAPSHOT @ C:\Users\irene\eclipse-workspace\E-Comm_Appln\order-service\pom.xml.
2025-10-08 18:08:07,019 [Worker-10: Updating Maven Project] INFO  o.e.m.c.i.l.LifecycleMappingFactory - Using org.eclipse.m2e.jdt.JarLifecycleMapping lifecycle mapping for MavenProject: com.irene:productService:0.0.1-SNAPSHOT @ C:\Users\irene\eclipse-workspace\E-Comm_Appln\product-service\pom.xml.
2025-10-08 18:08:08,883 [Worker-10: Updating Maven Project] INFO  o.e.m.j.i.AbstractJavaProjectConfigurator - Adding source folder /order-service/src/main/java
2025-10-08 18:08:08,885 [Worker-10: Updating Maven Project] INFO  o.e.m.j.i.AbstractJavaProjectConfigurator - Adding resource folder /order-service/src/main/resources
2025-10-08 18:08:08,886 [Worker-10: Updating Maven Project] INFO  o.e.m.j.i.AbstractJavaProjectConfigurator - Adding resource folder /order-service/src/main/resources
2025-10-08 18:08:08,887 [Worker-10: Updating Maven Project] INFO  o.e.m.j.i.AbstractJavaProjectConfigurator - Adding source folder /order-service/src/test/java
2025-10-08 18:08:08,888 [Worker-10: Updating Maven Project] INFO  o.e.m.j.i.AbstractJavaProjectConfigurator - Adding resource folder /order-service/src/test/resources
2025-10-08 18:08:09,702 [Worker-10: Updating Maven Project] INFO  o.e.m.j.i.AbstractJavaProjectConfigurator - Adding source folder /product-service/src/main/java
2025-10-08 18:08:09,704 [Worker-10: Updating Maven Project] INFO  o.e.m.j.i.AbstractJavaProjectConfigurator - Adding resource folder /product-service/src/main/resources
2025-10-08 18:08:09,706 [Worker-10: Updating Maven Project] INFO  o.e.m.j.i.AbstractJavaProjectConfigurator - Adding resource folder /product-service/src/main/resources
2025-10-08 18:08:09,708 [Worker-10: Updating Maven Project] INFO  o.e.m.j.i.AbstractJavaProjectConfigurator - Adding source folder /product-service/src/test/java
2025-10-08 18:08:09,710 [Worker-10: Updating Maven Project] INFO  o.e.m.j.i.AbstractJavaProjectConfigurator - Adding resource folder /product-service/src/test/resources
2025-10-08 18:08:10,861 [Worker-10: Updating Maven Project] INFO  o.e.m.c.i.p.ProjectConfigurationManager - Update completed for 2 poms: local refresh takes 0.00 sec, refresh facades takes 4.00 sec, update config takes 1.00 sec 
2025-10-08 18:08:11,759 [Worker-14: Building] INFO  o.a.m.s.f.DefaultMavenResourcesFiltering - Copying 1 resource from src\main\resources to target\classes
2025-10-08 18:08:11,813 [Worker-14: Building] INFO  o.a.m.s.f.DefaultMavenResourcesFiltering - Copying 0 resource from src\main\resources to target\classes
2025-10-08 18:08:11,820 [Worker-14: Building] INFO  o.a.m.s.f.DefaultMavenResourcesFiltering - skip non existing resourceDirectory C:\Users\irene\eclipse-workspace\E-Comm_Appln\order-service\src\test\resources
2025-10-08 18:08:14,512 [Worker-27: Updating Maven Project] INFO  o.e.m.c.i.p.ProjectConfigurationManager - Update started
2025-10-08 18:08:15,128 [Worker-27: Updating Maven Project] INFO  o.e.m.c.i.l.LifecycleMappingFactory - Using org.eclipse.m2e.jdt.JarLifecycleMapping lifecycle mapping for MavenProject: com.irene:orderService:0.0.1-SNAPSHOT @ C:\Users\irene\eclipse-workspace\E-Comm_Appln\order-service\pom.xml.
2025-10-08 18:08:16,975 [Worker-27: Updating Maven Project] INFO  o.e.m.j.i.AbstractJavaProjectConfigurator - Adding source folder /order-service/src/main/java
2025-10-08 18:08:16,977 [Worker-27: Updating Maven Project] INFO  o.e.m.j.i.AbstractJavaProjectConfigurator - Adding resource folder /order-service/src/main/resources
2025-10-08 18:08:16,979 [Worker-27: Updating Maven Project] INFO  o.e.m.j.i.AbstractJavaProjectConfigurator - Adding resource folder /order-service/src/main/resources
2025-10-08 18:08:16,981 [Worker-27: Updating Maven Project] INFO  o.e.m.j.i.AbstractJavaProjectConfigurator - Adding source folder /order-service/src/test/java
2025-10-08 18:08:16,983 [Worker-27: Updating Maven Project] INFO  o.e.m.j.i.AbstractJavaProjectConfigurator - Adding resource folder /order-service/src/test/resources
2025-10-08 18:08:17,864 [Worker-27: Updating Maven Project] INFO  o.e.m.c.i.p.ProjectConfigurationManager - Update completed for 1 poms: local refresh takes 0.00 sec, refresh facades takes 2.00 sec, update config takes 0.00 sec 
2025-10-08 18:08:18,449 [Worker-25: Building] INFO  o.a.m.s.f.DefaultMavenResourcesFiltering - Copying 1 resource from src\main\resources to target\classes
2025-10-08 18:08:18,479 [Worker-25: Building] INFO  o.a.m.s.f.DefaultMavenResourcesFiltering - Copying 0 resource from src\main\resources to target\classes
2025-10-08 18:08:18,488 [Worker-25: Building] INFO  o.a.m.s.f.DefaultMavenResourcesFiltering - skip non existing resourceDirectory C:\Users\irene\eclipse-workspace\E-Comm_Appln\order-service\src\test\resources
2025-10-08 18:08:18,928 [Worker-25: Building] INFO  o.a.m.s.f.DefaultMavenResourcesFiltering - Copying 1 resource from src\main\resources to target\classes
2025-10-08 18:08:18,970 [Worker-25: Building] INFO  o.a.m.s.f.DefaultMavenResourcesFiltering - Copying 0 resource from src\main\resources to target\classes
2025-10-08 18:08:18,977 [Worker-25: Building] INFO  o.a.m.s.f.DefaultMavenResourcesFiltering - skip non existing resourceDirectory C:\Users\irene\eclipse-workspace\E-Comm_Appln\product-service\src\test\resources
2025-10-08 18:08:33,404 [Worker-6: Updating Maven Project] INFO  o.e.m.c.i.p.ProjectConfigurationManager - Update started
2025-10-08 18:08:34,059 [Worker-6: Updating Maven Project] INFO  o.e.m.c.i.l.LifecycleMappingFactory - Using org.eclipse.m2e.jdt.JarLifecycleMapping lifecycle mapping for MavenProject: com.irene:productService:0.0.1-SNAPSHOT @ C:\Users\irene\eclipse-workspace\E-Comm_Appln\product-service\pom.xml.
2025-10-08 18:08:35,519 [Worker-6: Updating Maven Project] INFO  o.e.m.j.i.AbstractJavaProjectConfigurator - Adding source folder /product-service/src/main/java
2025-10-08 18:08:35,520 [Worker-6: Updating Maven Project] INFO  o.e.m.j.i.AbstractJavaProjectConfigurator - Adding resource folder /product-service/src/main/resources
2025-10-08 18:08:35,522 [Worker-6: Updating Maven Project] INFO  o.e.m.j.i.AbstractJavaProjectConfigurator - Adding resource folder /product-service/src/main/resources
2025-10-08 18:08:35,522 [Worker-6: Updating Maven Project] INFO  o.e.m.j.i.AbstractJavaProjectConfigurator - Adding source folder /product-service/src/test/java
2025-10-08 18:08:35,524 [Worker-6: Updating Maven Project] INFO  o.e.m.j.i.AbstractJavaProjectConfigurator - Adding resource folder /product-service/src/test/resources
2025-10-08 18:08:36,279 [Worker-6: Updating Maven Project] INFO  o.e.m.c.i.p.ProjectConfigurationManager - Update completed for 1 poms: local refresh takes 0.00 sec, refresh facades takes 2.00 sec, update config takes 0.00 sec 
2025-10-08 18:08:36,823 [Worker-7: Building] INFO  o.a.m.s.f.DefaultMavenResourcesFiltering - Copying 1 resource from src\main\resources to target\classes
2025-10-08 18:08:36,858 [Worker-7: Building] INFO  o.a.m.s.f.DefaultMavenResourcesFiltering - Copying 0 resource from src\main\resources to target\classes
2025-10-08 18:08:36,865 [Worker-7: Building] INFO  o.a.m.s.f.DefaultMavenResourcesFiltering - skip non existing resourceDirectory C:\Users\irene\eclipse-workspace\E-Comm_Appln\product-service\src\test\resources
2025-10-08 18:20:53,607 [Worker-14: Importing Maven projects] INFO  o.e.m.c.i.e.AbstractTransferListenerAdapter - Downloading https://repo.maven.apache.org/maven2/org/springframework/boot/spring-boot-starter-parent/3.5.6/spring-boot-starter-parent-3.5.6.pom
2025-10-08 18:20:53,677 [Worker-14: Importing Maven projects] INFO  o.e.m.c.i.e.AbstractTransferListenerAdapter - Downloaded https://repo.maven.apache.org/maven2/org/springframework/boot/spring-boot-starter-parent/3.5.6/spring-boot-starter-parent-3.5.6.pom
2025-10-08 18:20:53,748 [Worker-14: Importing Maven projects] INFO  o.e.m.c.i.e.AbstractTransferListenerAdapter - Downloading https://repo.maven.apache.org/maven2/org/springframework/boot/spring-boot-dependencies/3.5.6/spring-boot-dependencies-3.5.6.pom
2025-10-08 18:20:53,840 [Worker-14: Importing Maven projects] INFO  o.e.m.c.i.e.AbstractTransferListenerAdapter - Downloaded https://repo.maven.apache.org/maven2/org/springframework/boot/spring-boot-dependencies/3.5.6/spring-boot-dependencies-3.5.6.pom
2025-10-08 18:20:54,910 [Worker-14: Importing Maven projects] INFO  o.e.m.c.i.e.AbstractTransferListenerAdapter - Downloading https://repo.maven.apache.org/maven2/org/infinispan/infinispan-bom/15.2.6.Final/infinispan-bom-15.2.6.Final.pom
2025-10-08 18:20:54,958 [Worker-14: Importing Maven projects] INFO  o.e.m.c.i.e.AbstractTransferListenerAdapter - Downloaded https://repo.maven.apache.org/maven2/org/infinispan/infinispan-bom/15.2.6.Final/infinispan-bom-15.2.6.Final.pom
2025-10-08 18:20:55,034 [Worker-14: Importing Maven projects] INFO  o.e.m.c.i.e.AbstractTransferListenerAdapter - Downloading https://repo.maven.apache.org/maven2/org/infinispan/infinispan-build-configuration-parent/15.2.6.Final/infinispan-build-configuration-parent-15.2.6.Final.pom
2025-10-08 18:20:55,089 [Worker-14: Importing Maven projects] INFO  o.e.m.c.i.e.AbstractTransferListenerAdapter - Downloaded https://repo.maven.apache.org/maven2/org/infinispan/infinispan-build-configuration-parent/15.2.6.Final/infinispan-build-configuration-parent-15.2.6.Final.pom
2025-10-08 18:20:55,182 [Worker-14: Importing Maven projects] INFO  o.e.m.c.i.e.AbstractTransferListenerAdapter - Downloading https://repo.maven.apache.org/maven2/org/eclipse/jetty/ee10/jetty-ee10-bom/12.0.27/jetty-ee10-bom-12.0.27.pom
2025-10-08 18:20:55,241 [Worker-14: Importing Maven projects] INFO  o.e.m.c.i.e.AbstractTransferListenerAdapter - Downloaded https://repo.maven.apache.org/maven2/org/eclipse/jetty/ee10/jetty-ee10-bom/12.0.27/jetty-ee10-bom-12.0.27.pom
2025-10-08 18:20:55,315 [Worker-14: Importing Maven projects] INFO  o.e.m.c.i.e.AbstractTransferListenerAdapter - Downloading https://repo.maven.apache.org/maven2/org/eclipse/jetty/jetty-bom/12.0.27/jetty-bom-12.0.27.pom
2025-10-08 18:20:55,371 [Worker-14: Importing Maven projects] INFO  o.e.m.c.i.e.AbstractTransferListenerAdapter - Downloaded https://repo.maven.apache.org/maven2/org/eclipse/jetty/jetty-bom/12.0.27/jetty-bom-12.0.27.pom
2025-10-08 18:20:55,451 [Worker-14: Importing Maven projects] INFO  o.e.m.c.i.e.AbstractTransferListenerAdapter - Downloading https://repo.maven.apache.org/maven2/io/micrometer/micrometer-bom/1.15.4/micrometer-bom-1.15.4.pom
2025-10-08 18:20:55,525 [Worker-14: Importing Maven projects] INFO  o.e.m.c.i.e.AbstractTransferListenerAdapter - Downloaded https://repo.maven.apache.org/maven2/io/micrometer/micrometer-bom/1.15.4/micrometer-bom-1.15.4.pom
2025-10-08 18:20:55,591 [Worker-14: Importing Maven projects] INFO  o.e.m.c.i.e.AbstractTransferListenerAdapter - Downloading https://repo.maven.apache.org/maven2/io/micrometer/micrometer-tracing-bom/1.5.4/micrometer-tracing-bom-1.5.4.pom
2025-10-08 18:20:55,635 [Worker-14: Importing Maven projects] INFO  o.e.m.c.i.e.AbstractTransferListenerAdapter - Downloaded https://repo.maven.apache.org/maven2/io/micrometer/micrometer-tracing-bom/1.5.4/micrometer-tracing-bom-1.5.4.pom
2025-10-08 18:20:55,701 [Worker-14: Importing Maven projects] INFO  o.e.m.c.i.e.AbstractTransferListenerAdapter - Downloading https://repo.maven.apache.org/maven2/io/netty/netty-bom/4.1.127.Final/netty-bom-4.1.127.Final.pom
2025-10-08 18:20:55,751 [Worker-14: Importing Maven projects] INFO  o.e.m.c.i.e.AbstractTransferListenerAdapter - Downloaded https://repo.maven.apache.org/maven2/io/netty/netty-bom/4.1.127.Final/netty-bom-4.1.127.Final.pom
2025-10-08 18:20:55,842 [Worker-14: Importing Maven projects] INFO  o.e.m.c.i.e.AbstractTransferListenerAdapter - Downloading https://repo.maven.apache.org/maven2/io/projectreactor/reactor-bom/2024.0.10/reactor-bom-2024.0.10.pom
2025-10-08 18:20:55,891 [Worker-14: Importing Maven projects] INFO  o.e.m.c.i.e.AbstractTransferListenerAdapter - Downloaded https://repo.maven.apache.org/maven2/io/projectreactor/reactor-bom/2024.0.10/reactor-bom-2024.0.10.pom
2025-10-08 18:20:55,955 [Worker-14: Importing Maven projects] INFO  o.e.m.c.i.e.AbstractTransferListenerAdapter - Downloading https://repo.maven.apache.org/maven2/org/springframework/amqp/spring-amqp-bom/3.2.7/spring-amqp-bom-3.2.7.pom
2025-10-08 18:20:56,002 [Worker-14: Importing Maven projects] INFO  o.e.m.c.i.e.AbstractTransferListenerAdapter - Downloaded https://repo.maven.apache.org/maven2/org/springframework/amqp/spring-amqp-bom/3.2.7/spring-amqp-bom-3.2.7.pom
2025-10-08 18:20:56,044 [Worker-14: Importing Maven projects] INFO  o.e.m.c.i.e.AbstractTransferListenerAdapter - Downloading https://repo.maven.apache.org/maven2/org/springframework/batch/spring-batch-bom/5.2.3/spring-batch-bom-5.2.3.pom
2025-10-08 18:20:56,101 [Worker-14: Importing Maven projects] INFO  o.e.m.c.i.e.AbstractTransferListenerAdapter - Downloaded https://repo.maven.apache.org/maven2/org/springframework/batch/spring-batch-bom/5.2.3/spring-batch-bom-5.2.3.pom
2025-10-08 18:20:56,167 [Worker-14: Importing Maven projects] INFO  o.e.m.c.i.e.AbstractTransferListenerAdapter - Downloading https://repo.maven.apache.org/maven2/org/springframework/data/spring-data-bom/2025.0.4/spring-data-bom-2025.0.4.pom
2025-10-08 18:20:56,226 [Worker-14: Importing Maven projects] INFO  o.e.m.c.i.e.AbstractTransferListenerAdapter - Downloaded https://repo.maven.apache.org/maven2/org/springframework/data/spring-data-bom/2025.0.4/spring-data-bom-2025.0.4.pom
2025-10-08 18:20:56,325 [Worker-14: Importing Maven projects] INFO  o.e.m.c.i.e.AbstractTransferListenerAdapter - Downloading https://repo.maven.apache.org/maven2/org/springframework/spring-framework-bom/6.2.11/spring-framework-bom-6.2.11.pom
2025-10-08 18:20:56,370 [Worker-14: Importing Maven projects] INFO  o.e.m.c.i.e.AbstractTransferListenerAdapter - Downloaded https://repo.maven.apache.org/maven2/org/springframework/spring-framework-bom/6.2.11/spring-framework-bom-6.2.11.pom
2025-10-08 18:20:56,414 [Worker-14: Importing Maven projects] INFO  o.e.m.c.i.e.AbstractTransferListenerAdapter - Downloading https://repo.maven.apache.org/maven2/org/springframework/integration/spring-integration-bom/6.5.2/spring-integration-bom-6.5.2.pom
2025-10-08 18:20:56,460 [Worker-14: Importing Maven projects] INFO  o.e.m.c.i.e.AbstractTransferListenerAdapter - Downloaded https://repo.maven.apache.org/maven2/org/springframework/integration/spring-integration-bom/6.5.2/spring-integration-bom-6.5.2.pom
2025-10-08 18:20:56,521 [Worker-14: Importing Maven projects] INFO  o.e.m.c.i.e.AbstractTransferListenerAdapter - Downloading https://repo.maven.apache.org/maven2/org/springframework/pulsar/spring-pulsar-bom/1.2.10/spring-pulsar-bom-1.2.10.pom
2025-10-08 18:20:56,577 [Worker-14: Importing Maven projects] INFO  o.e.m.c.i.e.AbstractTransferListenerAdapter - Downloaded https://repo.maven.apache.org/maven2/org/springframework/pulsar/spring-pulsar-bom/1.2.10/spring-pulsar-bom-1.2.10.pom
2025-10-08 18:20:56,637 [Worker-14: Importing Maven projects] INFO  o.e.m.c.i.e.AbstractTransferListenerAdapter - Downloading https://repo.maven.apache.org/maven2/org/springframework/security/spring-security-bom/6.5.5/spring-security-bom-6.5.5.pom
2025-10-08 18:20:56,683 [Worker-14: Importing Maven projects] INFO  o.e.m.c.i.e.AbstractTransferListenerAdapter - Downloaded https://repo.maven.apache.org/maven2/org/springframework/security/spring-security-bom/6.5.5/spring-security-bom-6.5.5.pom
2025-10-08 18:20:57,781 [Worker-14: Importing Maven projects] INFO  o.e.m.c.i.e.AbstractTransferListenerAdapter - Downloading https://repo.maven.apache.org/maven2/org/springframework/boot/spring-boot-maven-plugin/3.5.6/spring-boot-maven-plugin-3.5.6.pom
2025-10-08 18:20:57,900 [Worker-14: Importing Maven projects] INFO  o.e.m.c.i.e.AbstractTransferListenerAdapter - Downloaded https://repo.maven.apache.org/maven2/org/springframework/boot/spring-boot-maven-plugin/3.5.6/spring-boot-maven-plugin-3.5.6.pom
2025-10-08 18:20:57,956 [Worker-14: Importing Maven projects] INFO  o.e.m.c.i.e.AbstractTransferListenerAdapter - Downloading https://repo.maven.apache.org/maven2/org/springframework/boot/spring-boot-maven-plugin/3.5.6/spring-boot-maven-plugin-3.5.6.jar
2025-10-08 18:20:58,029 [Worker-14: Importing Maven projects] INFO  o.e.m.c.i.e.AbstractTransferListenerAdapter - Downloaded https://repo.maven.apache.org/maven2/org/springframework/boot/spring-boot-maven-plugin/3.5.6/spring-boot-maven-plugin-3.5.6.jar
2025-10-08 18:20:58,144 [Worker-14: Importing Maven projects] INFO  o.e.m.c.i.e.AbstractTransferListenerAdapter - Downloading https://repo.maven.apache.org/maven2/org/apache/maven/plugins/maven-surefire-plugin/3.5.4/maven-surefire-plugin-3.5.4.jar
2025-10-08 18:20:58,582 [Worker-14: Importing Maven projects] INFO  o.e.m.c.i.e.AbstractTransferListenerAdapter - Downloaded https://repo.maven.apache.org/maven2/org/apache/maven/plugins/maven-surefire-plugin/3.5.4/maven-surefire-plugin-3.5.4.jar
2025-10-08 18:20:58,874 [Worker-14: Importing Maven projects] INFO  o.e.m.c.i.l.LifecycleMappingFactory - Using org.eclipse.m2e.jdt.JarLifecycleMapping lifecycle mapping for MavenProject: com.irene:service-registry:0.0.1-SNAPSHOT @ C:\Users\irene\eclipse-workspace\E-Comm_Appln\service-registry\pom.xml.
2025-10-08 18:20:58,916 [Worker-14: Importing Maven projects] INFO  o.e.m.c.i.e.AbstractTransferListenerAdapter - Downloading https://repo.maven.apache.org/maven2/org/springframework/boot/spring-boot-starter-web/3.5.6/spring-boot-starter-web-3.5.6.pom
2025-10-08 18:20:58,962 [Worker-14: Importing Maven projects] INFO  o.e.m.c.i.e.AbstractTransferListenerAdapter - Downloaded https://repo.maven.apache.org/maven2/org/springframework/boot/spring-boot-starter-web/3.5.6/spring-boot-starter-web-3.5.6.pom
2025-10-08 18:20:59,005 [Worker-14: Importing Maven projects] INFO  o.e.m.c.i.e.AbstractTransferListenerAdapter - Downloading https://repo.maven.apache.org/maven2/org/springframework/boot/spring-boot-starter/3.5.6/spring-boot-starter-3.5.6.pom
2025-10-08 18:20:59,051 [Worker-14: Importing Maven projects] INFO  o.e.m.c.i.e.AbstractTransferListenerAdapter - Downloaded https://repo.maven.apache.org/maven2/org/springframework/boot/spring-boot-starter/3.5.6/spring-boot-starter-3.5.6.pom
2025-10-08 18:20:59,092 [Worker-14: Importing Maven projects] INFO  o.e.m.c.i.e.AbstractTransferListenerAdapter - Downloading https://repo.maven.apache.org/maven2/org/springframework/boot/spring-boot/3.5.6/spring-boot-3.5.6.pom
2025-10-08 18:20:59,140 [Worker-14: Importing Maven projects] INFO  o.e.m.c.i.e.AbstractTransferListenerAdapter - Downloaded https://repo.maven.apache.org/maven2/org/springframework/boot/spring-boot/3.5.6/spring-boot-3.5.6.pom
2025-10-08 18:20:59,195 [Worker-14: Importing Maven projects] INFO  o.e.m.c.i.e.AbstractTransferListenerAdapter - Downloading https://repo.maven.apache.org/maven2/org/springframework/spring-core/6.2.11/spring-core-6.2.11.pom
2025-10-08 18:20:59,242 [Worker-14: Importing Maven projects] INFO  o.e.m.c.i.e.AbstractTransferListenerAdapter - Downloaded https://repo.maven.apache.org/maven2/org/springframework/spring-core/6.2.11/spring-core-6.2.11.pom
2025-10-08 18:20:59,284 [Worker-14: Importing Maven projects] INFO  o.e.m.c.i.e.AbstractTransferListenerAdapter - Downloading https://repo.maven.apache.org/maven2/org/springframework/spring-jcl/6.2.11/spring-jcl-6.2.11.pom
2025-10-08 18:20:59,331 [Worker-14: Importing Maven projects] INFO  o.e.m.c.i.e.AbstractTransferListenerAdapter - Downloaded https://repo.maven.apache.org/maven2/org/springframework/spring-jcl/6.2.11/spring-jcl-6.2.11.pom
2025-10-08 18:20:59,379 [Worker-14: Importing Maven projects] INFO  o.e.m.c.i.e.AbstractTransferListenerAdapter - Downloading https://repo.maven.apache.org/maven2/org/springframework/spring-context/6.2.11/spring-context-6.2.11.pom
2025-10-08 18:20:59,425 [Worker-14: Importing Maven projects] INFO  o.e.m.c.i.e.AbstractTransferListenerAdapter - Downloaded https://repo.maven.apache.org/maven2/org/springframework/spring-context/6.2.11/spring-context-6.2.11.pom
2025-10-08 18:20:59,476 [Worker-14: Importing Maven projects] INFO  o.e.m.c.i.e.AbstractTransferListenerAdapter - Downloading https://repo.maven.apache.org/maven2/org/springframework/spring-aop/6.2.11/spring-aop-6.2.11.pom
2025-10-08 18:20:59,523 [Worker-14: Importing Maven projects] INFO  o.e.m.c.i.e.AbstractTransferListenerAdapter - Downloaded https://repo.maven.apache.org/maven2/org/springframework/spring-aop/6.2.11/spring-aop-6.2.11.pom
2025-10-08 18:20:59,581 [Worker-14: Importing Maven projects] INFO  o.e.m.c.i.e.AbstractTransferListenerAdapter - Downloading https://repo.maven.apache.org/maven2/org/springframework/spring-beans/6.2.11/spring-beans-6.2.11.pom
2025-10-08 18:20:59,631 [Worker-14: Importing Maven projects] INFO  o.e.m.c.i.e.AbstractTransferListenerAdapter - Downloaded https://repo.maven.apache.org/maven2/org/springframework/spring-beans/6.2.11/spring-beans-6.2.11.pom
2025-10-08 18:20:59,678 [Worker-14: Importing Maven projects] INFO  o.e.m.c.i.e.AbstractTransferListenerAdapter - Downloading https://repo.maven.apache.org/maven2/org/springframework/spring-expression/6.2.11/spring-expression-6.2.11.pom
2025-10-08 18:20:59,728 [Worker-14: Importing Maven projects] INFO  o.e.m.c.i.e.AbstractTransferListenerAdapter - Downloaded https://repo.maven.apache.org/maven2/org/springframework/spring-expression/6.2.11/spring-expression-6.2.11.pom
2025-10-08 18:20:59,772 [Worker-14: Importing Maven projects] INFO  o.e.m.c.i.e.AbstractTransferListenerAdapter - Downloading https://repo.maven.apache.org/maven2/io/micrometer/micrometer-observation/1.15.4/micrometer-observation-1.15.4.pom
2025-10-08 18:20:59,821 [Worker-14: Importing Maven projects] INFO  o.e.m.c.i.e.AbstractTransferListenerAdapter - Downloaded https://repo.maven.apache.org/maven2/io/micrometer/micrometer-observation/1.15.4/micrometer-observation-1.15.4.pom
2025-10-08 18:20:59,864 [Worker-14: Importing Maven projects] INFO  o.e.m.c.i.e.AbstractTransferListenerAdapter - Downloading https://repo.maven.apache.org/maven2/io/micrometer/micrometer-commons/1.15.4/micrometer-commons-1.15.4.pom
2025-10-08 18:20:59,910 [Worker-14: Importing Maven projects] INFO  o.e.m.c.i.e.AbstractTransferListenerAdapter - Downloaded https://repo.maven.apache.org/maven2/io/micrometer/micrometer-commons/1.15.4/micrometer-commons-1.15.4.pom
2025-10-08 18:20:59,953 [Worker-14: Importing Maven projects] INFO  o.e.m.c.i.e.AbstractTransferListenerAdapter - Downloading https://repo.maven.apache.org/maven2/org/springframework/boot/spring-boot-autoconfigure/3.5.6/spring-boot-autoconfigure-3.5.6.pom
2025-10-08 18:21:00,001 [Worker-14: Importing Maven projects] INFO  o.e.m.c.i.e.AbstractTransferListenerAdapter - Downloaded https://repo.maven.apache.org/maven2/org/springframework/boot/spring-boot-autoconfigure/3.5.6/spring-boot-autoconfigure-3.5.6.pom
2025-10-08 18:21:00,057 [Worker-14: Importing Maven projects] INFO  o.e.m.c.i.e.AbstractTransferListenerAdapter - Downloading https://repo.maven.apache.org/maven2/org/springframework/boot/spring-boot-starter-logging/3.5.6/spring-boot-starter-logging-3.5.6.pom
2025-10-08 18:21:00,115 [Worker-14: Importing Maven projects] INFO  o.e.m.c.i.e.AbstractTransferListenerAdapter - Downloaded https://repo.maven.apache.org/maven2/org/springframework/boot/spring-boot-starter-logging/3.5.6/spring-boot-starter-logging-3.5.6.pom
2025-10-08 18:21:00,219 [Worker-14: Importing Maven projects] INFO  o.e.m.c.i.e.AbstractTransferListenerAdapter - Downloading https://repo.maven.apache.org/maven2/org/springframework/boot/spring-boot-starter-json/3.5.6/spring-boot-starter-json-3.5.6.pom
2025-10-08 18:21:00,278 [Worker-14: Importing Maven projects] INFO  o.e.m.c.i.e.AbstractTransferListenerAdapter - Downloaded https://repo.maven.apache.org/maven2/org/springframework/boot/spring-boot-starter-json/3.5.6/spring-boot-starter-json-3.5.6.pom
2025-10-08 18:21:00,323 [Worker-14: Importing Maven projects] INFO  o.e.m.c.i.e.AbstractTransferListenerAdapter - Downloading https://repo.maven.apache.org/maven2/org/springframework/spring-web/6.2.11/spring-web-6.2.11.pom
2025-10-08 18:21:00,380 [Worker-14: Importing Maven projects] INFO  o.e.m.c.i.e.AbstractTransferListenerAdapter - Downloaded https://repo.maven.apache.org/maven2/org/springframework/spring-web/6.2.11/spring-web-6.2.11.pom
2025-10-08 18:21:00,465 [Worker-14: Importing Maven projects] INFO  o.e.m.c.i.e.AbstractTransferListenerAdapter - Downloading https://repo.maven.apache.org/maven2/org/springframework/boot/spring-boot-starter-tomcat/3.5.6/spring-boot-starter-tomcat-3.5.6.pom
2025-10-08 18:21:00,519 [Worker-14: Importing Maven projects] INFO  o.e.m.c.i.e.AbstractTransferListenerAdapter - Downloaded https://repo.maven.apache.org/maven2/org/springframework/boot/spring-boot-starter-tomcat/3.5.6/spring-boot-starter-tomcat-3.5.6.pom
2025-10-08 18:21:00,566 [Worker-14: Importing Maven projects] INFO  o.e.m.c.i.e.AbstractTransferListenerAdapter - Downloading https://repo.maven.apache.org/maven2/org/apache/tomcat/embed/tomcat-embed-core/10.1.46/tomcat-embed-core-10.1.46.pom
2025-10-08 18:21:00,615 [Worker-14: Importing Maven projects] INFO  o.e.m.c.i.e.AbstractTransferListenerAdapter - Downloaded https://repo.maven.apache.org/maven2/org/apache/tomcat/embed/tomcat-embed-core/10.1.46/tomcat-embed-core-10.1.46.pom
2025-10-08 18:21:00,655 [Worker-14: Importing Maven projects] INFO  o.e.m.c.i.e.AbstractTransferListenerAdapter - Downloading https://repo.maven.apache.org/maven2/org/apache/tomcat/embed/tomcat-embed-el/10.1.46/tomcat-embed-el-10.1.46.pom
2025-10-08 18:21:00,709 [Worker-14: Importing Maven projects] INFO  o.e.m.c.i.e.AbstractTransferListenerAdapter - Downloaded https://repo.maven.apache.org/maven2/org/apache/tomcat/embed/tomcat-embed-el/10.1.46/tomcat-embed-el-10.1.46.pom
2025-10-08 18:21:00,767 [Worker-14: Importing Maven projects] INFO  o.e.m.c.i.e.AbstractTransferListenerAdapter - Downloading https://repo.maven.apache.org/maven2/org/apache/tomcat/embed/tomcat-embed-websocket/10.1.46/tomcat-embed-websocket-10.1.46.pom
2025-10-08 18:21:00,811 [Worker-14: Importing Maven projects] INFO  o.e.m.c.i.e.AbstractTransferListenerAdapter - Downloaded https://repo.maven.apache.org/maven2/org/apache/tomcat/embed/tomcat-embed-websocket/10.1.46/tomcat-embed-websocket-10.1.46.pom
2025-10-08 18:21:00,862 [Worker-14: Importing Maven projects] INFO  o.e.m.c.i.e.AbstractTransferListenerAdapter - Downloading https://repo.maven.apache.org/maven2/org/springframework/spring-webmvc/6.2.11/spring-webmvc-6.2.11.pom
2025-10-08 18:21:00,907 [Worker-14: Importing Maven projects] INFO  o.e.m.c.i.e.AbstractTransferListenerAdapter - Downloaded https://repo.maven.apache.org/maven2/org/springframework/spring-webmvc/6.2.11/spring-webmvc-6.2.11.pom
2025-10-08 18:21:00,951 [Worker-14: Importing Maven projects] INFO  o.e.m.c.i.e.AbstractTransferListenerAdapter - Downloading https://repo.maven.apache.org/maven2/org/springframework/cloud/spring-cloud-starter-netflix-eureka-server/4.3.0/spring-cloud-starter-netflix-eureka-server-4.3.0.pom
2025-10-08 18:21:01,000 [Worker-14: Importing Maven projects] INFO  o.e.m.c.i.e.AbstractTransferListenerAdapter - Downloaded https://repo.maven.apache.org/maven2/org/springframework/cloud/spring-cloud-starter-netflix-eureka-server/4.3.0/spring-cloud-starter-netflix-eureka-server-4.3.0.pom
2025-10-08 18:21:02,491 [Worker-14: Importing Maven projects] INFO  o.e.m.c.i.e.AbstractTransferListenerAdapter - Downloading https://repo.maven.apache.org/maven2/org/springframework/security/spring-security-crypto/6.5.5/spring-security-crypto-6.5.5.pom
2025-10-08 18:21:02,547 [Worker-14: Importing Maven projects] INFO  o.e.m.c.i.e.AbstractTransferListenerAdapter - Downloaded https://repo.maven.apache.org/maven2/org/springframework/security/spring-security-crypto/6.5.5/spring-security-crypto-6.5.5.pom
2025-10-08 18:21:02,676 [Worker-14: Importing Maven projects] INFO  o.e.m.c.i.e.AbstractTransferListenerAdapter - Downloading https://repo.maven.apache.org/maven2/org/springframework/cloud/spring-cloud-netflix-eureka-server/4.3.0/spring-cloud-netflix-eureka-server-4.3.0.pom
2025-10-08 18:21:02,722 [Worker-14: Importing Maven projects] INFO  o.e.m.c.i.e.AbstractTransferListenerAdapter - Downloaded https://repo.maven.apache.org/maven2/org/springframework/cloud/spring-cloud-netflix-eureka-server/4.3.0/spring-cloud-netflix-eureka-server-4.3.0.pom
2025-10-08 18:21:02,771 [Worker-14: Importing Maven projects] INFO  o.e.m.c.i.e.AbstractTransferListenerAdapter - Downloading https://repo.maven.apache.org/maven2/org/springframework/boot/spring-boot-starter-actuator/3.5.6/spring-boot-starter-actuator-3.5.6.pom
2025-10-08 18:21:02,820 [Worker-14: Importing Maven projects] INFO  o.e.m.c.i.e.AbstractTransferListenerAdapter - Downloaded https://repo.maven.apache.org/maven2/org/springframework/boot/spring-boot-starter-actuator/3.5.6/spring-boot-starter-actuator-3.5.6.pom
2025-10-08 18:21:02,866 [Worker-14: Importing Maven projects] INFO  o.e.m.c.i.e.AbstractTransferListenerAdapter - Downloading https://repo.maven.apache.org/maven2/org/springframework/boot/spring-boot-actuator-autoconfigure/3.5.6/spring-boot-actuator-autoconfigure-3.5.6.pom
2025-10-08 18:21:02,920 [Worker-14: Importing Maven projects] INFO  o.e.m.c.i.e.AbstractTransferListenerAdapter - Downloaded https://repo.maven.apache.org/maven2/org/springframework/boot/spring-boot-actuator-autoconfigure/3.5.6/spring-boot-actuator-autoconfigure-3.5.6.pom
2025-10-08 18:21:02,964 [Worker-14: Importing Maven projects] INFO  o.e.m.c.i.e.AbstractTransferListenerAdapter - Downloading https://repo.maven.apache.org/maven2/org/springframework/boot/spring-boot-actuator/3.5.6/spring-boot-actuator-3.5.6.pom
2025-10-08 18:21:03,012 [Worker-14: Importing Maven projects] INFO  o.e.m.c.i.e.AbstractTransferListenerAdapter - Downloaded https://repo.maven.apache.org/maven2/org/springframework/boot/spring-boot-actuator/3.5.6/spring-boot-actuator-3.5.6.pom
2025-10-08 18:21:03,069 [Worker-14: Importing Maven projects] INFO  o.e.m.c.i.e.AbstractTransferListenerAdapter - Downloading https://repo.maven.apache.org/maven2/io/micrometer/micrometer-jakarta9/1.15.4/micrometer-jakarta9-1.15.4.pom
2025-10-08 18:21:03,113 [Worker-14: Importing Maven projects] INFO  o.e.m.c.i.e.AbstractTransferListenerAdapter - Downloaded https://repo.maven.apache.org/maven2/io/micrometer/micrometer-jakarta9/1.15.4/micrometer-jakarta9-1.15.4.pom
2025-10-08 18:21:03,154 [Worker-14: Importing Maven projects] INFO  o.e.m.c.i.e.AbstractTransferListenerAdapter - Downloading https://repo.maven.apache.org/maven2/io/micrometer/micrometer-core/1.15.4/micrometer-core-1.15.4.pom
2025-10-08 18:21:03,204 [Worker-14: Importing Maven projects] INFO  o.e.m.c.i.e.AbstractTransferListenerAdapter - Downloaded https://repo.maven.apache.org/maven2/io/micrometer/micrometer-core/1.15.4/micrometer-core-1.15.4.pom
2025-10-08 18:21:03,263 [Worker-14: Importing Maven projects] INFO  o.e.m.c.i.e.AbstractTransferListenerAdapter - Downloading https://repo.maven.apache.org/maven2/org/hdrhistogram/HdrHistogram/2.2.2/HdrHistogram-2.2.2.pom
2025-10-08 18:21:03,318 [Worker-14: Importing Maven projects] INFO  o.e.m.c.i.e.AbstractTransferListenerAdapter - Downloaded https://repo.maven.apache.org/maven2/org/hdrhistogram/HdrHistogram/2.2.2/HdrHistogram-2.2.2.pom
2025-10-08 18:21:03,391 [Worker-14: Importing Maven projects] INFO  o.e.m.c.i.e.AbstractTransferListenerAdapter - Downloading https://repo.maven.apache.org/maven2/org/latencyutils/LatencyUtils/2.0.3/LatencyUtils-2.0.3.pom
2025-10-08 18:21:03,434 [Worker-14: Importing Maven projects] INFO  o.e.m.c.i.e.AbstractTransferListenerAdapter - Downloaded https://repo.maven.apache.org/maven2/org/latencyutils/LatencyUtils/2.0.3/LatencyUtils-2.0.3.pom
2025-10-08 18:21:03,481 [Worker-14: Importing Maven projects] INFO  o.e.m.c.i.e.AbstractTransferListenerAdapter - Downloading https://repo.maven.apache.org/maven2/org/springframework/boot/spring-boot-starter-freemarker/3.5.6/spring-boot-starter-freemarker-3.5.6.pom
2025-10-08 18:21:03,528 [Worker-14: Importing Maven projects] INFO  o.e.m.c.i.e.AbstractTransferListenerAdapter - Downloaded https://repo.maven.apache.org/maven2/org/springframework/boot/spring-boot-starter-freemarker/3.5.6/spring-boot-starter-freemarker-3.5.6.pom
2025-10-08 18:21:03,580 [Worker-14: Importing Maven projects] INFO  o.e.m.c.i.e.AbstractTransferListenerAdapter - Downloading https://repo.maven.apache.org/maven2/org/freemarker/freemarker/2.3.34/freemarker-2.3.34.pom
2025-10-08 18:21:03,628 [Worker-14: Importing Maven projects] INFO  o.e.m.c.i.e.AbstractTransferListenerAdapter - Downloaded https://repo.maven.apache.org/maven2/org/freemarker/freemarker/2.3.34/freemarker-2.3.34.pom
2025-10-08 18:21:03,683 [Worker-14: Importing Maven projects] INFO  o.e.m.c.i.e.AbstractTransferListenerAdapter - Downloading https://repo.maven.apache.org/maven2/org/springframework/spring-context-support/6.2.11/spring-context-support-6.2.11.pom
2025-10-08 18:21:03,729 [Worker-14: Importing Maven projects] INFO  o.e.m.c.i.e.AbstractTransferListenerAdapter - Downloaded https://repo.maven.apache.org/maven2/org/springframework/spring-context-support/6.2.11/spring-context-support-6.2.11.pom
2025-10-08 18:21:05,036 [Worker-14: Importing Maven projects] INFO  o.e.m.c.i.e.AbstractTransferListenerAdapter - Downloading https://repo.maven.apache.org/maven2/com/google/code/gson/gson/2.13.2/gson-2.13.2.pom
2025-10-08 18:21:05,086 [Worker-14: Importing Maven projects] INFO  o.e.m.c.i.e.AbstractTransferListenerAdapter - Downloaded https://repo.maven.apache.org/maven2/com/google/code/gson/gson/2.13.2/gson-2.13.2.pom
2025-10-08 18:21:05,155 [Worker-14: Importing Maven projects] INFO  o.e.m.c.i.e.AbstractTransferListenerAdapter - Downloading https://repo.maven.apache.org/maven2/com/google/code/gson/gson-parent/2.13.2/gson-parent-2.13.2.pom
2025-10-08 18:21:05,212 [Worker-14: Importing Maven projects] INFO  o.e.m.c.i.e.AbstractTransferListenerAdapter - Downloaded https://repo.maven.apache.org/maven2/com/google/code/gson/gson-parent/2.13.2/gson-parent-2.13.2.pom
2025-10-08 18:21:05,276 [Worker-14: Importing Maven projects] INFO  o.e.m.c.i.e.AbstractTransferListenerAdapter - Downloading https://repo.maven.apache.org/maven2/com/google/errorprone/error_prone_annotations/2.41.0/error_prone_annotations-2.41.0.pom
2025-10-08 18:21:05,319 [Worker-14: Importing Maven projects] INFO  o.e.m.c.i.e.AbstractTransferListenerAdapter - Downloaded https://repo.maven.apache.org/maven2/com/google/errorprone/error_prone_annotations/2.41.0/error_prone_annotations-2.41.0.pom
2025-10-08 18:21:05,382 [Worker-14: Importing Maven projects] INFO  o.e.m.c.i.e.AbstractTransferListenerAdapter - Downloading https://repo.maven.apache.org/maven2/com/google/errorprone/error_prone_parent/2.41.0/error_prone_parent-2.41.0.pom
2025-10-08 18:21:05,436 [Worker-14: Importing Maven projects] INFO  o.e.m.c.i.e.AbstractTransferListenerAdapter - Downloaded https://repo.maven.apache.org/maven2/com/google/errorprone/error_prone_parent/2.41.0/error_prone_parent-2.41.0.pom
2025-10-08 18:21:05,892 [Worker-14: Importing Maven projects] INFO  o.e.m.c.i.e.AbstractTransferListenerAdapter - Downloading https://repo.maven.apache.org/maven2/org/apache/httpcomponents/core5/httpcore5/5.3.5/httpcore5-5.3.5.pom
2025-10-08 18:21:05,941 [Worker-14: Importing Maven projects] INFO  o.e.m.c.i.e.AbstractTransferListenerAdapter - Downloaded https://repo.maven.apache.org/maven2/org/apache/httpcomponents/core5/httpcore5/5.3.5/httpcore5-5.3.5.pom
2025-10-08 18:21:05,998 [Worker-14: Importing Maven projects] INFO  o.e.m.c.i.e.AbstractTransferListenerAdapter - Downloading https://repo.maven.apache.org/maven2/org/apache/httpcomponents/core5/httpcore5-parent/5.3.5/httpcore5-parent-5.3.5.pom
2025-10-08 18:21:06,073 [Worker-14: Importing Maven projects] INFO  o.e.m.c.i.e.AbstractTransferListenerAdapter - Downloaded https://repo.maven.apache.org/maven2/org/apache/httpcomponents/core5/httpcore5-parent/5.3.5/httpcore5-parent-5.3.5.pom
2025-10-08 18:21:06,189 [Worker-14: Importing Maven projects] INFO  o.e.m.c.i.e.AbstractTransferListenerAdapter - Downloading https://repo.maven.apache.org/maven2/org/apache/httpcomponents/core5/httpcore5-h2/5.3.5/httpcore5-h2-5.3.5.pom
2025-10-08 18:21:06,244 [Worker-14: Importing Maven projects] INFO  o.e.m.c.i.e.AbstractTransferListenerAdapter - Downloaded https://repo.maven.apache.org/maven2/org/apache/httpcomponents/core5/httpcore5-h2/5.3.5/httpcore5-h2-5.3.5.pom
2025-10-08 18:21:06,310 [Worker-14: Importing Maven projects] INFO  o.e.m.c.i.e.AbstractTransferListenerAdapter - Downloading https://repo.maven.apache.org/maven2/com/netflix/eureka/eureka-client-jersey3/2.0.4/eureka-client-jersey3-2.0.4.pom
2025-10-08 18:21:06,353 [Worker-14: Importing Maven projects] INFO  o.e.m.c.i.e.AbstractTransferListenerAdapter - Downloaded https://repo.maven.apache.org/maven2/com/netflix/eureka/eureka-client-jersey3/2.0.4/eureka-client-jersey3-2.0.4.pom
2025-10-08 18:21:06,414 [Worker-14: Importing Maven projects] INFO  o.e.m.c.i.e.AbstractTransferListenerAdapter - Downloading https://repo.maven.apache.org/maven2/org/glassfish/jersey/core/jersey-client/3.1.11/jersey-client-3.1.11.pom
2025-10-08 18:21:06,457 [Worker-14: Importing Maven projects] INFO  o.e.m.c.i.e.AbstractTransferListenerAdapter - Downloaded https://repo.maven.apache.org/maven2/org/glassfish/jersey/core/jersey-client/3.1.11/jersey-client-3.1.11.pom
2025-10-08 18:21:06,508 [Worker-14: Importing Maven projects] INFO  o.e.m.c.i.e.AbstractTransferListenerAdapter - Downloading https://repo.maven.apache.org/maven2/org/glassfish/jersey/project/3.1.11/project-3.1.11.pom
2025-10-08 18:21:06,571 [Worker-14: Importing Maven projects] INFO  o.e.m.c.i.e.AbstractTransferListenerAdapter - Downloaded https://repo.maven.apache.org/maven2/org/glassfish/jersey/project/3.1.11/project-3.1.11.pom
2025-10-08 18:21:06,642 [Worker-14: Importing Maven projects] INFO  o.e.m.c.i.e.AbstractTransferListenerAdapter - Downloading https://repo.maven.apache.org/maven2/org/glassfish/jersey/core/jersey-common/3.1.11/jersey-common-3.1.11.pom
2025-10-08 18:21:06,691 [Worker-14: Importing Maven projects] INFO  o.e.m.c.i.e.AbstractTransferListenerAdapter - Downloaded https://repo.maven.apache.org/maven2/org/glassfish/jersey/core/jersey-common/3.1.11/jersey-common-3.1.11.pom
2025-10-08 18:21:06,759 [Worker-14: Importing Maven projects] INFO  o.e.m.c.i.e.AbstractTransferListenerAdapter - Downloading https://repo.maven.apache.org/maven2/org/glassfish/hk2/osgi-resource-locator/1.0.3/osgi-resource-locator-1.0.3.pom
2025-10-08 18:21:06,805 [Worker-14: Importing Maven projects] INFO  o.e.m.c.i.e.AbstractTransferListenerAdapter - Downloaded https://repo.maven.apache.org/maven2/org/glassfish/hk2/osgi-resource-locator/1.0.3/osgi-resource-locator-1.0.3.pom
2025-10-08 18:21:06,844 [Worker-14: Importing Maven projects] INFO  o.e.m.c.i.e.AbstractTransferListenerAdapter - Downloading https://repo.maven.apache.org/maven2/org/eclipse/ee4j/project/1.0.5/project-1.0.5.pom
2025-10-08 18:21:06,896 [Worker-14: Importing Maven projects] INFO  o.e.m.c.i.e.AbstractTransferListenerAdapter - Downloaded https://repo.maven.apache.org/maven2/org/eclipse/ee4j/project/1.0.5/project-1.0.5.pom
2025-10-08 18:21:06,961 [Worker-14: Importing Maven projects] INFO  o.e.m.c.i.e.AbstractTransferListenerAdapter - Downloading https://repo.maven.apache.org/maven2/org/glassfish/jersey/inject/jersey-hk2/3.1.11/jersey-hk2-3.1.11.pom
2025-10-08 18:21:07,007 [Worker-14: Importing Maven projects] INFO  o.e.m.c.i.e.AbstractTransferListenerAdapter - Downloaded https://repo.maven.apache.org/maven2/org/glassfish/jersey/inject/jersey-hk2/3.1.11/jersey-hk2-3.1.11.pom
2025-10-08 18:21:07,053 [Worker-14: Importing Maven projects] INFO  o.e.m.c.i.e.AbstractTransferListenerAdapter - Downloading https://repo.maven.apache.org/maven2/org/glassfish/jersey/inject/project/3.1.11/project-3.1.11.pom
2025-10-08 18:21:07,096 [Worker-14: Importing Maven projects] INFO  o.e.m.c.i.e.AbstractTransferListenerAdapter - Downloaded https://repo.maven.apache.org/maven2/org/glassfish/jersey/inject/project/3.1.11/project-3.1.11.pom
2025-10-08 18:21:07,150 [Worker-14: Importing Maven projects] INFO  o.e.m.c.i.e.AbstractTransferListenerAdapter - Downloading https://repo.maven.apache.org/maven2/org/glassfish/hk2/hk2-locator/3.0.6/hk2-locator-3.0.6.pom
2025-10-08 18:21:07,198 [Worker-14: Importing Maven projects] INFO  o.e.m.c.i.e.AbstractTransferListenerAdapter - Downloaded https://repo.maven.apache.org/maven2/org/glassfish/hk2/hk2-locator/3.0.6/hk2-locator-3.0.6.pom
2025-10-08 18:21:07,238 [Worker-14: Importing Maven projects] INFO  o.e.m.c.i.e.AbstractTransferListenerAdapter - Downloading https://repo.maven.apache.org/maven2/org/glassfish/hk2/hk2-parent/3.0.6/hk2-parent-3.0.6.pom
2025-10-08 18:21:07,296 [Worker-14: Importing Maven projects] INFO  o.e.m.c.i.e.AbstractTransferListenerAdapter - Downloaded https://repo.maven.apache.org/maven2/org/glassfish/hk2/hk2-parent/3.0.6/hk2-parent-3.0.6.pom
2025-10-08 18:21:07,371 [Worker-14: Importing Maven projects] INFO  o.e.m.c.i.e.AbstractTransferListenerAdapter - Downloading https://repo.maven.apache.org/maven2/org/glassfish/hk2/external/aopalliance-repackaged/3.0.6/aopalliance-repackaged-3.0.6.pom
2025-10-08 18:21:07,417 [Worker-14: Importing Maven projects] INFO  o.e.m.c.i.e.AbstractTransferListenerAdapter - Downloaded https://repo.maven.apache.org/maven2/org/glassfish/hk2/external/aopalliance-repackaged/3.0.6/aopalliance-repackaged-3.0.6.pom
2025-10-08 18:21:07,463 [Worker-14: Importing Maven projects] INFO  o.e.m.c.i.e.AbstractTransferListenerAdapter - Downloading https://repo.maven.apache.org/maven2/org/glassfish/hk2/external/3.0.6/external-3.0.6.pom
2025-10-08 18:21:07,506 [Worker-14: Importing Maven projects] INFO  o.e.m.c.i.e.AbstractTransferListenerAdapter - Downloaded https://repo.maven.apache.org/maven2/org/glassfish/hk2/external/3.0.6/external-3.0.6.pom
2025-10-08 18:21:07,545 [Worker-14: Importing Maven projects] INFO  o.e.m.c.i.e.AbstractTransferListenerAdapter - Downloading https://repo.maven.apache.org/maven2/org/glassfish/hk2/hk2-api/3.0.6/hk2-api-3.0.6.pom
2025-10-08 18:21:07,596 [Worker-14: Importing Maven projects] INFO  o.e.m.c.i.e.AbstractTransferListenerAdapter - Downloaded https://repo.maven.apache.org/maven2/org/glassfish/hk2/hk2-api/3.0.6/hk2-api-3.0.6.pom
2025-10-08 18:21:07,642 [Worker-14: Importing Maven projects] INFO  o.e.m.c.i.e.AbstractTransferListenerAdapter - Downloading https://repo.maven.apache.org/maven2/org/glassfish/hk2/hk2-utils/3.0.6/hk2-utils-3.0.6.pom
2025-10-08 18:21:07,685 [Worker-14: Importing Maven projects] INFO  o.e.m.c.i.e.AbstractTransferListenerAdapter - Downloaded https://repo.maven.apache.org/maven2/org/glassfish/hk2/hk2-utils/3.0.6/hk2-utils-3.0.6.pom
2025-10-08 18:21:07,726 [Worker-14: Importing Maven projects] INFO  o.e.m.c.i.e.AbstractTransferListenerAdapter - Downloading https://repo.maven.apache.org/maven2/org/javassist/javassist/3.30.2-GA/javassist-3.30.2-GA.pom
2025-10-08 18:21:07,787 [Worker-14: Importing Maven projects] INFO  o.e.m.c.i.e.AbstractTransferListenerAdapter - Downloaded https://repo.maven.apache.org/maven2/org/javassist/javassist/3.30.2-GA/javassist-3.30.2-GA.pom
2025-10-08 18:21:07,854 [Worker-14: Importing Maven projects] INFO  o.e.m.c.i.e.AbstractTransferListenerAdapter - Downloading https://repo.maven.apache.org/maven2/org/glassfish/jersey/connectors/jersey-apache-connector/3.1.11/jersey-apache-connector-3.1.11.pom
2025-10-08 18:21:07,905 [Worker-14: Importing Maven projects] INFO  o.e.m.c.i.e.AbstractTransferListenerAdapter - Downloaded https://repo.maven.apache.org/maven2/org/glassfish/jersey/connectors/jersey-apache-connector/3.1.11/jersey-apache-connector-3.1.11.pom
2025-10-08 18:21:07,960 [Worker-14: Importing Maven projects] INFO  o.e.m.c.i.e.AbstractTransferListenerAdapter - Downloading https://repo.maven.apache.org/maven2/org/glassfish/jersey/connectors/project/3.1.11/project-3.1.11.pom
2025-10-08 18:21:08,013 [Worker-14: Importing Maven projects] INFO  o.e.m.c.i.e.AbstractTransferListenerAdapter - Downloaded https://repo.maven.apache.org/maven2/org/glassfish/jersey/connectors/project/3.1.11/project-3.1.11.pom
2025-10-08 18:21:08,068 [Worker-14: Importing Maven projects] INFO  o.e.m.c.i.e.AbstractTransferListenerAdapter - Downloading https://repo.maven.apache.org/maven2/org/apache/httpcomponents/httpclient/4.5.14/httpclient-4.5.14.pom
2025-10-08 18:21:08,121 [Worker-14: Importing Maven projects] INFO  o.e.m.c.i.e.AbstractTransferListenerAdapter - Downloaded https://repo.maven.apache.org/maven2/org/apache/httpcomponents/httpclient/4.5.14/httpclient-4.5.14.pom
2025-10-08 18:21:08,159 [Worker-14: Importing Maven projects] INFO  o.e.m.c.i.e.AbstractTransferListenerAdapter - Downloading https://repo.maven.apache.org/maven2/org/apache/httpcomponents/httpcomponents-client/4.5.14/httpcomponents-client-4.5.14.pom
2025-10-08 18:21:08,219 [Worker-14: Importing Maven projects] INFO  o.e.m.c.i.e.AbstractTransferListenerAdapter - Downloaded https://repo.maven.apache.org/maven2/org/apache/httpcomponents/httpcomponents-client/4.5.14/httpcomponents-client-4.5.14.pom
2025-10-08 18:21:08,294 [Worker-14: Importing Maven projects] INFO  o.e.m.c.i.e.AbstractTransferListenerAdapter - Downloading https://repo.maven.apache.org/maven2/com/netflix/eureka/eureka-core-jersey3/2.0.4/eureka-core-jersey3-2.0.4.pom
2025-10-08 18:21:08,339 [Worker-14: Importing Maven projects] INFO  o.e.m.c.i.e.AbstractTransferListenerAdapter - Downloaded https://repo.maven.apache.org/maven2/com/netflix/eureka/eureka-core-jersey3/2.0.4/eureka-core-jersey3-2.0.4.pom
2025-10-08 18:21:08,391 [Worker-14: Importing Maven projects] INFO  o.e.m.c.i.e.AbstractTransferListenerAdapter - Downloading https://repo.maven.apache.org/maven2/com/netflix/eureka/eureka-core/2.0.4/eureka-core-2.0.4.pom
2025-10-08 18:21:08,435 [Worker-14: Importing Maven projects] INFO  o.e.m.c.i.e.AbstractTransferListenerAdapter - Downloaded https://repo.maven.apache.org/maven2/com/netflix/eureka/eureka-core/2.0.4/eureka-core-2.0.4.pom
2025-10-08 18:21:08,477 [Worker-14: Importing Maven projects] INFO  o.e.m.c.i.e.AbstractTransferListenerAdapter - Downloading https://repo.maven.apache.org/maven2/com/fasterxml/woodstox/woodstox-core/6.4.0/woodstox-core-6.4.0.pom
2025-10-08 18:21:08,529 [Worker-14: Importing Maven projects] INFO  o.e.m.c.i.e.AbstractTransferListenerAdapter - Downloaded https://repo.maven.apache.org/maven2/com/fasterxml/woodstox/woodstox-core/6.4.0/woodstox-core-6.4.0.pom
2025-10-08 18:21:08,590 [Worker-14: Importing Maven projects] INFO  o.e.m.c.i.e.AbstractTransferListenerAdapter - Downloading https://repo.maven.apache.org/maven2/com/fasterxml/oss-parent/45/oss-parent-45.pom
2025-10-08 18:21:08,646 [Worker-14: Importing Maven projects] INFO  o.e.m.c.i.e.AbstractTransferListenerAdapter - Downloaded https://repo.maven.apache.org/maven2/com/fasterxml/oss-parent/45/oss-parent-45.pom
2025-10-08 18:21:08,722 [Worker-14: Importing Maven projects] INFO  o.e.m.c.i.e.AbstractTransferListenerAdapter - Downloading https://repo.maven.apache.org/maven2/org/codehaus/woodstox/stax2-api/4.2.1/stax2-api-4.2.1.pom
2025-10-08 18:21:08,772 [Worker-14: Importing Maven projects] INFO  o.e.m.c.i.e.AbstractTransferListenerAdapter - Downloaded https://repo.maven.apache.org/maven2/org/codehaus/woodstox/stax2-api/4.2.1/stax2-api-4.2.1.pom
2025-10-08 18:21:08,825 [Worker-14: Importing Maven projects] INFO  o.e.m.c.i.e.AbstractTransferListenerAdapter - Downloading https://repo.maven.apache.org/maven2/com/fasterxml/oss-parent/38/oss-parent-38.pom
2025-10-08 18:21:08,876 [Worker-14: Importing Maven projects] INFO  o.e.m.c.i.e.AbstractTransferListenerAdapter - Downloaded https://repo.maven.apache.org/maven2/com/fasterxml/oss-parent/38/oss-parent-38.pom
2025-10-08 18:21:08,939 [Worker-14: Importing Maven projects] INFO  o.e.m.c.i.e.AbstractTransferListenerAdapter - Downloading https://repo.maven.apache.org/maven2/com/google/guava/guava/33.0.0-jre/guava-33.0.0-jre.pom
2025-10-08 18:21:08,990 [Worker-14: Importing Maven projects] INFO  o.e.m.c.i.e.AbstractTransferListenerAdapter - Downloaded https://repo.maven.apache.org/maven2/com/google/guava/guava/33.0.0-jre/guava-33.0.0-jre.pom
2025-10-08 18:21:09,060 [Worker-14: Importing Maven projects] INFO  o.e.m.c.i.e.AbstractTransferListenerAdapter - Downloading https://repo.maven.apache.org/maven2/com/google/guava/guava-parent/33.0.0-jre/guava-parent-33.0.0-jre.pom
2025-10-08 18:21:09,114 [Worker-14: Importing Maven projects] INFO  o.e.m.c.i.e.AbstractTransferListenerAdapter - Downloaded https://repo.maven.apache.org/maven2/com/google/guava/guava-parent/33.0.0-jre/guava-parent-33.0.0-jre.pom
2025-10-08 18:21:09,179 [Worker-14: Importing Maven projects] INFO  o.e.m.c.i.e.AbstractTransferListenerAdapter - Downloading https://repo.maven.apache.org/maven2/com/google/guava/failureaccess/1.0.2/failureaccess-1.0.2.pom
2025-10-08 18:21:09,224 [Worker-14: Importing Maven projects] INFO  o.e.m.c.i.e.AbstractTransferListenerAdapter - Downloaded https://repo.maven.apache.org/maven2/com/google/guava/failureaccess/1.0.2/failureaccess-1.0.2.pom
2025-10-08 18:21:09,264 [Worker-14: Importing Maven projects] INFO  o.e.m.c.i.e.AbstractTransferListenerAdapter - Downloading https://repo.maven.apache.org/maven2/com/google/guava/guava-parent/26.0-android/guava-parent-26.0-android.pom
2025-10-08 18:21:09,319 [Worker-14: Importing Maven projects] INFO  o.e.m.c.i.e.AbstractTransferListenerAdapter - Downloaded https://repo.maven.apache.org/maven2/com/google/guava/guava-parent/26.0-android/guava-parent-26.0-android.pom
2025-10-08 18:21:09,383 [Worker-14: Importing Maven projects] INFO  o.e.m.c.i.e.AbstractTransferListenerAdapter - Downloading https://repo.maven.apache.org/maven2/com/google/guava/listenablefuture/9999.0-empty-to-avoid-conflict-with-guava/listenablefuture-9999.0-empty-to-avoid-conflict-with-guava.pom
2025-10-08 18:21:09,427 [Worker-14: Importing Maven projects] INFO  o.e.m.c.i.e.AbstractTransferListenerAdapter - Downloaded https://repo.maven.apache.org/maven2/com/google/guava/listenablefuture/9999.0-empty-to-avoid-conflict-with-guava/listenablefuture-9999.0-empty-to-avoid-conflict-with-guava.pom
2025-10-08 18:21:09,469 [Worker-14: Importing Maven projects] INFO  o.e.m.c.i.e.AbstractTransferListenerAdapter - Downloading https://repo.maven.apache.org/maven2/org/checkerframework/checker-qual/3.41.0/checker-qual-3.41.0.pom
2025-10-08 18:21:09,514 [Worker-14: Importing Maven projects] INFO  o.e.m.c.i.e.AbstractTransferListenerAdapter - Downloaded https://repo.maven.apache.org/maven2/org/checkerframework/checker-qual/3.41.0/checker-qual-3.41.0.pom
2025-10-08 18:21:09,557 [Worker-14: Importing Maven projects] INFO  o.e.m.c.i.e.AbstractTransferListenerAdapter - Downloading https://repo.maven.apache.org/maven2/com/google/errorprone/error_prone_annotations/2.23.0/error_prone_annotations-2.23.0.pom
2025-10-08 18:21:09,601 [Worker-14: Importing Maven projects] INFO  o.e.m.c.i.e.AbstractTransferListenerAdapter - Downloaded https://repo.maven.apache.org/maven2/com/google/errorprone/error_prone_annotations/2.23.0/error_prone_annotations-2.23.0.pom
2025-10-08 18:21:09,641 [Worker-14: Importing Maven projects] INFO  o.e.m.c.i.e.AbstractTransferListenerAdapter - Downloading https://repo.maven.apache.org/maven2/com/google/errorprone/error_prone_parent/2.23.0/error_prone_parent-2.23.0.pom
2025-10-08 18:21:09,694 [Worker-14: Importing Maven projects] INFO  o.e.m.c.i.e.AbstractTransferListenerAdapter - Downloaded https://repo.maven.apache.org/maven2/com/google/errorprone/error_prone_parent/2.23.0/error_prone_parent-2.23.0.pom
2025-10-08 18:21:09,773 [Worker-14: Importing Maven projects] INFO  o.e.m.c.i.e.AbstractTransferListenerAdapter - Downloading https://repo.maven.apache.org/maven2/com/google/j2objc/j2objc-annotations/2.8/j2objc-annotations-2.8.pom
2025-10-08 18:21:09,816 [Worker-14: Importing Maven projects] INFO  o.e.m.c.i.e.AbstractTransferListenerAdapter - Downloaded https://repo.maven.apache.org/maven2/com/google/j2objc/j2objc-annotations/2.8/j2objc-annotations-2.8.pom
2025-10-08 18:21:09,868 [Worker-14: Importing Maven projects] INFO  o.e.m.c.i.e.AbstractTransferListenerAdapter - Downloading https://repo.maven.apache.org/maven2/commons-logging/commons-logging/1.3.5/commons-logging-1.3.5.pom
2025-10-08 18:21:09,922 [Worker-14: Importing Maven projects] INFO  o.e.m.c.i.e.AbstractTransferListenerAdapter - Downloaded https://repo.maven.apache.org/maven2/commons-logging/commons-logging/1.3.5/commons-logging-1.3.5.pom
2025-10-08 18:21:09,979 [Worker-14: Importing Maven projects] INFO  o.e.m.c.i.e.AbstractTransferListenerAdapter - Downloading https://repo.maven.apache.org/maven2/org/apache/commons/commons-parent/81/commons-parent-81.pom
2025-10-08 18:21:10,032 [Worker-14: Importing Maven projects] INFO  o.e.m.c.i.e.AbstractTransferListenerAdapter - Downloaded https://repo.maven.apache.org/maven2/org/apache/commons/commons-parent/81/commons-parent-81.pom
2025-10-08 18:21:10,099 [Worker-14: Importing Maven projects] INFO  o.e.m.c.i.e.AbstractTransferListenerAdapter - Downloading https://repo.maven.apache.org/maven2/org/glassfish/jersey/containers/jersey-container-servlet/3.1.11/jersey-container-servlet-3.1.11.pom
2025-10-08 18:21:10,144 [Worker-14: Importing Maven projects] INFO  o.e.m.c.i.e.AbstractTransferListenerAdapter - Downloaded https://repo.maven.apache.org/maven2/org/glassfish/jersey/containers/jersey-container-servlet/3.1.11/jersey-container-servlet-3.1.11.pom
2025-10-08 18:21:10,186 [Worker-14: Importing Maven projects] INFO  o.e.m.c.i.e.AbstractTransferListenerAdapter - Downloading https://repo.maven.apache.org/maven2/org/glassfish/jersey/containers/project/3.1.11/project-3.1.11.pom
2025-10-08 18:21:10,240 [Worker-14: Importing Maven projects] INFO  o.e.m.c.i.e.AbstractTransferListenerAdapter - Downloaded https://repo.maven.apache.org/maven2/org/glassfish/jersey/containers/project/3.1.11/project-3.1.11.pom
2025-10-08 18:21:10,294 [Worker-14: Importing Maven projects] INFO  o.e.m.c.i.e.AbstractTransferListenerAdapter - Downloading https://repo.maven.apache.org/maven2/org/glassfish/jersey/containers/jersey-container-servlet-core/3.1.11/jersey-container-servlet-core-3.1.11.pom
2025-10-08 18:21:10,339 [Worker-14: Importing Maven projects] INFO  o.e.m.c.i.e.AbstractTransferListenerAdapter - Downloaded https://repo.maven.apache.org/maven2/org/glassfish/jersey/containers/jersey-container-servlet-core/3.1.11/jersey-container-servlet-core-3.1.11.pom
2025-10-08 18:21:10,383 [Worker-14: Importing Maven projects] INFO  o.e.m.c.i.e.AbstractTransferListenerAdapter - Downloading https://repo.maven.apache.org/maven2/org/glassfish/jersey/core/jersey-server/3.1.11/jersey-server-3.1.11.pom
2025-10-08 18:21:10,430 [Worker-14: Importing Maven projects] INFO  o.e.m.c.i.e.AbstractTransferListenerAdapter - Downloaded https://repo.maven.apache.org/maven2/org/glassfish/jersey/core/jersey-server/3.1.11/jersey-server-3.1.11.pom
2025-10-08 18:21:10,494 [Worker-14: Importing Maven projects] INFO  o.e.m.c.i.e.AbstractTransferListenerAdapter - Downloading https://repo.maven.apache.org/maven2/org/glassfish/hk2/spring-bridge/3.1.1/spring-bridge-3.1.1.pom
2025-10-08 18:21:10,539 [Worker-14: Importing Maven projects] INFO  o.e.m.c.i.e.AbstractTransferListenerAdapter - Downloaded https://repo.maven.apache.org/maven2/org/glassfish/hk2/spring-bridge/3.1.1/spring-bridge-3.1.1.pom
2025-10-08 18:21:10,580 [Worker-14: Importing Maven projects] INFO  o.e.m.c.i.e.AbstractTransferListenerAdapter - Downloading https://repo.maven.apache.org/maven2/org/glassfish/hk2/hk2-parent/3.1.1/hk2-parent-3.1.1.pom
2025-10-08 18:21:10,639 [Worker-14: Importing Maven projects] INFO  o.e.m.c.i.e.AbstractTransferListenerAdapter - Downloaded https://repo.maven.apache.org/maven2/org/glassfish/hk2/hk2-parent/3.1.1/hk2-parent-3.1.1.pom
2025-10-08 18:21:10,730 [Worker-14: Importing Maven projects] INFO  o.e.m.c.i.e.AbstractTransferListenerAdapter - Downloading https://repo.maven.apache.org/maven2/org/glassfish/hk2/hk2-api/3.1.1/hk2-api-3.1.1.pom
2025-10-08 18:21:10,774 [Worker-14: Importing Maven projects] INFO  o.e.m.c.i.e.AbstractTransferListenerAdapter - Downloaded https://repo.maven.apache.org/maven2/org/glassfish/hk2/hk2-api/3.1.1/hk2-api-3.1.1.pom
2025-10-08 18:21:10,820 [Worker-14: Importing Maven projects] INFO  o.e.m.c.i.e.AbstractTransferListenerAdapter - Downloading https://repo.maven.apache.org/maven2/com/fasterxml/jackson/dataformat/jackson-dataformat-xml/2.19.2/jackson-dataformat-xml-2.19.2.pom
2025-10-08 18:21:10,869 [Worker-14: Importing Maven projects] INFO  o.e.m.c.i.e.AbstractTransferListenerAdapter - Downloaded https://repo.maven.apache.org/maven2/com/fasterxml/jackson/dataformat/jackson-dataformat-xml/2.19.2/jackson-dataformat-xml-2.19.2.pom
2025-10-08 18:21:10,941 [Worker-14: Importing Maven projects] INFO  o.e.m.c.i.e.AbstractTransferListenerAdapter - Downloading https://repo.maven.apache.org/maven2/org/codehaus/woodstox/stax2-api/4.2.2/stax2-api-4.2.2.pom
2025-10-08 18:21:10,984 [Worker-14: Importing Maven projects] INFO  o.e.m.c.i.e.AbstractTransferListenerAdapter - Downloaded https://repo.maven.apache.org/maven2/org/codehaus/woodstox/stax2-api/4.2.2/stax2-api-4.2.2.pom
2025-10-08 18:21:11,029 [Worker-14: Importing Maven projects] INFO  o.e.m.c.i.e.AbstractTransferListenerAdapter - Downloading https://repo.maven.apache.org/maven2/com/fasterxml/oss-parent/55/oss-parent-55.pom
2025-10-08 18:21:11,078 [Worker-14: Importing Maven projects] INFO  o.e.m.c.i.e.AbstractTransferListenerAdapter - Downloaded https://repo.maven.apache.org/maven2/com/fasterxml/oss-parent/55/oss-parent-55.pom
2025-10-08 18:21:11,140 [Worker-14: Importing Maven projects] INFO  o.e.m.c.i.e.AbstractTransferListenerAdapter - Downloading https://repo.maven.apache.org/maven2/com/fasterxml/woodstox/woodstox-core/7.1.1/woodstox-core-7.1.1.pom
2025-10-08 18:21:11,189 [Worker-14: Importing Maven projects] INFO  o.e.m.c.i.e.AbstractTransferListenerAdapter - Downloaded https://repo.maven.apache.org/maven2/com/fasterxml/woodstox/woodstox-core/7.1.1/woodstox-core-7.1.1.pom
2025-10-08 18:21:11,376 [Worker-14: Importing Maven projects] INFO  o.e.m.c.i.e.AbstractTransferListenerAdapter - Downloading https://repo.maven.apache.org/maven2/io/projectreactor/reactor-core/3.7.11/reactor-core-3.7.11.pom
2025-10-08 18:21:11,420 [Worker-14: Importing Maven projects] INFO  o.e.m.c.i.e.AbstractTransferListenerAdapter - Downloaded https://repo.maven.apache.org/maven2/io/projectreactor/reactor-core/3.7.11/reactor-core-3.7.11.pom
2025-10-08 18:21:11,496 [Worker-14: Importing Maven projects] INFO  o.e.m.c.i.e.AbstractTransferListenerAdapter - Downloading https://repo.maven.apache.org/maven2/io/projectreactor/addons/reactor-extra/3.5.3/reactor-extra-3.5.3.pom
2025-10-08 18:21:11,542 [Worker-14: Importing Maven projects] INFO  o.e.m.c.i.e.AbstractTransferListenerAdapter - Downloaded https://repo.maven.apache.org/maven2/io/projectreactor/addons/reactor-extra/3.5.3/reactor-extra-3.5.3.pom
2025-10-08 18:21:11,582 [Worker-14: Importing Maven projects] INFO  o.e.m.c.i.e.AbstractTransferListenerAdapter - Downloading https://repo.maven.apache.org/maven2/org/springframework/boot/spring-boot-starter-cache/3.5.6/spring-boot-starter-cache-3.5.6.pom
2025-10-08 18:21:11,629 [Worker-14: Importing Maven projects] INFO  o.e.m.c.i.e.AbstractTransferListenerAdapter - Downloaded https://repo.maven.apache.org/maven2/org/springframework/boot/spring-boot-starter-cache/3.5.6/spring-boot-starter-cache-3.5.6.pom
2025-10-08 18:21:11,728 [Worker-14: Importing Maven projects] INFO  o.e.m.c.i.e.AbstractTransferListenerAdapter - Downloading https://repo.maven.apache.org/maven2/jakarta/activation/jakarta.activation-api/2.1.4/jakarta.activation-api-2.1.4.pom
2025-10-08 18:21:11,777 [Worker-14: Importing Maven projects] INFO  o.e.m.c.i.e.AbstractTransferListenerAdapter - Downloaded https://repo.maven.apache.org/maven2/jakarta/activation/jakarta.activation-api/2.1.4/jakarta.activation-api-2.1.4.pom
2025-10-08 18:21:11,850 [Worker-14: Importing Maven projects] INFO  o.e.m.c.i.e.AbstractTransferListenerAdapter - Downloading https://repo.maven.apache.org/maven2/org/springframework/boot/spring-boot-starter-test/3.5.6/spring-boot-starter-test-3.5.6.pom
2025-10-08 18:21:11,896 [Worker-14: Importing Maven projects] INFO  o.e.m.c.i.e.AbstractTransferListenerAdapter - Downloaded https://repo.maven.apache.org/maven2/org/springframework/boot/spring-boot-starter-test/3.5.6/spring-boot-starter-test-3.5.6.pom
2025-10-08 18:21:11,935 [Worker-14: Importing Maven projects] INFO  o.e.m.c.i.e.AbstractTransferListenerAdapter - Downloading https://repo.maven.apache.org/maven2/org/springframework/boot/spring-boot-test/3.5.6/spring-boot-test-3.5.6.pom
2025-10-08 18:21:11,983 [Worker-14: Importing Maven projects] INFO  o.e.m.c.i.e.AbstractTransferListenerAdapter - Downloaded https://repo.maven.apache.org/maven2/org/springframework/boot/spring-boot-test/3.5.6/spring-boot-test-3.5.6.pom
2025-10-08 18:21:12,051 [Worker-14: Importing Maven projects] INFO  o.e.m.c.i.e.AbstractTransferListenerAdapter - Downloading https://repo.maven.apache.org/maven2/org/springframework/spring-test/6.2.11/spring-test-6.2.11.pom
2025-10-08 18:21:12,099 [Worker-14: Importing Maven projects] INFO  o.e.m.c.i.e.AbstractTransferListenerAdapter - Downloaded https://repo.maven.apache.org/maven2/org/springframework/spring-test/6.2.11/spring-test-6.2.11.pom
2025-10-08 18:21:12,140 [Worker-14: Importing Maven projects] INFO  o.e.m.c.i.e.AbstractTransferListenerAdapter - Downloading https://repo.maven.apache.org/maven2/org/springframework/boot/spring-boot-test-autoconfigure/3.5.6/spring-boot-test-autoconfigure-3.5.6.pom
2025-10-08 18:21:12,189 [Worker-14: Importing Maven projects] INFO  o.e.m.c.i.e.AbstractTransferListenerAdapter - Downloaded https://repo.maven.apache.org/maven2/org/springframework/boot/spring-boot-test-autoconfigure/3.5.6/spring-boot-test-autoconfigure-3.5.6.pom
2025-10-08 18:21:12,289 [Worker-14: Importing Maven projects] INFO  o.e.m.c.i.e.AbstractTransferListenerAdapter - Downloading https://repo.maven.apache.org/maven2/org/xmlunit/xmlunit-core/2.10.4/xmlunit-core-2.10.4.pom
2025-10-08 18:21:12,333 [Worker-14: Importing Maven projects] INFO  o.e.m.c.i.e.AbstractTransferListenerAdapter - Downloaded https://repo.maven.apache.org/maven2/org/xmlunit/xmlunit-core/2.10.4/xmlunit-core-2.10.4.pom
2025-10-08 18:21:12,373 [Worker-14: Importing Maven projects] INFO  o.e.m.c.i.e.AbstractTransferListenerAdapter - Downloading https://repo.maven.apache.org/maven2/org/xmlunit/xmlunit-parent/2.10.4/xmlunit-parent-2.10.4.pom
2025-10-08 18:21:12,420 [Worker-14: Importing Maven projects] INFO  o.e.m.c.i.e.AbstractTransferListenerAdapter - Downloaded https://repo.maven.apache.org/maven2/org/xmlunit/xmlunit-parent/2.10.4/xmlunit-parent-2.10.4.pom
2025-10-08 18:21:12,731 [Worker-14: Importing Maven projects] INFO  o.e.m.c.i.e.AbstractTransferListenerAdapter - Downloading https://repo.maven.apache.org/maven2/org/springframework/boot/spring-boot-starter-web/3.5.6/spring-boot-starter-web-3.5.6.jar
2025-10-08 18:21:12,807 [Worker-14: Importing Maven projects] INFO  o.e.m.c.i.e.AbstractTransferListenerAdapter - Downloaded https://repo.maven.apache.org/maven2/org/springframework/boot/spring-boot-starter-web/3.5.6/spring-boot-starter-web-3.5.6.jar
2025-10-08 18:21:12,858 [BasicRepositoryConnector-repo.maven.apache.org-0-0] INFO  o.e.m.c.i.e.AbstractTransferListenerAdapter - Downloading https://repo.maven.apache.org/maven2/org/springframework/boot/spring-boot-starter/3.5.6/spring-boot-starter-3.5.6.jar
2025-10-08 18:21:12,910 [BasicRepositoryConnector-repo.maven.apache.org-0-1] INFO  o.e.m.c.i.e.AbstractTransferListenerAdapter - Downloading https://repo.maven.apache.org/maven2/org/springframework/boot/spring-boot/3.5.6/spring-boot-3.5.6.jar
2025-10-08 18:21:12,932 [BasicRepositoryConnector-repo.maven.apache.org-0-4] INFO  o.e.m.c.i.e.AbstractTransferListenerAdapter - Downloading https://repo.maven.apache.org/maven2/org/springframework/boot/spring-boot-starter-json/3.5.6/spring-boot-starter-json-3.5.6.jar
2025-10-08 18:21:12,950 [BasicRepositoryConnector-repo.maven.apache.org-0-2] INFO  o.e.m.c.i.e.AbstractTransferListenerAdapter - Downloading https://repo.maven.apache.org/maven2/org/springframework/boot/spring-boot-autoconfigure/3.5.6/spring-boot-autoconfigure-3.5.6.jar
2025-10-08 18:21:12,951 [BasicRepositoryConnector-repo.maven.apache.org-0-3] INFO  o.e.m.c.i.e.AbstractTransferListenerAdapter - Downloading https://repo.maven.apache.org/maven2/org/springframework/boot/spring-boot-starter-logging/3.5.6/spring-boot-starter-logging-3.5.6.jar
2025-10-08 18:21:13,020 [BasicRepositoryConnector-repo.maven.apache.org-0-0] INFO  o.e.m.c.i.e.AbstractTransferListenerAdapter - Downloaded https://repo.maven.apache.org/maven2/org/springframework/boot/spring-boot-starter/3.5.6/spring-boot-starter-3.5.6.jar
2025-10-08 18:21:13,024 [BasicRepositoryConnector-repo.maven.apache.org-0-4] INFO  o.e.m.c.i.e.AbstractTransferListenerAdapter - Downloaded https://repo.maven.apache.org/maven2/org/springframework/boot/spring-boot-starter-json/3.5.6/spring-boot-starter-json-3.5.6.jar
2025-10-08 18:21:13,077 [BasicRepositoryConnector-repo.maven.apache.org-0-4] INFO  o.e.m.c.i.e.AbstractTransferListenerAdapter - Downloading https://repo.maven.apache.org/maven2/org/apache/tomcat/embed/tomcat-embed-core/10.1.46/tomcat-embed-core-10.1.46.jar
2025-10-08 18:21:13,077 [BasicRepositoryConnector-repo.maven.apache.org-0-3] INFO  o.e.m.c.i.e.AbstractTransferListenerAdapter - Downloaded https://repo.maven.apache.org/maven2/org/springframework/boot/spring-boot-starter-logging/3.5.6/spring-boot-starter-logging-3.5.6.jar
2025-10-08 18:21:13,080 [BasicRepositoryConnector-repo.maven.apache.org-0-0] INFO  o.e.m.c.i.e.AbstractTransferListenerAdapter - Downloading https://repo.maven.apache.org/maven2/org/springframework/boot/spring-boot-starter-tomcat/3.5.6/spring-boot-starter-tomcat-3.5.6.jar
2025-10-08 18:21:13,133 [BasicRepositoryConnector-repo.maven.apache.org-0-3] INFO  o.e.m.c.i.e.AbstractTransferListenerAdapter - Downloading https://repo.maven.apache.org/maven2/org/apache/tomcat/embed/tomcat-embed-el/10.1.46/tomcat-embed-el-10.1.46.jar
2025-10-08 18:21:13,163 [BasicRepositoryConnector-repo.maven.apache.org-0-0] INFO  o.e.m.c.i.e.AbstractTransferListenerAdapter - Downloaded https://repo.maven.apache.org/maven2/org/springframework/boot/spring-boot-starter-tomcat/3.5.6/spring-boot-starter-tomcat-3.5.6.jar
2025-10-08 18:21:13,215 [BasicRepositoryConnector-repo.maven.apache.org-0-0] INFO  o.e.m.c.i.e.AbstractTransferListenerAdapter - Downloading https://repo.maven.apache.org/maven2/org/apache/tomcat/embed/tomcat-embed-websocket/10.1.46/tomcat-embed-websocket-10.1.46.jar
2025-10-08 18:21:13,260 [BasicRepositoryConnector-repo.maven.apache.org-0-3] INFO  o.e.m.c.i.e.AbstractTransferListenerAdapter - Downloaded https://repo.maven.apache.org/maven2/org/apache/tomcat/embed/tomcat-embed-el/10.1.46/tomcat-embed-el-10.1.46.jar
2025-10-08 18:21:13,361 [BasicRepositoryConnector-repo.maven.apache.org-0-3] INFO  o.e.m.c.i.e.AbstractTransferListenerAdapter - Downloading https://repo.maven.apache.org/maven2/org/springframework/spring-web/6.2.11/spring-web-6.2.11.jar
2025-10-08 18:21:13,366 [BasicRepositoryConnector-repo.maven.apache.org-0-1] INFO  o.e.m.c.i.e.AbstractTransferListenerAdapter - Downloaded https://repo.maven.apache.org/maven2/org/springframework/boot/spring-boot/3.5.6/spring-boot-3.5.6.jar
2025-10-08 18:21:13,401 [BasicRepositoryConnector-repo.maven.apache.org-0-0] INFO  o.e.m.c.i.e.AbstractTransferListenerAdapter - Downloaded https://repo.maven.apache.org/maven2/org/apache/tomcat/embed/tomcat-embed-websocket/10.1.46/tomcat-embed-websocket-10.1.46.jar
2025-10-08 18:21:13,420 [BasicRepositoryConnector-repo.maven.apache.org-0-2] INFO  o.e.m.c.i.e.AbstractTransferListenerAdapter - Downloaded https://repo.maven.apache.org/maven2/org/springframework/boot/spring-boot-autoconfigure/3.5.6/spring-boot-autoconfigure-3.5.6.jar
2025-10-08 18:21:13,425 [BasicRepositoryConnector-repo.maven.apache.org-0-1] INFO  o.e.m.c.i.e.AbstractTransferListenerAdapter - Downloading https://repo.maven.apache.org/maven2/org/springframework/spring-beans/6.2.11/spring-beans-6.2.11.jar
2025-10-08 18:21:13,761 [BasicRepositoryConnector-repo.maven.apache.org-0-2] INFO  o.e.m.c.i.e.AbstractTransferListenerAdapter - Downloading https://repo.maven.apache.org/maven2/io/micrometer/micrometer-commons/1.15.4/micrometer-commons-1.15.4.jar
2025-10-08 18:21:13,761 [BasicRepositoryConnector-repo.maven.apache.org-0-1] INFO  o.e.m.c.i.e.AbstractTransferListenerAdapter - Downloaded https://repo.maven.apache.org/maven2/org/springframework/spring-beans/6.2.11/spring-beans-6.2.11.jar
2025-10-08 18:21:13,792 [BasicRepositoryConnector-repo.maven.apache.org-0-0] INFO  o.e.m.c.i.e.AbstractTransferListenerAdapter - Downloading https://repo.maven.apache.org/maven2/io/micrometer/micrometer-observation/1.15.4/micrometer-observation-1.15.4.jar
2025-10-08 18:21:13,799 [BasicRepositoryConnector-repo.maven.apache.org-0-1] INFO  o.e.m.c.i.e.AbstractTransferListenerAdapter - Downloading https://repo.maven.apache.org/maven2/org/springframework/spring-webmvc/6.2.11/spring-webmvc-6.2.11.jar
2025-10-08 18:21:13,838 [BasicRepositoryConnector-repo.maven.apache.org-0-3] INFO  o.e.m.c.i.e.AbstractTransferListenerAdapter - Downloaded https://repo.maven.apache.org/maven2/org/springframework/spring-web/6.2.11/spring-web-6.2.11.jar
2025-10-08 18:21:13,874 [BasicRepositoryConnector-repo.maven.apache.org-0-0] INFO  o.e.m.c.i.e.AbstractTransferListenerAdapter - Downloaded https://repo.maven.apache.org/maven2/io/micrometer/micrometer-observation/1.15.4/micrometer-observation-1.15.4.jar
2025-10-08 18:21:13,883 [BasicRepositoryConnector-repo.maven.apache.org-0-3] INFO  o.e.m.c.i.e.AbstractTransferListenerAdapter - Downloading https://repo.maven.apache.org/maven2/org/springframework/spring-aop/6.2.11/spring-aop-6.2.11.jar
2025-10-08 18:21:13,923 [BasicRepositoryConnector-repo.maven.apache.org-0-0] INFO  o.e.m.c.i.e.AbstractTransferListenerAdapter - Downloading https://repo.maven.apache.org/maven2/org/springframework/spring-context/6.2.11/spring-context-6.2.11.jar
2025-10-08 18:21:14,083 [BasicRepositoryConnector-repo.maven.apache.org-0-3] INFO  o.e.m.c.i.e.AbstractTransferListenerAdapter - Downloaded https://repo.maven.apache.org/maven2/org/springframework/spring-aop/6.2.11/spring-aop-6.2.11.jar
2025-10-08 18:21:14,129 [BasicRepositoryConnector-repo.maven.apache.org-0-3] INFO  o.e.m.c.i.e.AbstractTransferListenerAdapter - Downloading https://repo.maven.apache.org/maven2/org/springframework/spring-expression/6.2.11/spring-expression-6.2.11.jar
2025-10-08 18:21:14,177 [BasicRepositoryConnector-repo.maven.apache.org-0-1] INFO  o.e.m.c.i.e.AbstractTransferListenerAdapter - Downloaded https://repo.maven.apache.org/maven2/org/springframework/spring-webmvc/6.2.11/spring-webmvc-6.2.11.jar
2025-10-08 18:21:14,224 [BasicRepositoryConnector-repo.maven.apache.org-0-1] INFO  o.e.m.c.i.e.AbstractTransferListenerAdapter - Downloading https://repo.maven.apache.org/maven2/org/springframework/cloud/spring-cloud-starter-netflix-eureka-server/4.3.0/spring-cloud-starter-netflix-eureka-server-4.3.0.jar
2025-10-08 18:21:14,289 [BasicRepositoryConnector-repo.maven.apache.org-0-3] INFO  o.e.m.c.i.e.AbstractTransferListenerAdapter - Downloaded https://repo.maven.apache.org/maven2/org/springframework/spring-expression/6.2.11/spring-expression-6.2.11.jar
2025-10-08 18:21:14,296 [BasicRepositoryConnector-repo.maven.apache.org-0-0] INFO  o.e.m.c.i.e.AbstractTransferListenerAdapter - Downloaded https://repo.maven.apache.org/maven2/org/springframework/spring-context/6.2.11/spring-context-6.2.11.jar
2025-10-08 18:21:14,327 [BasicRepositoryConnector-repo.maven.apache.org-0-1] INFO  o.e.m.c.i.e.AbstractTransferListenerAdapter - Downloaded https://repo.maven.apache.org/maven2/org/springframework/cloud/spring-cloud-starter-netflix-eureka-server/4.3.0/spring-cloud-starter-netflix-eureka-server-4.3.0.jar
2025-10-08 18:21:14,332 [BasicRepositoryConnector-repo.maven.apache.org-0-0] INFO  o.e.m.c.i.e.AbstractTransferListenerAdapter - Downloading https://repo.maven.apache.org/maven2/org/springframework/cloud/spring-cloud-netflix-eureka-server/4.3.0/spring-cloud-netflix-eureka-server-4.3.0.jar
2025-10-08 18:21:14,340 [BasicRepositoryConnector-repo.maven.apache.org-0-3] INFO  o.e.m.c.i.e.AbstractTransferListenerAdapter - Downloading https://repo.maven.apache.org/maven2/org/springframework/security/spring-security-crypto/6.5.5/spring-security-crypto-6.5.5.jar
2025-10-08 18:21:14,366 [BasicRepositoryConnector-repo.maven.apache.org-0-1] INFO  o.e.m.c.i.e.AbstractTransferListenerAdapter - Downloading https://repo.maven.apache.org/maven2/org/springframework/boot/spring-boot-starter-actuator/3.5.6/spring-boot-starter-actuator-3.5.6.jar
2025-10-08 18:21:14,407 [BasicRepositoryConnector-repo.maven.apache.org-0-3] INFO  o.e.m.c.i.e.AbstractTransferListenerAdapter - Downloaded https://repo.maven.apache.org/maven2/org/springframework/security/spring-security-crypto/6.5.5/spring-security-crypto-6.5.5.jar
2025-10-08 18:21:14,429 [BasicRepositoryConnector-repo.maven.apache.org-0-4] INFO  o.e.m.c.i.e.AbstractTransferListenerAdapter - Downloaded https://repo.maven.apache.org/maven2/org/apache/tomcat/embed/tomcat-embed-core/10.1.46/tomcat-embed-core-10.1.46.jar
2025-10-08 18:21:14,445 [BasicRepositoryConnector-repo.maven.apache.org-0-3] INFO  o.e.m.c.i.e.AbstractTransferListenerAdapter - Downloading https://repo.maven.apache.org/maven2/org/springframework/boot/spring-boot-actuator-autoconfigure/3.5.6/spring-boot-actuator-autoconfigure-3.5.6.jar
2025-10-08 18:21:14,459 [BasicRepositoryConnector-repo.maven.apache.org-0-1] INFO  o.e.m.c.i.e.AbstractTransferListenerAdapter - Downloaded https://repo.maven.apache.org/maven2/org/springframework/boot/spring-boot-starter-actuator/3.5.6/spring-boot-starter-actuator-3.5.6.jar
2025-10-08 18:21:14,470 [BasicRepositoryConnector-repo.maven.apache.org-0-0] INFO  o.e.m.c.i.e.AbstractTransferListenerAdapter - Downloaded https://repo.maven.apache.org/maven2/org/springframework/cloud/spring-cloud-netflix-eureka-server/4.3.0/spring-cloud-netflix-eureka-server-4.3.0.jar
2025-10-08 18:21:14,474 [BasicRepositoryConnector-repo.maven.apache.org-0-4] INFO  o.e.m.c.i.e.AbstractTransferListenerAdapter - Downloading https://repo.maven.apache.org/maven2/org/springframework/boot/spring-boot-actuator/3.5.6/spring-boot-actuator-3.5.6.jar
2025-10-08 18:21:14,508 [BasicRepositoryConnector-repo.maven.apache.org-0-1] INFO  o.e.m.c.i.e.AbstractTransferListenerAdapter - Downloading https://repo.maven.apache.org/maven2/io/micrometer/micrometer-jakarta9/1.15.4/micrometer-jakarta9-1.15.4.jar
2025-10-08 18:21:14,528 [BasicRepositoryConnector-repo.maven.apache.org-0-0] INFO  o.e.m.c.i.e.AbstractTransferListenerAdapter - Downloading https://repo.maven.apache.org/maven2/io/micrometer/micrometer-core/1.15.4/micrometer-core-1.15.4.jar
2025-10-08 18:21:14,631 [BasicRepositoryConnector-repo.maven.apache.org-0-3] INFO  o.e.m.c.i.e.AbstractTransferListenerAdapter - Downloaded https://repo.maven.apache.org/maven2/org/springframework/boot/spring-boot-actuator-autoconfigure/3.5.6/spring-boot-actuator-autoconfigure-3.5.6.jar
2025-10-08 18:21:14,665 [BasicRepositoryConnector-repo.maven.apache.org-0-3] INFO  o.e.m.c.i.e.AbstractTransferListenerAdapter - Downloading https://repo.maven.apache.org/maven2/org/hdrhistogram/HdrHistogram/2.2.2/HdrHistogram-2.2.2.jar
2025-10-08 18:21:14,689 [BasicRepositoryConnector-repo.maven.apache.org-0-4] INFO  o.e.m.c.i.e.AbstractTransferListenerAdapter - Downloaded https://repo.maven.apache.org/maven2/org/springframework/boot/spring-boot-actuator/3.5.6/spring-boot-actuator-3.5.6.jar
2025-10-08 18:21:14,735 [BasicRepositoryConnector-repo.maven.apache.org-0-4] INFO  o.e.m.c.i.e.AbstractTransferListenerAdapter - Downloading https://repo.maven.apache.org/maven2/org/latencyutils/LatencyUtils/2.0.3/LatencyUtils-2.0.3.jar
2025-10-08 18:21:14,763 [BasicRepositoryConnector-repo.maven.apache.org-0-3] INFO  o.e.m.c.i.e.AbstractTransferListenerAdapter - Downloaded https://repo.maven.apache.org/maven2/org/hdrhistogram/HdrHistogram/2.2.2/HdrHistogram-2.2.2.jar
2025-10-08 18:21:14,773 [BasicRepositoryConnector-repo.maven.apache.org-0-0] INFO  o.e.m.c.i.e.AbstractTransferListenerAdapter - Downloaded https://repo.maven.apache.org/maven2/io/micrometer/micrometer-core/1.15.4/micrometer-core-1.15.4.jar
2025-10-08 18:21:14,813 [BasicRepositoryConnector-repo.maven.apache.org-0-0] INFO  o.e.m.c.i.e.AbstractTransferListenerAdapter - Downloading https://repo.maven.apache.org/maven2/org/freemarker/freemarker/2.3.34/freemarker-2.3.34.jar
2025-10-08 18:21:14,828 [BasicRepositoryConnector-repo.maven.apache.org-0-3] INFO  o.e.m.c.i.e.AbstractTransferListenerAdapter - Downloading https://repo.maven.apache.org/maven2/org/springframework/boot/spring-boot-starter-freemarker/3.5.6/spring-boot-starter-freemarker-3.5.6.jar
2025-10-08 18:21:14,979 [BasicRepositoryConnector-repo.maven.apache.org-0-3] INFO  o.e.m.c.i.e.AbstractTransferListenerAdapter - Downloaded https://repo.maven.apache.org/maven2/org/springframework/boot/spring-boot-starter-freemarker/3.5.6/spring-boot-starter-freemarker-3.5.6.jar
2025-10-08 18:21:15,039 [BasicRepositoryConnector-repo.maven.apache.org-0-3] INFO  o.e.m.c.i.e.AbstractTransferListenerAdapter - Downloading https://repo.maven.apache.org/maven2/org/springframework/spring-context-support/6.2.11/spring-context-support-6.2.11.jar
2025-10-08 18:21:15,057 [BasicRepositoryConnector-repo.maven.apache.org-0-0] INFO  o.e.m.c.i.e.AbstractTransferListenerAdapter - Downloaded https://repo.maven.apache.org/maven2/org/freemarker/freemarker/2.3.34/freemarker-2.3.34.jar
2025-10-08 18:21:15,106 [BasicRepositoryConnector-repo.maven.apache.org-0-0] INFO  o.e.m.c.i.e.AbstractTransferListenerAdapter - Downloading https://repo.maven.apache.org/maven2/com/google/code/gson/gson/2.13.2/gson-2.13.2.jar
2025-10-08 18:21:15,106 [BasicRepositoryConnector-repo.maven.apache.org-0-3] INFO  o.e.m.c.i.e.AbstractTransferListenerAdapter - Downloaded https://repo.maven.apache.org/maven2/org/springframework/spring-context-support/6.2.11/spring-context-support-6.2.11.jar
2025-10-08 18:21:15,199 [BasicRepositoryConnector-repo.maven.apache.org-0-3] INFO  o.e.m.c.i.e.AbstractTransferListenerAdapter - Downloading https://repo.maven.apache.org/maven2/org/apache/httpcomponents/core5/httpcore5/5.3.5/httpcore5-5.3.5.jar
2025-10-08 18:21:15,253 [BasicRepositoryConnector-repo.maven.apache.org-0-2] INFO  o.e.m.c.i.e.AbstractTransferListenerAdapter - Downloaded https://repo.maven.apache.org/maven2/io/micrometer/micrometer-commons/1.15.4/micrometer-commons-1.15.4.jar
2025-10-08 18:21:15,253 [BasicRepositoryConnector-repo.maven.apache.org-0-0] INFO  o.e.m.c.i.e.AbstractTransferListenerAdapter - Downloaded https://repo.maven.apache.org/maven2/com/google/code/gson/gson/2.13.2/gson-2.13.2.jar
2025-10-08 18:21:15,292 [BasicRepositoryConnector-repo.maven.apache.org-0-2] INFO  o.e.m.c.i.e.AbstractTransferListenerAdapter - Downloading https://repo.maven.apache.org/maven2/org/apache/httpcomponents/core5/httpcore5-h2/5.3.5/httpcore5-h2-5.3.5.jar
2025-10-08 18:21:15,323 [BasicRepositoryConnector-repo.maven.apache.org-0-0] INFO  o.e.m.c.i.e.AbstractTransferListenerAdapter - Downloading https://repo.maven.apache.org/maven2/com/netflix/eureka/eureka-client-jersey3/2.0.4/eureka-client-jersey3-2.0.4.jar
2025-10-08 18:21:15,463 [BasicRepositoryConnector-repo.maven.apache.org-0-2] INFO  o.e.m.c.i.e.AbstractTransferListenerAdapter - Downloaded https://repo.maven.apache.org/maven2/org/apache/httpcomponents/core5/httpcore5-h2/5.3.5/httpcore5-h2-5.3.5.jar
2025-10-08 18:21:15,470 [BasicRepositoryConnector-repo.maven.apache.org-0-3] INFO  o.e.m.c.i.e.AbstractTransferListenerAdapter - Downloaded https://repo.maven.apache.org/maven2/org/apache/httpcomponents/core5/httpcore5/5.3.5/httpcore5-5.3.5.jar
2025-10-08 18:21:15,509 [BasicRepositoryConnector-repo.maven.apache.org-0-2] INFO  o.e.m.c.i.e.AbstractTransferListenerAdapter - Downloading https://repo.maven.apache.org/maven2/org/glassfish/jersey/connectors/jersey-apache-connector/3.1.11/jersey-apache-connector-3.1.11.jar
2025-10-08 18:21:15,512 [BasicRepositoryConnector-repo.maven.apache.org-0-3] INFO  o.e.m.c.i.e.AbstractTransferListenerAdapter - Downloading https://repo.maven.apache.org/maven2/com/netflix/eureka/eureka-core-jersey3/2.0.4/eureka-core-jersey3-2.0.4.jar
2025-10-08 18:21:15,548 [BasicRepositoryConnector-repo.maven.apache.org-0-4] INFO  o.e.m.c.i.e.AbstractTransferListenerAdapter - Downloaded https://repo.maven.apache.org/maven2/org/latencyutils/LatencyUtils/2.0.3/LatencyUtils-2.0.3.jar
2025-10-08 18:21:15,587 [BasicRepositoryConnector-repo.maven.apache.org-0-4] INFO  o.e.m.c.i.e.AbstractTransferListenerAdapter - Downloading https://repo.maven.apache.org/maven2/com/netflix/eureka/eureka-core/2.0.4/eureka-core-2.0.4.jar
2025-10-08 18:21:15,697 [BasicRepositoryConnector-repo.maven.apache.org-0-4] INFO  o.e.m.c.i.e.AbstractTransferListenerAdapter - Downloaded https://repo.maven.apache.org/maven2/com/netflix/eureka/eureka-core/2.0.4/eureka-core-2.0.4.jar
2025-10-08 18:21:15,742 [BasicRepositoryConnector-repo.maven.apache.org-0-4] INFO  o.e.m.c.i.e.AbstractTransferListenerAdapter - Downloading https://repo.maven.apache.org/maven2/com/google/guava/guava/33.0.0-jre/guava-33.0.0-jre.jar
2025-10-08 18:21:15,858 [BasicRepositoryConnector-repo.maven.apache.org-0-1] INFO  o.e.m.c.i.e.AbstractTransferListenerAdapter - Downloaded https://repo.maven.apache.org/maven2/io/micrometer/micrometer-jakarta9/1.15.4/micrometer-jakarta9-1.15.4.jar
2025-10-08 18:21:15,899 [BasicRepositoryConnector-repo.maven.apache.org-0-1] INFO  o.e.m.c.i.e.AbstractTransferListenerAdapter - Downloading https://repo.maven.apache.org/maven2/com/google/guava/failureaccess/1.0.2/failureaccess-1.0.2.jar
2025-10-08 18:21:15,994 [BasicRepositoryConnector-repo.maven.apache.org-0-3] INFO  o.e.m.c.i.e.AbstractTransferListenerAdapter - Downloaded https://repo.maven.apache.org/maven2/com/netflix/eureka/eureka-core-jersey3/2.0.4/eureka-core-jersey3-2.0.4.jar
2025-10-08 18:21:16,084 [BasicRepositoryConnector-repo.maven.apache.org-0-3] INFO  o.e.m.c.i.e.AbstractTransferListenerAdapter - Downloading https://repo.maven.apache.org/maven2/com/google/guava/listenablefuture/9999.0-empty-to-avoid-conflict-with-guava/listenablefuture-9999.0-empty-to-avoid-conflict-with-guava.jar
2025-10-08 18:21:16,178 [BasicRepositoryConnector-repo.maven.apache.org-0-1] INFO  o.e.m.c.i.e.AbstractTransferListenerAdapter - Downloaded https://repo.maven.apache.org/maven2/com/google/guava/failureaccess/1.0.2/failureaccess-1.0.2.jar
2025-10-08 18:21:16,205 [BasicRepositoryConnector-repo.maven.apache.org-0-4] INFO  o.e.m.c.i.e.AbstractTransferListenerAdapter - Downloaded https://repo.maven.apache.org/maven2/com/google/guava/guava/33.0.0-jre/guava-33.0.0-jre.jar
2025-10-08 18:21:16,220 [BasicRepositoryConnector-repo.maven.apache.org-0-1] INFO  o.e.m.c.i.e.AbstractTransferListenerAdapter - Downloading https://repo.maven.apache.org/maven2/org/checkerframework/checker-qual/3.41.0/checker-qual-3.41.0.jar
2025-10-08 18:21:16,243 [BasicRepositoryConnector-repo.maven.apache.org-0-0] INFO  o.e.m.c.i.e.AbstractTransferListenerAdapter - Downloaded https://repo.maven.apache.org/maven2/com/netflix/eureka/eureka-client-jersey3/2.0.4/eureka-client-jersey3-2.0.4.jar
2025-10-08 18:21:16,250 [BasicRepositoryConnector-repo.maven.apache.org-0-4] INFO  o.e.m.c.i.e.AbstractTransferListenerAdapter - Downloading https://repo.maven.apache.org/maven2/com/google/errorprone/error_prone_annotations/2.23.0/error_prone_annotations-2.23.0.jar
2025-10-08 18:21:16,284 [BasicRepositoryConnector-repo.maven.apache.org-0-3] INFO  o.e.m.c.i.e.AbstractTransferListenerAdapter - Downloaded https://repo.maven.apache.org/maven2/com/google/guava/listenablefuture/9999.0-empty-to-avoid-conflict-with-guava/listenablefuture-9999.0-empty-to-avoid-conflict-with-guava.jar
2025-10-08 18:21:16,287 [BasicRepositoryConnector-repo.maven.apache.org-0-0] INFO  o.e.m.c.i.e.AbstractTransferListenerAdapter - Downloading https://repo.maven.apache.org/maven2/com/google/j2objc/j2objc-annotations/2.8/j2objc-annotations-2.8.jar
2025-10-08 18:21:16,335 [BasicRepositoryConnector-repo.maven.apache.org-0-3] INFO  o.e.m.c.i.e.AbstractTransferListenerAdapter - Downloading https://repo.maven.apache.org/maven2/org/glassfish/jersey/containers/jersey-container-servlet/3.1.11/jersey-container-servlet-3.1.11.jar
2025-10-08 18:21:16,336 [BasicRepositoryConnector-repo.maven.apache.org-0-1] INFO  o.e.m.c.i.e.AbstractTransferListenerAdapter - Downloaded https://repo.maven.apache.org/maven2/org/checkerframework/checker-qual/3.41.0/checker-qual-3.41.0.jar
2025-10-08 18:21:16,402 [BasicRepositoryConnector-repo.maven.apache.org-0-1] INFO  o.e.m.c.i.e.AbstractTransferListenerAdapter - Downloading https://repo.maven.apache.org/maven2/org/glassfish/jersey/containers/jersey-container-servlet-core/3.1.11/jersey-container-servlet-core-3.1.11.jar
2025-10-08 18:21:16,478 [BasicRepositoryConnector-repo.maven.apache.org-0-1] INFO  o.e.m.c.i.e.AbstractTransferListenerAdapter - Downloaded https://repo.maven.apache.org/maven2/org/glassfish/jersey/containers/jersey-container-servlet-core/3.1.11/jersey-container-servlet-core-3.1.11.jar
2025-10-08 18:21:16,513 [BasicRepositoryConnector-repo.maven.apache.org-0-1] INFO  o.e.m.c.i.e.AbstractTransferListenerAdapter - Downloading https://repo.maven.apache.org/maven2/org/glassfish/jersey/core/jersey-common/3.1.11/jersey-common-3.1.11.jar
2025-10-08 18:21:16,794 [BasicRepositoryConnector-repo.maven.apache.org-0-1] INFO  o.e.m.c.i.e.AbstractTransferListenerAdapter - Downloaded https://repo.maven.apache.org/maven2/org/glassfish/jersey/core/jersey-common/3.1.11/jersey-common-3.1.11.jar
2025-10-08 18:21:16,809 [BasicRepositoryConnector-repo.maven.apache.org-0-0] INFO  o.e.m.c.i.e.AbstractTransferListenerAdapter - Downloaded https://repo.maven.apache.org/maven2/com/google/j2objc/j2objc-annotations/2.8/j2objc-annotations-2.8.jar
2025-10-08 18:21:16,838 [BasicRepositoryConnector-repo.maven.apache.org-0-1] INFO  o.e.m.c.i.e.AbstractTransferListenerAdapter - Downloading https://repo.maven.apache.org/maven2/org/glassfish/hk2/osgi-resource-locator/1.0.3/osgi-resource-locator-1.0.3.jar
2025-10-08 18:21:16,869 [BasicRepositoryConnector-repo.maven.apache.org-0-0] INFO  o.e.m.c.i.e.AbstractTransferListenerAdapter - Downloading https://repo.maven.apache.org/maven2/org/glassfish/jersey/core/jersey-server/3.1.11/jersey-server-3.1.11.jar
2025-10-08 18:21:17,032 [BasicRepositoryConnector-repo.maven.apache.org-0-0] INFO  o.e.m.c.i.e.AbstractTransferListenerAdapter - Downloaded https://repo.maven.apache.org/maven2/org/glassfish/jersey/core/jersey-server/3.1.11/jersey-server-3.1.11.jar
2025-10-08 18:21:17,075 [BasicRepositoryConnector-repo.maven.apache.org-0-0] INFO  o.e.m.c.i.e.AbstractTransferListenerAdapter - Downloading https://repo.maven.apache.org/maven2/org/glassfish/jersey/core/jersey-client/3.1.11/jersey-client-3.1.11.jar
2025-10-08 18:21:17,091 [BasicRepositoryConnector-repo.maven.apache.org-0-2] INFO  o.e.m.c.i.e.AbstractTransferListenerAdapter - Downloaded https://repo.maven.apache.org/maven2/org/glassfish/jersey/connectors/jersey-apache-connector/3.1.11/jersey-apache-connector-3.1.11.jar
2025-10-08 18:21:17,141 [BasicRepositoryConnector-repo.maven.apache.org-0-2] INFO  o.e.m.c.i.e.AbstractTransferListenerAdapter - Downloading https://repo.maven.apache.org/maven2/org/glassfish/jersey/inject/jersey-hk2/3.1.11/jersey-hk2-3.1.11.jar
2025-10-08 18:21:17,190 [BasicRepositoryConnector-repo.maven.apache.org-0-4] INFO  o.e.m.c.i.e.AbstractTransferListenerAdapter - Downloaded https://repo.maven.apache.org/maven2/com/google/errorprone/error_prone_annotations/2.23.0/error_prone_annotations-2.23.0.jar
2025-10-08 18:21:17,206 [BasicRepositoryConnector-repo.maven.apache.org-0-0] INFO  o.e.m.c.i.e.AbstractTransferListenerAdapter - Downloaded https://repo.maven.apache.org/maven2/org/glassfish/jersey/core/jersey-client/3.1.11/jersey-client-3.1.11.jar
2025-10-08 18:21:17,212 [BasicRepositoryConnector-repo.maven.apache.org-0-2] INFO  o.e.m.c.i.e.AbstractTransferListenerAdapter - Downloaded https://repo.maven.apache.org/maven2/org/glassfish/jersey/inject/jersey-hk2/3.1.11/jersey-hk2-3.1.11.jar
2025-10-08 18:21:17,235 [BasicRepositoryConnector-repo.maven.apache.org-0-4] INFO  o.e.m.c.i.e.AbstractTransferListenerAdapter - Downloading https://repo.maven.apache.org/maven2/org/glassfish/hk2/hk2-locator/3.0.6/hk2-locator-3.0.6.jar
2025-10-08 18:21:17,251 [BasicRepositoryConnector-repo.maven.apache.org-0-0] INFO  o.e.m.c.i.e.AbstractTransferListenerAdapter - Downloading https://repo.maven.apache.org/maven2/org/glassfish/hk2/hk2-utils/3.0.6/hk2-utils-3.0.6.jar
2025-10-08 18:21:17,267 [BasicRepositoryConnector-repo.maven.apache.org-0-2] INFO  o.e.m.c.i.e.AbstractTransferListenerAdapter - Downloading https://repo.maven.apache.org/maven2/org/javassist/javassist/3.30.2-GA/javassist-3.30.2-GA.jar
2025-10-08 18:21:17,360 [BasicRepositoryConnector-repo.maven.apache.org-0-0] INFO  o.e.m.c.i.e.AbstractTransferListenerAdapter - Downloaded https://repo.maven.apache.org/maven2/org/glassfish/hk2/hk2-utils/3.0.6/hk2-utils-3.0.6.jar
2025-10-08 18:21:17,368 [BasicRepositoryConnector-repo.maven.apache.org-0-4] INFO  o.e.m.c.i.e.AbstractTransferListenerAdapter - Downloaded https://repo.maven.apache.org/maven2/org/glassfish/hk2/hk2-locator/3.0.6/hk2-locator-3.0.6.jar
2025-10-08 18:21:17,407 [BasicRepositoryConnector-repo.maven.apache.org-0-0] INFO  o.e.m.c.i.e.AbstractTransferListenerAdapter - Downloading https://repo.maven.apache.org/maven2/org/glassfish/hk2/spring-bridge/3.1.1/spring-bridge-3.1.1.jar
2025-10-08 18:21:17,419 [BasicRepositoryConnector-repo.maven.apache.org-0-4] INFO  o.e.m.c.i.e.AbstractTransferListenerAdapter - Downloading https://repo.maven.apache.org/maven2/org/glassfish/hk2/hk2-api/3.1.1/hk2-api-3.1.1.jar
2025-10-08 18:21:17,435 [BasicRepositoryConnector-repo.maven.apache.org-0-3] INFO  o.e.m.c.i.e.AbstractTransferListenerAdapter - Downloaded https://repo.maven.apache.org/maven2/org/glassfish/jersey/containers/jersey-container-servlet/3.1.11/jersey-container-servlet-3.1.11.jar
2025-10-08 18:21:17,435 [BasicRepositoryConnector-repo.maven.apache.org-0-1] INFO  o.e.m.c.i.e.AbstractTransferListenerAdapter - Downloaded https://repo.maven.apache.org/maven2/org/glassfish/hk2/osgi-resource-locator/1.0.3/osgi-resource-locator-1.0.3.jar
2025-10-08 18:21:17,438 [BasicRepositoryConnector-repo.maven.apache.org-0-2] INFO  o.e.m.c.i.e.AbstractTransferListenerAdapter - Downloaded https://repo.maven.apache.org/maven2/org/javassist/javassist/3.30.2-GA/javassist-3.30.2-GA.jar
2025-10-08 18:21:17,482 [BasicRepositoryConnector-repo.maven.apache.org-0-2] INFO  o.e.m.c.i.e.AbstractTransferListenerAdapter - Downloading https://repo.maven.apache.org/maven2/com/fasterxml/woodstox/woodstox-core/7.1.1/woodstox-core-7.1.1.jar
2025-10-08 18:21:17,499 [BasicRepositoryConnector-repo.maven.apache.org-0-1] INFO  o.e.m.c.i.e.AbstractTransferListenerAdapter - Downloading https://repo.maven.apache.org/maven2/org/codehaus/woodstox/stax2-api/4.2.2/stax2-api-4.2.2.jar
2025-10-08 18:21:17,505 [BasicRepositoryConnector-repo.maven.apache.org-0-3] INFO  o.e.m.c.i.e.AbstractTransferListenerAdapter - Downloading https://repo.maven.apache.org/maven2/com/fasterxml/jackson/dataformat/jackson-dataformat-xml/2.19.2/jackson-dataformat-xml-2.19.2.jar
2025-10-08 18:21:17,533 [BasicRepositoryConnector-repo.maven.apache.org-0-4] INFO  o.e.m.c.i.e.AbstractTransferListenerAdapter - Downloaded https://repo.maven.apache.org/maven2/org/glassfish/hk2/hk2-api/3.1.1/hk2-api-3.1.1.jar
2025-10-08 18:21:17,613 [BasicRepositoryConnector-repo.maven.apache.org-0-3] INFO  o.e.m.c.i.e.AbstractTransferListenerAdapter - Downloaded https://repo.maven.apache.org/maven2/com/fasterxml/jackson/dataformat/jackson-dataformat-xml/2.19.2/jackson-dataformat-xml-2.19.2.jar
2025-10-08 18:21:17,625 [BasicRepositoryConnector-repo.maven.apache.org-0-1] INFO  o.e.m.c.i.e.AbstractTransferListenerAdapter - Downloaded https://repo.maven.apache.org/maven2/org/codehaus/woodstox/stax2-api/4.2.2/stax2-api-4.2.2.jar
2025-10-08 18:21:17,667 [BasicRepositoryConnector-repo.maven.apache.org-0-4] INFO  o.e.m.c.i.e.AbstractTransferListenerAdapter - Downloading https://repo.maven.apache.org/maven2/io/projectreactor/reactor-core/3.7.11/reactor-core-3.7.11.jar
2025-10-08 18:21:17,684 [BasicRepositoryConnector-repo.maven.apache.org-0-1] INFO  o.e.m.c.i.e.AbstractTransferListenerAdapter - Downloading https://repo.maven.apache.org/maven2/org/springframework/boot/spring-boot-starter-cache/3.5.6/spring-boot-starter-cache-3.5.6.jar
2025-10-08 18:21:17,698 [BasicRepositoryConnector-repo.maven.apache.org-0-3] INFO  o.e.m.c.i.e.AbstractTransferListenerAdapter - Downloading https://repo.maven.apache.org/maven2/io/projectreactor/addons/reactor-extra/3.5.3/reactor-extra-3.5.3.jar
2025-10-08 18:21:17,814 [BasicRepositoryConnector-repo.maven.apache.org-0-3] INFO  o.e.m.c.i.e.AbstractTransferListenerAdapter - Downloaded https://repo.maven.apache.org/maven2/io/projectreactor/addons/reactor-extra/3.5.3/reactor-extra-3.5.3.jar
2025-10-08 18:21:17,826 [BasicRepositoryConnector-repo.maven.apache.org-0-1] INFO  o.e.m.c.i.e.AbstractTransferListenerAdapter - Downloaded https://repo.maven.apache.org/maven2/org/springframework/boot/spring-boot-starter-cache/3.5.6/spring-boot-starter-cache-3.5.6.jar
2025-10-08 18:21:17,854 [BasicRepositoryConnector-repo.maven.apache.org-0-3] INFO  o.e.m.c.i.e.AbstractTransferListenerAdapter - Downloading https://repo.maven.apache.org/maven2/org/springframework/boot/spring-boot-starter-test/3.5.6/spring-boot-starter-test-3.5.6.jar
2025-10-08 18:21:17,855 [BasicRepositoryConnector-repo.maven.apache.org-0-2] INFO  o.e.m.c.i.e.AbstractTransferListenerAdapter - Downloaded https://repo.maven.apache.org/maven2/com/fasterxml/woodstox/woodstox-core/7.1.1/woodstox-core-7.1.1.jar
2025-10-08 18:21:17,882 [BasicRepositoryConnector-repo.maven.apache.org-0-1] INFO  o.e.m.c.i.e.AbstractTransferListenerAdapter - Downloading https://repo.maven.apache.org/maven2/org/springframework/boot/spring-boot-test/3.5.6/spring-boot-test-3.5.6.jar
2025-10-08 18:21:17,897 [BasicRepositoryConnector-repo.maven.apache.org-0-2] INFO  o.e.m.c.i.e.AbstractTransferListenerAdapter - Downloading https://repo.maven.apache.org/maven2/org/springframework/boot/spring-boot-test-autoconfigure/3.5.6/spring-boot-test-autoconfigure-3.5.6.jar
2025-10-08 18:21:17,924 [BasicRepositoryConnector-repo.maven.apache.org-0-0] INFO  o.e.m.c.i.e.AbstractTransferListenerAdapter - Downloaded https://repo.maven.apache.org/maven2/org/glassfish/hk2/spring-bridge/3.1.1/spring-bridge-3.1.1.jar
2025-10-08 18:21:17,954 [BasicRepositoryConnector-repo.maven.apache.org-0-3] INFO  o.e.m.c.i.e.AbstractTransferListenerAdapter - Downloaded https://repo.maven.apache.org/maven2/org/springframework/boot/spring-boot-starter-test/3.5.6/spring-boot-starter-test-3.5.6.jar
2025-10-08 18:21:17,963 [BasicRepositoryConnector-repo.maven.apache.org-0-4] INFO  o.e.m.c.i.e.AbstractTransferListenerAdapter - Downloaded https://repo.maven.apache.org/maven2/io/projectreactor/reactor-core/3.7.11/reactor-core-3.7.11.jar
2025-10-08 18:21:17,979 [BasicRepositoryConnector-repo.maven.apache.org-0-1] INFO  o.e.m.c.i.e.AbstractTransferListenerAdapter - Downloaded https://repo.maven.apache.org/maven2/org/springframework/boot/spring-boot-test/3.5.6/spring-boot-test-3.5.6.jar
2025-10-08 18:21:17,982 [BasicRepositoryConnector-repo.maven.apache.org-0-0] INFO  o.e.m.c.i.e.AbstractTransferListenerAdapter - Downloading https://repo.maven.apache.org/maven2/jakarta/activation/jakarta.activation-api/2.1.4/jakarta.activation-api-2.1.4.jar
2025-10-08 18:21:17,994 [BasicRepositoryConnector-repo.maven.apache.org-0-3] INFO  o.e.m.c.i.e.AbstractTransferListenerAdapter - Downloading https://repo.maven.apache.org/maven2/org/springframework/spring-core/6.2.11/spring-core-6.2.11.jar
2025-10-08 18:21:18,006 [BasicRepositoryConnector-repo.maven.apache.org-0-4] INFO  o.e.m.c.i.e.AbstractTransferListenerAdapter - Downloading https://repo.maven.apache.org/maven2/org/springframework/spring-jcl/6.2.11/spring-jcl-6.2.11.jar
2025-10-08 18:21:18,014 [BasicRepositoryConnector-repo.maven.apache.org-0-2] INFO  o.e.m.c.i.e.AbstractTransferListenerAdapter - Downloaded https://repo.maven.apache.org/maven2/org/springframework/boot/spring-boot-test-autoconfigure/3.5.6/spring-boot-test-autoconfigure-3.5.6.jar
2025-10-08 18:21:18,016 [BasicRepositoryConnector-repo.maven.apache.org-0-1] INFO  o.e.m.c.i.e.AbstractTransferListenerAdapter - Downloading https://repo.maven.apache.org/maven2/org/springframework/spring-test/6.2.11/spring-test-6.2.11.jar
2025-10-08 18:21:18,055 [BasicRepositoryConnector-repo.maven.apache.org-0-0] INFO  o.e.m.c.i.e.AbstractTransferListenerAdapter - Downloaded https://repo.maven.apache.org/maven2/jakarta/activation/jakarta.activation-api/2.1.4/jakarta.activation-api-2.1.4.jar
2025-10-08 18:21:18,065 [BasicRepositoryConnector-repo.maven.apache.org-0-2] INFO  o.e.m.c.i.e.AbstractTransferListenerAdapter - Downloading https://repo.maven.apache.org/maven2/org/xmlunit/xmlunit-core/2.10.4/xmlunit-core-2.10.4.jar
2025-10-08 18:21:18,283 [BasicRepositoryConnector-repo.maven.apache.org-0-2] INFO  o.e.m.c.i.e.AbstractTransferListenerAdapter - Downloaded https://repo.maven.apache.org/maven2/org/xmlunit/xmlunit-core/2.10.4/xmlunit-core-2.10.4.jar
2025-10-08 18:21:18,319 [BasicRepositoryConnector-repo.maven.apache.org-0-1] INFO  o.e.m.c.i.e.AbstractTransferListenerAdapter - Downloaded https://repo.maven.apache.org/maven2/org/springframework/spring-test/6.2.11/spring-test-6.2.11.jar
2025-10-08 18:21:18,355 [BasicRepositoryConnector-repo.maven.apache.org-0-3] INFO  o.e.m.c.i.e.AbstractTransferListenerAdapter - Downloaded https://repo.maven.apache.org/maven2/org/springframework/spring-core/6.2.11/spring-core-6.2.11.jar
2025-10-08 18:21:18,597 [BasicRepositoryConnector-repo.maven.apache.org-0-4] INFO  o.e.m.c.i.e.AbstractTransferListenerAdapter - Downloaded https://repo.maven.apache.org/maven2/org/springframework/spring-jcl/6.2.11/spring-jcl-6.2.11.jar
2025-10-08 18:21:19,097 [Worker-14: Importing Maven projects] INFO  o.e.m.c.i.l.LifecycleMappingFactory - Using org.eclipse.m2e.jdt.JarLifecycleMapping lifecycle mapping for MavenProject: com.irene:orderService:0.0.1-SNAPSHOT @ C:\Users\irene\eclipse-workspace\E-Comm_Appln\order-service\pom.xml.
2025-10-08 18:21:19,903 [Worker-14: Importing Maven projects] INFO  o.e.m.c.i.l.LifecycleMappingFactory - Using org.eclipse.m2e.jdt.JarLifecycleMapping lifecycle mapping for MavenProject: com.irene:productService:0.0.1-SNAPSHOT @ C:\Users\irene\eclipse-workspace\E-Comm_Appln\product-service\pom.xml.
2025-10-08 18:21:20,238 [Worker-14: Importing Maven projects] INFO  o.e.m.c.i.e.AbstractTransferListenerAdapter - Downloading https://repo.maven.apache.org/maven2/org/apache/maven/plugins/maven-surefire-plugin/3.5.4/maven-surefire-plugin-3.5.4.pom
2025-10-08 18:21:20,299 [Worker-14: Importing Maven projects] INFO  o.e.m.c.i.e.AbstractTransferListenerAdapter - Downloaded https://repo.maven.apache.org/maven2/org/apache/maven/plugins/maven-surefire-plugin/3.5.4/maven-surefire-plugin-3.5.4.pom
2025-10-08 18:21:20,347 [Worker-14: Importing Maven projects] INFO  o.e.m.c.i.e.AbstractTransferListenerAdapter - Downloading https://repo.maven.apache.org/maven2/org/apache/maven/surefire/surefire/3.5.4/surefire-3.5.4.pom
2025-10-08 18:21:20,414 [Worker-14: Importing Maven projects] INFO  o.e.m.c.i.e.AbstractTransferListenerAdapter - Downloaded https://repo.maven.apache.org/maven2/org/apache/maven/surefire/surefire/3.5.4/surefire-3.5.4.pom
2025-10-08 18:21:22,897 [Worker-37: Download sources and javadoc] INFO  o.e.m.c.i.e.AbstractTransferListenerAdapter - Downloading https://repo.maven.apache.org/maven2/org/springframework/boot/spring-boot-starter-web/3.5.6/spring-boot-starter-web-3.5.6-sources.jar
2025-10-08 18:21:23,017 [Worker-37: Download sources and javadoc] INFO  o.e.m.c.i.e.AbstractTransferListenerAdapter - Downloaded https://repo.maven.apache.org/maven2/org/springframework/boot/spring-boot-starter-web/3.5.6/spring-boot-starter-web-3.5.6-sources.jar
2025-10-08 18:21:23,025 [Worker-37: Download sources and javadoc] INFO  o.e.m.j.internal.DownloadSourcesJob - Downloaded sources for org.springframework.boot:spring-boot-starter-web:3.5.6
2025-10-08 18:21:23,084 [Worker-37: Download sources and javadoc] INFO  o.e.m.c.i.e.AbstractTransferListenerAdapter - Downloading https://repo.maven.apache.org/maven2/org/springframework/boot/spring-boot-starter/3.5.6/spring-boot-starter-3.5.6-sources.jar
2025-10-08 18:21:23,182 [Worker-14: Importing Maven projects] INFO  o.e.m.j.i.AbstractJavaProjectConfigurator - Adding source folder /service-registry/src/main/java
2025-10-08 18:21:23,183 [Worker-14: Importing Maven projects] INFO  o.e.m.j.i.AbstractJavaProjectConfigurator - Adding resource folder /service-registry/src/main/resources
2025-10-08 18:21:23,197 [Worker-37: Download sources and javadoc] INFO  o.e.m.c.i.e.AbstractTransferListenerAdapter - Downloaded https://repo.maven.apache.org/maven2/org/springframework/boot/spring-boot-starter/3.5.6/spring-boot-starter-3.5.6-sources.jar
2025-10-08 18:21:23,206 [Worker-37: Download sources and javadoc] INFO  o.e.m.j.internal.DownloadSourcesJob - Downloaded sources for org.springframework.boot:spring-boot-starter:3.5.6
2025-10-08 18:21:23,208 [Worker-14: Importing Maven projects] INFO  o.e.m.j.i.AbstractJavaProjectConfigurator - Adding resource folder /service-registry/src/main/resources
2025-10-08 18:21:23,237 [Worker-14: Importing Maven projects] INFO  o.e.m.j.i.AbstractJavaProjectConfigurator - Adding source folder /service-registry/src/test/java
2025-10-08 18:21:23,239 [Worker-14: Importing Maven projects] INFO  o.e.m.j.i.AbstractJavaProjectConfigurator - Adding resource folder /service-registry/src/test/resources
2025-10-08 18:21:23,276 [Worker-37: Download sources and javadoc] INFO  o.e.m.c.i.e.AbstractTransferListenerAdapter - Downloading https://repo.maven.apache.org/maven2/org/springframework/boot/spring-boot/3.5.6/spring-boot-3.5.6-sources.jar
2025-10-08 18:21:23,481 [Worker-37: Download sources and javadoc] INFO  o.e.m.c.i.e.AbstractTransferListenerAdapter - Downloaded https://repo.maven.apache.org/maven2/org/springframework/boot/spring-boot/3.5.6/spring-boot-3.5.6-sources.jar
2025-10-08 18:21:23,489 [Worker-37: Download sources and javadoc] INFO  o.e.m.j.internal.DownloadSourcesJob - Downloaded sources for org.springframework.boot:spring-boot:3.5.6
2025-10-08 18:21:23,607 [Worker-37: Download sources and javadoc] INFO  o.e.m.c.i.e.AbstractTransferListenerAdapter - Downloading https://repo.maven.apache.org/maven2/org/springframework/boot/spring-boot-autoconfigure/3.5.6/spring-boot-autoconfigure-3.5.6-sources.jar
2025-10-08 18:21:23,786 [Worker-37: Download sources and javadoc] INFO  o.e.m.c.i.e.AbstractTransferListenerAdapter - Downloaded https://repo.maven.apache.org/maven2/org/springframework/boot/spring-boot-autoconfigure/3.5.6/spring-boot-autoconfigure-3.5.6-sources.jar
2025-10-08 18:21:23,793 [Worker-37: Download sources and javadoc] INFO  o.e.m.j.internal.DownloadSourcesJob - Downloaded sources for org.springframework.boot:spring-boot-autoconfigure:3.5.6
2025-10-08 18:21:23,864 [Worker-37: Download sources and javadoc] INFO  o.e.m.c.i.e.AbstractTransferListenerAdapter - Downloading https://repo.maven.apache.org/maven2/org/springframework/boot/spring-boot-starter-logging/3.5.6/spring-boot-starter-logging-3.5.6-sources.jar
2025-10-08 18:21:23,987 [Worker-37: Download sources and javadoc] INFO  o.e.m.c.i.e.AbstractTransferListenerAdapter - Downloaded https://repo.maven.apache.org/maven2/org/springframework/boot/spring-boot-starter-logging/3.5.6/spring-boot-starter-logging-3.5.6-sources.jar
2025-10-08 18:21:23,994 [Worker-37: Download sources and javadoc] INFO  o.e.m.j.internal.DownloadSourcesJob - Downloaded sources for org.springframework.boot:spring-boot-starter-logging:3.5.6
2025-10-08 18:21:24,065 [Worker-37: Download sources and javadoc] INFO  o.e.m.c.i.e.AbstractTransferListenerAdapter - Downloading https://repo.maven.apache.org/maven2/org/springframework/boot/spring-boot-starter-json/3.5.6/spring-boot-starter-json-3.5.6-sources.jar
2025-10-08 18:21:24,169 [Worker-37: Download sources and javadoc] INFO  o.e.m.c.i.e.AbstractTransferListenerAdapter - Downloaded https://repo.maven.apache.org/maven2/org/springframework/boot/spring-boot-starter-json/3.5.6/spring-boot-starter-json-3.5.6-sources.jar
2025-10-08 18:21:24,177 [Worker-37: Download sources and javadoc] INFO  o.e.m.j.internal.DownloadSourcesJob - Downloaded sources for org.springframework.boot:spring-boot-starter-json:3.5.6
2025-10-08 18:21:24,235 [Worker-37: Download sources and javadoc] INFO  o.e.m.c.i.e.AbstractTransferListenerAdapter - Downloading https://repo.maven.apache.org/maven2/org/springframework/boot/spring-boot-starter-tomcat/3.5.6/spring-boot-starter-tomcat-3.5.6-sources.jar
2025-10-08 18:21:24,356 [Worker-37: Download sources and javadoc] INFO  o.e.m.c.i.e.AbstractTransferListenerAdapter - Downloaded https://repo.maven.apache.org/maven2/org/springframework/boot/spring-boot-starter-tomcat/3.5.6/spring-boot-starter-tomcat-3.5.6-sources.jar
2025-10-08 18:21:24,366 [Worker-37: Download sources and javadoc] INFO  o.e.m.j.internal.DownloadSourcesJob - Downloaded sources for org.springframework.boot:spring-boot-starter-tomcat:3.5.6
2025-10-08 18:21:24,404 [Worker-14: Importing Maven projects] INFO  o.e.m.c.i.p.ProjectConfigurationManager - Imported and configured 1 project(s) in 31 sec
2025-10-08 18:21:24,469 [Worker-14: Updating Maven Project] INFO  o.e.m.c.i.p.ProjectConfigurationManager - Update started
2025-10-08 18:21:24,546 [Worker-37: Download sources and javadoc] INFO  o.e.m.c.i.e.AbstractTransferListenerAdapter - Downloading https://repo.maven.apache.org/maven2/org/apache/tomcat/embed/tomcat-embed-core/10.1.46/tomcat-embed-core-10.1.46-sources.jar
2025-10-08 18:21:25,033 [Worker-37: Download sources and javadoc] INFO  o.e.m.c.i.e.AbstractTransferListenerAdapter - Downloaded https://repo.maven.apache.org/maven2/org/apache/tomcat/embed/tomcat-embed-core/10.1.46/tomcat-embed-core-10.1.46-sources.jar
2025-10-08 18:21:25,067 [Worker-37: Download sources and javadoc] INFO  o.e.m.j.internal.DownloadSourcesJob - Downloaded sources for org.apache.tomcat.embed:tomcat-embed-core:10.1.46
2025-10-08 18:21:27,040 [Worker-37: Download sources and javadoc] INFO  o.e.m.c.i.e.AbstractTransferListenerAdapter - Downloading https://repo.maven.apache.org/maven2/org/apache/tomcat/embed/tomcat-embed-el/10.1.46/tomcat-embed-el-10.1.46-sources.jar
2025-10-08 18:21:27,063 [Worker-14: Updating Maven Project] INFO  o.e.m.c.i.l.LifecycleMappingFactory - Using org.eclipse.m2e.jdt.JarLifecycleMapping lifecycle mapping for MavenProject: com.irene:service-registry:0.0.1-SNAPSHOT @ C:\Users\irene\eclipse-workspace\E-Comm_Appln\service-registry\pom.xml.
2025-10-08 18:21:27,147 [Worker-37: Download sources and javadoc] INFO  o.e.m.c.i.e.AbstractTransferListenerAdapter - Downloaded https://repo.maven.apache.org/maven2/org/apache/tomcat/embed/tomcat-embed-el/10.1.46/tomcat-embed-el-10.1.46-sources.jar
2025-10-08 18:21:27,155 [Worker-37: Download sources and javadoc] INFO  o.e.m.j.internal.DownloadSourcesJob - Downloaded sources for org.apache.tomcat.embed:tomcat-embed-el:10.1.46
2025-10-08 18:21:27,227 [Worker-37: Download sources and javadoc] INFO  o.e.m.c.i.e.AbstractTransferListenerAdapter - Downloading https://repo.maven.apache.org/maven2/org/apache/tomcat/embed/tomcat-embed-websocket/10.1.46/tomcat-embed-websocket-10.1.46-sources.jar
2025-10-08 18:21:27,331 [Worker-37: Download sources and javadoc] INFO  o.e.m.c.i.e.AbstractTransferListenerAdapter - Downloaded https://repo.maven.apache.org/maven2/org/apache/tomcat/embed/tomcat-embed-websocket/10.1.46/tomcat-embed-websocket-10.1.46-sources.jar
2025-10-08 18:21:27,338 [Worker-37: Download sources and javadoc] INFO  o.e.m.j.internal.DownloadSourcesJob - Downloaded sources for org.apache.tomcat.embed:tomcat-embed-websocket:10.1.46
2025-10-08 18:21:27,412 [Worker-37: Download sources and javadoc] INFO  o.e.m.c.i.e.AbstractTransferListenerAdapter - Downloading https://repo.maven.apache.org/maven2/org/springframework/spring-web/6.2.11/spring-web-6.2.11-sources.jar
2025-10-08 18:21:27,646 [Worker-37: Download sources and javadoc] INFO  o.e.m.c.i.e.AbstractTransferListenerAdapter - Downloaded https://repo.maven.apache.org/maven2/org/springframework/spring-web/6.2.11/spring-web-6.2.11-sources.jar
2025-10-08 18:21:27,652 [Worker-37: Download sources and javadoc] INFO  o.e.m.j.internal.DownloadSourcesJob - Downloaded sources for org.springframework:spring-web:6.2.11
2025-10-08 18:21:27,730 [Worker-37: Download sources and javadoc] INFO  o.e.m.c.i.e.AbstractTransferListenerAdapter - Downloading https://repo.maven.apache.org/maven2/org/springframework/spring-beans/6.2.11/spring-beans-6.2.11-sources.jar
2025-10-08 18:21:27,866 [Worker-37: Download sources and javadoc] INFO  o.e.m.c.i.e.AbstractTransferListenerAdapter - Downloaded https://repo.maven.apache.org/maven2/org/springframework/spring-beans/6.2.11/spring-beans-6.2.11-sources.jar
2025-10-08 18:21:27,873 [Worker-37: Download sources and javadoc] INFO  o.e.m.j.internal.DownloadSourcesJob - Downloaded sources for org.springframework:spring-beans:6.2.11
2025-10-08 18:21:27,940 [Worker-37: Download sources and javadoc] INFO  o.e.m.c.i.e.AbstractTransferListenerAdapter - Downloading https://repo.maven.apache.org/maven2/io/micrometer/micrometer-observation/1.15.4/micrometer-observation-1.15.4-sources.jar
2025-10-08 18:21:28,013 [Worker-37: Download sources and javadoc] INFO  o.e.m.c.i.e.AbstractTransferListenerAdapter - Downloaded https://repo.maven.apache.org/maven2/io/micrometer/micrometer-observation/1.15.4/micrometer-observation-1.15.4-sources.jar
2025-10-08 18:21:28,021 [Worker-37: Download sources and javadoc] INFO  o.e.m.j.internal.DownloadSourcesJob - Downloaded sources for io.micrometer:micrometer-observation:1.15.4
2025-10-08 18:21:28,110 [Worker-37: Download sources and javadoc] INFO  o.e.m.c.i.e.AbstractTransferListenerAdapter - Downloading https://repo.maven.apache.org/maven2/io/micrometer/micrometer-commons/1.15.4/micrometer-commons-1.15.4-sources.jar
2025-10-08 18:21:28,677 [Worker-14: Updating Maven Project] INFO  o.e.m.j.i.AbstractJavaProjectConfigurator - Adding source folder /service-registry/src/main/java
2025-10-08 18:21:28,678 [Worker-14: Updating Maven Project] INFO  o.e.m.j.i.AbstractJavaProjectConfigurator - Adding resource folder /service-registry/src/main/resources
2025-10-08 18:21:28,680 [Worker-14: Updating Maven Project] INFO  o.e.m.j.i.AbstractJavaProjectConfigurator - Adding resource folder /service-registry/src/main/resources
2025-10-08 18:21:28,681 [Worker-14: Updating Maven Project] INFO  o.e.m.j.i.AbstractJavaProjectConfigurator - Adding source folder /service-registry/src/test/java
2025-10-08 18:21:28,682 [Worker-14: Updating Maven Project] INFO  o.e.m.j.i.AbstractJavaProjectConfigurator - Adding resource folder /service-registry/src/test/resources
2025-10-08 18:21:29,517 [Worker-14: Updating Maven Project] INFO  o.e.m.c.i.p.ProjectConfigurationManager - Update completed for 1 poms: local refresh takes 0.00 sec, refresh facades takes 4.00 sec, update config takes 0.00 sec 
2025-10-08 18:21:29,530 [Worker-14: Updating Maven Project] INFO  o.e.m.c.i.p.ProjectConfigurationManager - Update started
2025-10-08 18:21:29,531 [Worker-37: Download sources and javadoc] INFO  o.e.m.c.i.e.AbstractTransferListenerAdapter - Downloaded https://repo.maven.apache.org/maven2/io/micrometer/micrometer-commons/1.15.4/micrometer-commons-1.15.4-sources.jar
2025-10-08 18:21:29,538 [Worker-37: Download sources and javadoc] INFO  o.e.m.j.internal.DownloadSourcesJob - Downloaded sources for io.micrometer:micrometer-commons:1.15.4
2025-10-08 18:21:29,624 [Worker-37: Download sources and javadoc] INFO  o.e.m.c.i.e.AbstractTransferListenerAdapter - Downloading https://repo.maven.apache.org/maven2/org/springframework/spring-webmvc/6.2.11/spring-webmvc-6.2.11-sources.jar
2025-10-08 18:21:30,117 [Worker-37: Download sources and javadoc] INFO  o.e.m.c.i.e.AbstractTransferListenerAdapter - Downloaded https://repo.maven.apache.org/maven2/org/springframework/spring-webmvc/6.2.11/spring-webmvc-6.2.11-sources.jar
2025-10-08 18:21:30,123 [Worker-37: Download sources and javadoc] INFO  o.e.m.j.internal.DownloadSourcesJob - Downloaded sources for org.springframework:spring-webmvc:6.2.11
2025-10-08 18:21:31,651 [Worker-14: Updating Maven Project] INFO  o.e.m.c.i.l.LifecycleMappingFactory - Using org.eclipse.m2e.jdt.JarLifecycleMapping lifecycle mapping for MavenProject: com.irene:service-registry:0.0.1-SNAPSHOT @ C:\Users\irene\eclipse-workspace\E-Comm_Appln\service-registry\pom.xml.
2025-10-08 18:21:31,656 [Worker-37: Download sources and javadoc] INFO  o.e.m.c.i.e.AbstractTransferListenerAdapter - Downloading https://repo.maven.apache.org/maven2/org/springframework/spring-aop/6.2.11/spring-aop-6.2.11-sources.jar
2025-10-08 18:21:31,753 [Worker-37: Download sources and javadoc] INFO  o.e.m.c.i.e.AbstractTransferListenerAdapter - Downloaded https://repo.maven.apache.org/maven2/org/springframework/spring-aop/6.2.11/spring-aop-6.2.11-sources.jar
2025-10-08 18:21:31,759 [Worker-37: Download sources and javadoc] INFO  o.e.m.j.internal.DownloadSourcesJob - Downloaded sources for org.springframework:spring-aop:6.2.11
2025-10-08 18:21:31,853 [Worker-37: Download sources and javadoc] INFO  o.e.m.c.i.e.AbstractTransferListenerAdapter - Downloading https://repo.maven.apache.org/maven2/org/springframework/spring-context/6.2.11/spring-context-6.2.11-sources.jar
2025-10-08 18:21:32,024 [Worker-37: Download sources and javadoc] INFO  o.e.m.c.i.e.AbstractTransferListenerAdapter - Downloaded https://repo.maven.apache.org/maven2/org/springframework/spring-context/6.2.11/spring-context-6.2.11-sources.jar
2025-10-08 18:21:32,032 [Worker-37: Download sources and javadoc] INFO  o.e.m.j.internal.DownloadSourcesJob - Downloaded sources for org.springframework:spring-context:6.2.11
2025-10-08 18:21:32,134 [Worker-37: Download sources and javadoc] INFO  o.e.m.c.i.e.AbstractTransferListenerAdapter - Downloading https://repo.maven.apache.org/maven2/org/springframework/spring-expression/6.2.11/spring-expression-6.2.11-sources.jar
2025-10-08 18:21:32,237 [Worker-37: Download sources and javadoc] INFO  o.e.m.c.i.e.AbstractTransferListenerAdapter - Downloaded https://repo.maven.apache.org/maven2/org/springframework/spring-expression/6.2.11/spring-expression-6.2.11-sources.jar
2025-10-08 18:21:32,243 [Worker-37: Download sources and javadoc] INFO  o.e.m.j.internal.DownloadSourcesJob - Downloaded sources for org.springframework:spring-expression:6.2.11
2025-10-08 18:21:32,332 [Worker-37: Download sources and javadoc] INFO  o.e.m.c.i.e.AbstractTransferListenerAdapter - Downloaded https://repo.maven.apache.org/maven2/org/springframework/cloud/spring-cloud-starter-netflix-eureka-server/4.3.0/spring-cloud-starter-netflix-eureka-server-4.3.0-sources.jar
2025-10-08 18:21:32,341 [Worker-37: Download sources and javadoc] ERROR o.e.m.j.internal.DownloadSourcesJob - Could not download sources for org.springframework.cloud:spring-cloud-starter-netflix-eureka-server:4.3.0
org.eclipse.core.runtime.CoreException: Could not resolve artifact org.springframework.cloud:spring-cloud-starter-netflix-eureka-server:jar:sources:4.3.0
	at org.eclipse.m2e.core.internal.embedder.MavenImpl.lambda$7(MavenImpl.java:540)
	at org.eclipse.m2e.core.internal.embedder.MavenExecutionContext.executeBare(MavenExecutionContext.java:458)
	at org.eclipse.m2e.core.internal.embedder.MavenExecutionContext.execute(MavenExecutionContext.java:292)
	at org.eclipse.m2e.core.internal.embedder.MavenExecutionContext.execute(MavenExecutionContext.java:278)
	at org.eclipse.m2e.core.internal.embedder.MavenImpl.resolve(MavenImpl.java:509)
	at org.eclipse.m2e.core.internal.embedder.MavenImpl.resolve(MavenImpl.java:494)
	at org.eclipse.m2e.jdt.internal.DownloadSourcesJob.download(DownloadSourcesJob.java:308)
	at org.eclipse.m2e.jdt.internal.DownloadSourcesJob.downloadAttachments(DownloadSourcesJob.java:282)
	at org.eclipse.m2e.jdt.internal.DownloadSourcesJob.downloadMaven(DownloadSourcesJob.java:252)
	at org.eclipse.m2e.jdt.internal.DownloadSourcesJob.downloadFilesAndPopulateToUpdate(DownloadSourcesJob.java:220)
	at org.eclipse.m2e.jdt.internal.DownloadSourcesJob.lambda$0(DownloadSourcesJob.java:149)
	at org.eclipse.m2e.core.internal.embedder.MavenExecutionContext.executeBare(MavenExecutionContext.java:458)
	at org.eclipse.m2e.core.internal.embedder.MavenExecutionContext.execute(MavenExecutionContext.java:339)
	at org.eclipse.m2e.core.internal.embedder.MavenExecutionContext.execute(MavenExecutionContext.java:278)
	at org.eclipse.m2e.core.embedder.IMaven.execute(IMaven.java:300)
	at org.eclipse.m2e.jdt.internal.DownloadSourcesJob.run(DownloadSourcesJob.java:149)
	at org.eclipse.core.internal.jobs.Worker.run(Worker.java:63)
2025-10-08 18:21:32,442 [Worker-37: Download sources and javadoc] INFO  o.e.m.c.i.e.AbstractTransferListenerAdapter - Downloading https://repo.maven.apache.org/maven2/org/springframework/security/spring-security-crypto/6.5.5/spring-security-crypto-6.5.5-sources.jar
2025-10-08 18:21:32,529 [Worker-37: Download sources and javadoc] INFO  o.e.m.c.i.e.AbstractTransferListenerAdapter - Downloaded https://repo.maven.apache.org/maven2/org/springframework/security/spring-security-crypto/6.5.5/spring-security-crypto-6.5.5-sources.jar
2025-10-08 18:21:32,536 [Worker-37: Download sources and javadoc] INFO  o.e.m.j.internal.DownloadSourcesJob - Downloaded sources for org.springframework.security:spring-security-crypto:6.5.5
2025-10-08 18:21:32,601 [Worker-37: Download sources and javadoc] INFO  o.e.m.c.i.e.AbstractTransferListenerAdapter - Downloading https://repo.maven.apache.org/maven2/org/springframework/cloud/spring-cloud-netflix-eureka-server/4.3.0/spring-cloud-netflix-eureka-server-4.3.0-sources.jar
2025-10-08 18:21:32,698 [Worker-37: Download sources and javadoc] INFO  o.e.m.c.i.e.AbstractTransferListenerAdapter - Downloaded https://repo.maven.apache.org/maven2/org/springframework/cloud/spring-cloud-netflix-eureka-server/4.3.0/spring-cloud-netflix-eureka-server-4.3.0-sources.jar
2025-10-08 18:21:32,704 [Worker-37: Download sources and javadoc] INFO  o.e.m.j.internal.DownloadSourcesJob - Downloaded sources for org.springframework.cloud:spring-cloud-netflix-eureka-server:4.3.0
2025-10-08 18:21:32,766 [Worker-37: Download sources and javadoc] INFO  o.e.m.c.i.e.AbstractTransferListenerAdapter - Downloading https://repo.maven.apache.org/maven2/org/springframework/boot/spring-boot-starter-actuator/3.5.6/spring-boot-starter-actuator-3.5.6-sources.jar
2025-10-08 18:21:32,868 [Worker-37: Download sources and javadoc] INFO  o.e.m.c.i.e.AbstractTransferListenerAdapter - Downloaded https://repo.maven.apache.org/maven2/org/springframework/boot/spring-boot-starter-actuator/3.5.6/spring-boot-starter-actuator-3.5.6-sources.jar
2025-10-08 18:21:32,875 [Worker-37: Download sources and javadoc] INFO  o.e.m.j.internal.DownloadSourcesJob - Downloaded sources for org.springframework.boot:spring-boot-starter-actuator:3.5.6
2025-10-08 18:21:32,959 [Worker-37: Download sources and javadoc] INFO  o.e.m.c.i.e.AbstractTransferListenerAdapter - Downloading https://repo.maven.apache.org/maven2/org/springframework/boot/spring-boot-actuator-autoconfigure/3.5.6/spring-boot-actuator-autoconfigure-3.5.6-sources.jar
2025-10-08 18:21:33,094 [Worker-37: Download sources and javadoc] INFO  o.e.m.c.i.e.AbstractTransferListenerAdapter - Downloaded https://repo.maven.apache.org/maven2/org/springframework/boot/spring-boot-actuator-autoconfigure/3.5.6/spring-boot-actuator-autoconfigure-3.5.6-sources.jar
2025-10-08 18:21:33,101 [Worker-37: Download sources and javadoc] INFO  o.e.m.j.internal.DownloadSourcesJob - Downloaded sources for org.springframework.boot:spring-boot-actuator-autoconfigure:3.5.6
2025-10-08 18:21:33,189 [Worker-37: Download sources and javadoc] INFO  o.e.m.c.i.e.AbstractTransferListenerAdapter - Downloading https://repo.maven.apache.org/maven2/org/springframework/boot/spring-boot-actuator/3.5.6/spring-boot-actuator-3.5.6-sources.jar
2025-10-08 18:21:33,356 [Worker-37: Download sources and javadoc] INFO  o.e.m.c.i.e.AbstractTransferListenerAdapter - Downloaded https://repo.maven.apache.org/maven2/org/springframework/boot/spring-boot-actuator/3.5.6/spring-boot-actuator-3.5.6-sources.jar
2025-10-08 18:21:33,362 [Worker-37: Download sources and javadoc] INFO  o.e.m.j.internal.DownloadSourcesJob - Downloaded sources for org.springframework.boot:spring-boot-actuator:3.5.6
2025-10-08 18:21:33,365 [Worker-14: Updating Maven Project] INFO  o.e.m.j.i.AbstractJavaProjectConfigurator - Adding source folder /service-registry/src/main/java
2025-10-08 18:21:33,367 [Worker-14: Updating Maven Project] INFO  o.e.m.j.i.AbstractJavaProjectConfigurator - Adding resource folder /service-registry/src/main/resources
2025-10-08 18:21:33,369 [Worker-14: Updating Maven Project] INFO  o.e.m.j.i.AbstractJavaProjectConfigurator - Adding resource folder /service-registry/src/main/resources
2025-10-08 18:21:33,369 [Worker-14: Updating Maven Project] INFO  o.e.m.j.i.AbstractJavaProjectConfigurator - Adding source folder /service-registry/src/test/java
2025-10-08 18:21:33,370 [Worker-14: Updating Maven Project] INFO  o.e.m.j.i.AbstractJavaProjectConfigurator - Adding resource folder /service-registry/src/test/resources
2025-10-08 18:21:33,434 [Worker-37: Download sources and javadoc] INFO  o.e.m.c.i.e.AbstractTransferListenerAdapter - Downloading https://repo.maven.apache.org/maven2/io/micrometer/micrometer-jakarta9/1.15.4/micrometer-jakarta9-1.15.4-sources.jar
2025-10-08 18:21:34,055 [Worker-37: Download sources and javadoc] INFO  o.e.m.c.i.e.AbstractTransferListenerAdapter - Downloaded https://repo.maven.apache.org/maven2/io/micrometer/micrometer-jakarta9/1.15.4/micrometer-jakarta9-1.15.4-sources.jar
2025-10-08 18:21:34,063 [Worker-37: Download sources and javadoc] INFO  o.e.m.j.internal.DownloadSourcesJob - Downloaded sources for io.micrometer:micrometer-jakarta9:1.15.4
2025-10-08 18:21:34,138 [Worker-14: Updating Maven Project] INFO  o.e.m.c.i.p.ProjectConfigurationManager - Update completed for 1 poms: local refresh takes 0.00 sec, refresh facades takes 3.00 sec, update config takes 0.00 sec 
2025-10-08 18:21:34,158 [Worker-37: Download sources and javadoc] INFO  o.e.m.c.i.e.AbstractTransferListenerAdapter - Downloading https://repo.maven.apache.org/maven2/io/micrometer/micrometer-core/1.15.4/micrometer-core-1.15.4-sources.jar
2025-10-08 18:21:34,285 [Worker-37: Download sources and javadoc] INFO  o.e.m.c.i.e.AbstractTransferListenerAdapter - Downloaded https://repo.maven.apache.org/maven2/io/micrometer/micrometer-core/1.15.4/micrometer-core-1.15.4-sources.jar
2025-10-08 18:21:34,294 [Worker-37: Download sources and javadoc] INFO  o.e.m.j.internal.DownloadSourcesJob - Downloaded sources for io.micrometer:micrometer-core:1.15.4
2025-10-08 18:21:34,374 [Worker-37: Download sources and javadoc] INFO  o.e.m.c.i.e.AbstractTransferListenerAdapter - Downloading https://repo.maven.apache.org/maven2/org/hdrhistogram/HdrHistogram/2.2.2/HdrHistogram-2.2.2-sources.jar
2025-10-08 18:21:34,459 [Worker-37: Download sources and javadoc] INFO  o.e.m.c.i.e.AbstractTransferListenerAdapter - Downloaded https://repo.maven.apache.org/maven2/org/hdrhistogram/HdrHistogram/2.2.2/HdrHistogram-2.2.2-sources.jar
2025-10-08 18:21:34,468 [Worker-37: Download sources and javadoc] INFO  o.e.m.j.internal.DownloadSourcesJob - Downloaded sources for org.hdrhistogram:HdrHistogram:2.2.2
2025-10-08 18:21:34,552 [Worker-37: Download sources and javadoc] INFO  o.e.m.c.i.e.AbstractTransferListenerAdapter - Downloading https://repo.maven.apache.org/maven2/org/latencyutils/LatencyUtils/2.0.3/LatencyUtils-2.0.3-sources.jar
2025-10-08 18:21:34,799 [Worker-31: Building] INFO  o.a.m.s.f.DefaultMavenResourcesFiltering - Copying 1 resource from src\main\resources to target\classes
2025-10-08 18:21:34,824 [Worker-31: Building] INFO  o.a.m.s.f.DefaultMavenResourcesFiltering - Copying 0 resource from src\main\resources to target\classes
2025-10-08 18:21:34,831 [Worker-31: Building] INFO  o.a.m.s.f.DefaultMavenResourcesFiltering - skip non existing resourceDirectory C:\Users\irene\eclipse-workspace\E-Comm_Appln\service-registry\src\test\resources
2025-10-08 18:21:35,021 [Worker-37: Download sources and javadoc] INFO  o.e.m.c.i.e.AbstractTransferListenerAdapter - Downloaded https://repo.maven.apache.org/maven2/org/latencyutils/LatencyUtils/2.0.3/LatencyUtils-2.0.3-sources.jar
2025-10-08 18:21:35,029 [Worker-37: Download sources and javadoc] INFO  o.e.m.j.internal.DownloadSourcesJob - Downloaded sources for org.latencyutils:LatencyUtils:2.0.3
2025-10-08 18:21:35,102 [Worker-37: Download sources and javadoc] INFO  o.e.m.c.i.e.AbstractTransferListenerAdapter - Downloading https://repo.maven.apache.org/maven2/org/springframework/boot/spring-boot-starter-freemarker/3.5.6/spring-boot-starter-freemarker-3.5.6-sources.jar
2025-10-08 18:21:35,116 [Worker-37: Download sources and javadoc] INFO  o.e.m.c.i.e.AbstractTransferListenerAdapter - Downloaded https://repo.maven.apache.org/maven2/org/springframework/boot/spring-boot-starter-freemarker/3.5.6/spring-boot-starter-freemarker-3.5.6-sources.jar
2025-10-08 18:21:35,124 [Worker-37: Download sources and javadoc] INFO  o.e.m.j.internal.DownloadSourcesJob - Downloaded sources for org.springframework.boot:spring-boot-starter-freemarker:3.5.6
2025-10-08 18:21:35,204 [Worker-37: Download sources and javadoc] INFO  o.e.m.c.i.e.AbstractTransferListenerAdapter - Downloading https://repo.maven.apache.org/maven2/org/freemarker/freemarker/2.3.34/freemarker-2.3.34-sources.jar
2025-10-08 18:21:35,409 [Worker-37: Download sources and javadoc] INFO  o.e.m.c.i.e.AbstractTransferListenerAdapter - Downloaded https://repo.maven.apache.org/maven2/org/freemarker/freemarker/2.3.34/freemarker-2.3.34-sources.jar
2025-10-08 18:21:35,416 [Worker-37: Download sources and javadoc] INFO  o.e.m.j.internal.DownloadSourcesJob - Downloaded sources for org.freemarker:freemarker:2.3.34
2025-10-08 18:21:35,488 [Worker-37: Download sources and javadoc] INFO  o.e.m.c.i.e.AbstractTransferListenerAdapter - Downloading https://repo.maven.apache.org/maven2/org/springframework/spring-context-support/6.2.11/spring-context-support-6.2.11-sources.jar
2025-10-08 18:21:35,569 [Worker-37: Download sources and javadoc] INFO  o.e.m.c.i.e.AbstractTransferListenerAdapter - Downloaded https://repo.maven.apache.org/maven2/org/springframework/spring-context-support/6.2.11/spring-context-support-6.2.11-sources.jar
2025-10-08 18:21:35,576 [Worker-37: Download sources and javadoc] INFO  o.e.m.j.internal.DownloadSourcesJob - Downloaded sources for org.springframework:spring-context-support:6.2.11
2025-10-08 18:21:35,647 [Worker-37: Download sources and javadoc] INFO  o.e.m.c.i.e.AbstractTransferListenerAdapter - Downloading https://repo.maven.apache.org/maven2/com/google/code/gson/gson/2.13.2/gson-2.13.2-sources.jar
2025-10-08 18:21:35,749 [Worker-37: Download sources and javadoc] INFO  o.e.m.c.i.e.AbstractTransferListenerAdapter - Downloaded https://repo.maven.apache.org/maven2/com/google/code/gson/gson/2.13.2/gson-2.13.2-sources.jar
2025-10-08 18:21:35,757 [Worker-37: Download sources and javadoc] INFO  o.e.m.j.internal.DownloadSourcesJob - Downloaded sources for com.google.code.gson:gson:2.13.2
2025-10-08 18:21:35,834 [Worker-37: Download sources and javadoc] INFO  o.e.m.c.i.e.AbstractTransferListenerAdapter - Downloading https://repo.maven.apache.org/maven2/org/apache/httpcomponents/core5/httpcore5/5.3.5/httpcore5-5.3.5-sources.jar
2025-10-08 18:21:36,002 [Worker-37: Download sources and javadoc] INFO  o.e.m.c.i.e.AbstractTransferListenerAdapter - Downloaded https://repo.maven.apache.org/maven2/org/apache/httpcomponents/core5/httpcore5/5.3.5/httpcore5-5.3.5-sources.jar
2025-10-08 18:21:36,009 [Worker-37: Download sources and javadoc] INFO  o.e.m.j.internal.DownloadSourcesJob - Downloaded sources for org.apache.httpcomponents.core5:httpcore5:5.3.5
2025-10-08 18:21:36,076 [Worker-37: Download sources and javadoc] INFO  o.e.m.c.i.e.AbstractTransferListenerAdapter - Downloading https://repo.maven.apache.org/maven2/org/apache/httpcomponents/core5/httpcore5-h2/5.3.5/httpcore5-h2-5.3.5-sources.jar
2025-10-08 18:21:36,161 [Worker-37: Download sources and javadoc] INFO  o.e.m.c.i.e.AbstractTransferListenerAdapter - Downloaded https://repo.maven.apache.org/maven2/org/apache/httpcomponents/core5/httpcore5-h2/5.3.5/httpcore5-h2-5.3.5-sources.jar
2025-10-08 18:21:36,166 [Worker-37: Download sources and javadoc] INFO  o.e.m.j.internal.DownloadSourcesJob - Downloaded sources for org.apache.httpcomponents.core5:httpcore5-h2:5.3.5
2025-10-08 18:21:36,245 [Worker-37: Download sources and javadoc] INFO  o.e.m.c.i.e.AbstractTransferListenerAdapter - Downloading https://repo.maven.apache.org/maven2/com/netflix/eureka/eureka-client-jersey3/2.0.4/eureka-client-jersey3-2.0.4-sources.jar
2025-10-08 18:21:36,665 [Worker-37: Download sources and javadoc] INFO  o.e.m.c.i.e.AbstractTransferListenerAdapter - Downloaded https://repo.maven.apache.org/maven2/com/netflix/eureka/eureka-client-jersey3/2.0.4/eureka-client-jersey3-2.0.4-sources.jar
2025-10-08 18:21:36,672 [Worker-37: Download sources and javadoc] INFO  o.e.m.j.internal.DownloadSourcesJob - Downloaded sources for com.netflix.eureka:eureka-client-jersey3:2.0.4
2025-10-08 18:21:36,732 [Worker-37: Download sources and javadoc] INFO  o.e.m.c.i.e.AbstractTransferListenerAdapter - Downloading https://repo.maven.apache.org/maven2/org/glassfish/jersey/connectors/jersey-apache-connector/3.1.11/jersey-apache-connector-3.1.11-sources.jar
2025-10-08 18:21:37,300 [Worker-37: Download sources and javadoc] INFO  o.e.m.c.i.e.AbstractTransferListenerAdapter - Downloaded https://repo.maven.apache.org/maven2/org/glassfish/jersey/connectors/jersey-apache-connector/3.1.11/jersey-apache-connector-3.1.11-sources.jar
2025-10-08 18:21:37,306 [Worker-37: Download sources and javadoc] INFO  o.e.m.j.internal.DownloadSourcesJob - Downloaded sources for org.glassfish.jersey.connectors:jersey-apache-connector:3.1.11
2025-10-08 18:21:37,384 [Worker-37: Download sources and javadoc] INFO  o.e.m.c.i.e.AbstractTransferListenerAdapter - Downloading https://repo.maven.apache.org/maven2/com/netflix/eureka/eureka-core-jersey3/2.0.4/eureka-core-jersey3-2.0.4-sources.jar
2025-10-08 18:21:37,737 [Worker-37: Download sources and javadoc] INFO  o.e.m.c.i.e.AbstractTransferListenerAdapter - Downloaded https://repo.maven.apache.org/maven2/com/netflix/eureka/eureka-core-jersey3/2.0.4/eureka-core-jersey3-2.0.4-sources.jar
2025-10-08 18:21:37,744 [Worker-37: Download sources and javadoc] INFO  o.e.m.j.internal.DownloadSourcesJob - Downloaded sources for com.netflix.eureka:eureka-core-jersey3:2.0.4
2025-10-08 18:21:37,810 [Worker-37: Download sources and javadoc] INFO  o.e.m.c.i.e.AbstractTransferListenerAdapter - Downloading https://repo.maven.apache.org/maven2/com/netflix/eureka/eureka-core/2.0.4/eureka-core-2.0.4-sources.jar
2025-10-08 18:21:37,941 [Worker-37: Download sources and javadoc] INFO  o.e.m.c.i.e.AbstractTransferListenerAdapter - Downloaded https://repo.maven.apache.org/maven2/com/netflix/eureka/eureka-core/2.0.4/eureka-core-2.0.4-sources.jar
2025-10-08 18:21:37,947 [Worker-37: Download sources and javadoc] INFO  o.e.m.j.internal.DownloadSourcesJob - Downloaded sources for com.netflix.eureka:eureka-core:2.0.4
2025-10-08 18:21:38,015 [Worker-37: Download sources and javadoc] INFO  o.e.m.c.i.e.AbstractTransferListenerAdapter - Downloading https://repo.maven.apache.org/maven2/com/google/guava/guava/33.0.0-jre/guava-33.0.0-jre-sources.jar
2025-10-08 18:21:38,306 [Worker-37: Download sources and javadoc] INFO  o.e.m.c.i.e.AbstractTransferListenerAdapter - Downloaded https://repo.maven.apache.org/maven2/com/google/guava/guava/33.0.0-jre/guava-33.0.0-jre-sources.jar
2025-10-08 18:21:38,313 [Worker-37: Download sources and javadoc] INFO  o.e.m.j.internal.DownloadSourcesJob - Downloaded sources for com.google.guava:guava:33.0.0-jre
2025-10-08 18:21:38,382 [Worker-37: Download sources and javadoc] INFO  o.e.m.c.i.e.AbstractTransferListenerAdapter - Downloading https://repo.maven.apache.org/maven2/com/google/guava/failureaccess/1.0.2/failureaccess-1.0.2-sources.jar
2025-10-08 18:21:38,460 [Worker-37: Download sources and javadoc] INFO  o.e.m.c.i.e.AbstractTransferListenerAdapter - Downloaded https://repo.maven.apache.org/maven2/com/google/guava/failureaccess/1.0.2/failureaccess-1.0.2-sources.jar
2025-10-08 18:21:38,466 [Worker-37: Download sources and javadoc] INFO  o.e.m.j.internal.DownloadSourcesJob - Downloaded sources for com.google.guava:failureaccess:1.0.2
2025-10-08 18:21:38,534 [Worker-37: Download sources and javadoc] INFO  o.e.m.c.i.e.AbstractTransferListenerAdapter - Downloaded https://repo.maven.apache.org/maven2/com/google/guava/listenablefuture/9999.0-empty-to-avoid-conflict-with-guava/listenablefuture-9999.0-empty-to-avoid-conflict-with-guava-sources.jar
2025-10-08 18:21:38,538 [Worker-37: Download sources and javadoc] ERROR o.e.m.j.internal.DownloadSourcesJob - Could not download sources for com.google.guava:listenablefuture:9999.0-empty-to-avoid-conflict-with-guava
org.eclipse.core.runtime.CoreException: Could not resolve artifact com.google.guava:listenablefuture:jar:sources:9999.0-empty-to-avoid-conflict-with-guava
	at org.eclipse.m2e.core.internal.embedder.MavenImpl.lambda$7(MavenImpl.java:540)
	at org.eclipse.m2e.core.internal.embedder.MavenExecutionContext.executeBare(MavenExecutionContext.java:458)
	at org.eclipse.m2e.core.internal.embedder.MavenExecutionContext.execute(MavenExecutionContext.java:292)
	at org.eclipse.m2e.core.internal.embedder.MavenExecutionContext.execute(MavenExecutionContext.java:278)
	at org.eclipse.m2e.core.internal.embedder.MavenImpl.resolve(MavenImpl.java:509)
	at org.eclipse.m2e.core.internal.embedder.MavenImpl.resolve(MavenImpl.java:494)
	at org.eclipse.m2e.jdt.internal.DownloadSourcesJob.download(DownloadSourcesJob.java:308)
	at org.eclipse.m2e.jdt.internal.DownloadSourcesJob.downloadAttachments(DownloadSourcesJob.java:282)
	at org.eclipse.m2e.jdt.internal.DownloadSourcesJob.downloadMaven(DownloadSourcesJob.java:252)
	at org.eclipse.m2e.jdt.internal.DownloadSourcesJob.downloadFilesAndPopulateToUpdate(DownloadSourcesJob.java:220)
	at org.eclipse.m2e.jdt.internal.DownloadSourcesJob.lambda$0(DownloadSourcesJob.java:149)
	at org.eclipse.m2e.core.internal.embedder.MavenExecutionContext.executeBare(MavenExecutionContext.java:458)
	at org.eclipse.m2e.core.internal.embedder.MavenExecutionContext.execute(MavenExecutionContext.java:339)
	at org.eclipse.m2e.core.internal.embedder.MavenExecutionContext.execute(MavenExecutionContext.java:278)
	at org.eclipse.m2e.core.embedder.IMaven.execute(IMaven.java:300)
	at org.eclipse.m2e.jdt.internal.DownloadSourcesJob.run(DownloadSourcesJob.java:149)
	at org.eclipse.core.internal.jobs.Worker.run(Worker.java:63)
2025-10-08 18:21:38,605 [Worker-37: Download sources and javadoc] INFO  o.e.m.c.i.e.AbstractTransferListenerAdapter - Downloading https://repo.maven.apache.org/maven2/org/checkerframework/checker-qual/3.41.0/checker-qual-3.41.0-sources.jar
2025-10-08 18:21:38,688 [Worker-37: Download sources and javadoc] INFO  o.e.m.c.i.e.AbstractTransferListenerAdapter - Downloaded https://repo.maven.apache.org/maven2/org/checkerframework/checker-qual/3.41.0/checker-qual-3.41.0-sources.jar
2025-10-08 18:21:38,695 [Worker-37: Download sources and javadoc] INFO  o.e.m.j.internal.DownloadSourcesJob - Downloaded sources for org.checkerframework:checker-qual:3.41.0
2025-10-08 18:21:38,777 [Worker-37: Download sources and javadoc] INFO  o.e.m.c.i.e.AbstractTransferListenerAdapter - Downloading https://repo.maven.apache.org/maven2/com/google/errorprone/error_prone_annotations/2.23.0/error_prone_annotations-2.23.0-sources.jar
2025-10-08 18:21:39,832 [Worker-37: Download sources and javadoc] INFO  o.e.m.c.i.e.AbstractTransferListenerAdapter - Downloaded https://repo.maven.apache.org/maven2/com/google/errorprone/error_prone_annotations/2.23.0/error_prone_annotations-2.23.0-sources.jar
2025-10-08 18:21:39,838 [Worker-37: Download sources and javadoc] INFO  o.e.m.j.internal.DownloadSourcesJob - Downloaded sources for com.google.errorprone:error_prone_annotations:2.23.0
2025-10-08 18:21:39,893 [Worker-37: Download sources and javadoc] INFO  o.e.m.c.i.e.AbstractTransferListenerAdapter - Downloading https://repo.maven.apache.org/maven2/com/google/j2objc/j2objc-annotations/2.8/j2objc-annotations-2.8-sources.jar
2025-10-08 18:21:40,240 [Worker-37: Download sources and javadoc] INFO  o.e.m.c.i.e.AbstractTransferListenerAdapter - Downloaded https://repo.maven.apache.org/maven2/com/google/j2objc/j2objc-annotations/2.8/j2objc-annotations-2.8-sources.jar
2025-10-08 18:21:40,247 [Worker-37: Download sources and javadoc] INFO  o.e.m.j.internal.DownloadSourcesJob - Downloaded sources for com.google.j2objc:j2objc-annotations:2.8
2025-10-08 18:21:40,310 [Worker-37: Download sources and javadoc] INFO  o.e.m.c.i.e.AbstractTransferListenerAdapter - Downloading https://repo.maven.apache.org/maven2/org/glassfish/jersey/containers/jersey-container-servlet/3.1.11/jersey-container-servlet-3.1.11-sources.jar
2025-10-08 18:21:40,862 [Worker-37: Download sources and javadoc] INFO  o.e.m.c.i.e.AbstractTransferListenerAdapter - Downloaded https://repo.maven.apache.org/maven2/org/glassfish/jersey/containers/jersey-container-servlet/3.1.11/jersey-container-servlet-3.1.11-sources.jar
2025-10-08 18:21:40,869 [Worker-37: Download sources and javadoc] INFO  o.e.m.j.internal.DownloadSourcesJob - Downloaded sources for org.glassfish.jersey.containers:jersey-container-servlet:3.1.11
2025-10-08 18:21:40,933 [Worker-37: Download sources and javadoc] INFO  o.e.m.c.i.e.AbstractTransferListenerAdapter - Downloading https://repo.maven.apache.org/maven2/org/glassfish/jersey/containers/jersey-container-servlet-core/3.1.11/jersey-container-servlet-core-3.1.11-sources.jar
2025-10-08 18:21:41,000 [Worker-37: Download sources and javadoc] INFO  o.e.m.c.i.e.AbstractTransferListenerAdapter - Downloaded https://repo.maven.apache.org/maven2/org/glassfish/jersey/containers/jersey-container-servlet-core/3.1.11/jersey-container-servlet-core-3.1.11-sources.jar
2025-10-08 18:21:41,005 [Worker-37: Download sources and javadoc] INFO  o.e.m.j.internal.DownloadSourcesJob - Downloaded sources for org.glassfish.jersey.containers:jersey-container-servlet-core:3.1.11
2025-10-08 18:21:41,135 [Worker-37: Download sources and javadoc] INFO  o.e.m.c.i.e.AbstractTransferListenerAdapter - Downloading https://repo.maven.apache.org/maven2/org/glassfish/jersey/core/jersey-common/3.1.11/jersey-common-3.1.11-sources.jar
2025-10-08 18:21:41,276 [Worker-37: Download sources and javadoc] INFO  o.e.m.c.i.e.AbstractTransferListenerAdapter - Downloaded https://repo.maven.apache.org/maven2/org/glassfish/jersey/core/jersey-common/3.1.11/jersey-common-3.1.11-sources.jar
2025-10-08 18:21:41,282 [Worker-37: Download sources and javadoc] INFO  o.e.m.j.internal.DownloadSourcesJob - Downloaded sources for org.glassfish.jersey.core:jersey-common:3.1.11
2025-10-08 18:21:41,344 [Worker-37: Download sources and javadoc] INFO  o.e.m.c.i.e.AbstractTransferListenerAdapter - Downloading https://repo.maven.apache.org/maven2/org/glassfish/hk2/osgi-resource-locator/1.0.3/osgi-resource-locator-1.0.3-sources.jar
2025-10-08 18:21:41,640 [Worker-37: Download sources and javadoc] INFO  o.e.m.c.i.e.AbstractTransferListenerAdapter - Downloaded https://repo.maven.apache.org/maven2/org/glassfish/hk2/osgi-resource-locator/1.0.3/osgi-resource-locator-1.0.3-sources.jar
2025-10-08 18:21:41,647 [Worker-37: Download sources and javadoc] INFO  o.e.m.j.internal.DownloadSourcesJob - Downloaded sources for org.glassfish.hk2:osgi-resource-locator:1.0.3
2025-10-08 18:21:41,793 [Worker-37: Download sources and javadoc] INFO  o.e.m.c.i.e.AbstractTransferListenerAdapter - Downloading https://repo.maven.apache.org/maven2/org/glassfish/jersey/core/jersey-server/3.1.11/jersey-server-3.1.11-sources.jar
2025-10-08 18:21:41,967 [Worker-37: Download sources and javadoc] INFO  o.e.m.c.i.e.AbstractTransferListenerAdapter - Downloaded https://repo.maven.apache.org/maven2/org/glassfish/jersey/core/jersey-server/3.1.11/jersey-server-3.1.11-sources.jar
2025-10-08 18:21:41,974 [Worker-37: Download sources and javadoc] INFO  o.e.m.j.internal.DownloadSourcesJob - Downloaded sources for org.glassfish.jersey.core:jersey-server:3.1.11
2025-10-08 18:21:42,041 [Worker-37: Download sources and javadoc] INFO  o.e.m.c.i.e.AbstractTransferListenerAdapter - Downloading https://repo.maven.apache.org/maven2/org/glassfish/jersey/core/jersey-client/3.1.11/jersey-client-3.1.11-sources.jar
2025-10-08 18:21:42,112 [Worker-37: Download sources and javadoc] INFO  o.e.m.c.i.e.AbstractTransferListenerAdapter - Downloaded https://repo.maven.apache.org/maven2/org/glassfish/jersey/core/jersey-client/3.1.11/jersey-client-3.1.11-sources.jar
2025-10-08 18:21:42,121 [Worker-37: Download sources and javadoc] INFO  o.e.m.j.internal.DownloadSourcesJob - Downloaded sources for org.glassfish.jersey.core:jersey-client:3.1.11
2025-10-08 18:21:42,191 [Worker-37: Download sources and javadoc] INFO  o.e.m.c.i.e.AbstractTransferListenerAdapter - Downloading https://repo.maven.apache.org/maven2/org/glassfish/jersey/inject/jersey-hk2/3.1.11/jersey-hk2-3.1.11-sources.jar
2025-10-08 18:21:43,093 [Worker-37: Download sources and javadoc] INFO  o.e.m.c.i.e.AbstractTransferListenerAdapter - Downloaded https://repo.maven.apache.org/maven2/org/glassfish/jersey/inject/jersey-hk2/3.1.11/jersey-hk2-3.1.11-sources.jar
2025-10-08 18:21:43,099 [Worker-37: Download sources and javadoc] INFO  o.e.m.j.internal.DownloadSourcesJob - Downloaded sources for org.glassfish.jersey.inject:jersey-hk2:3.1.11
2025-10-08 18:21:43,272 [Worker-37: Download sources and javadoc] INFO  o.e.m.c.i.e.AbstractTransferListenerAdapter - Downloading https://repo.maven.apache.org/maven2/org/glassfish/hk2/hk2-locator/3.0.6/hk2-locator-3.0.6-sources.jar
2025-10-08 18:21:43,333 [Worker-37: Download sources and javadoc] INFO  o.e.m.c.i.e.AbstractTransferListenerAdapter - Downloaded https://repo.maven.apache.org/maven2/org/glassfish/hk2/hk2-locator/3.0.6/hk2-locator-3.0.6-sources.jar
2025-10-08 18:21:43,339 [Worker-37: Download sources and javadoc] INFO  o.e.m.j.internal.DownloadSourcesJob - Downloaded sources for org.glassfish.hk2:hk2-locator:3.0.6
2025-10-08 18:21:43,396 [Worker-37: Download sources and javadoc] INFO  o.e.m.c.i.e.AbstractTransferListenerAdapter - Downloading https://repo.maven.apache.org/maven2/org/glassfish/hk2/hk2-utils/3.0.6/hk2-utils-3.0.6-sources.jar
2025-10-08 18:21:43,466 [Worker-37: Download sources and javadoc] INFO  o.e.m.c.i.e.AbstractTransferListenerAdapter - Downloaded https://repo.maven.apache.org/maven2/org/glassfish/hk2/hk2-utils/3.0.6/hk2-utils-3.0.6-sources.jar
2025-10-08 18:21:43,471 [Worker-37: Download sources and javadoc] INFO  o.e.m.j.internal.DownloadSourcesJob - Downloaded sources for org.glassfish.hk2:hk2-utils:3.0.6
2025-10-08 18:21:43,541 [Worker-37: Download sources and javadoc] INFO  o.e.m.c.i.e.AbstractTransferListenerAdapter - Downloading https://repo.maven.apache.org/maven2/org/javassist/javassist/3.30.2-GA/javassist-3.30.2-GA-sources.jar
2025-10-08 18:21:43,645 [Worker-37: Download sources and javadoc] INFO  o.e.m.c.i.e.AbstractTransferListenerAdapter - Downloaded https://repo.maven.apache.org/maven2/org/javassist/javassist/3.30.2-GA/javassist-3.30.2-GA-sources.jar
2025-10-08 18:21:43,652 [Worker-37: Download sources and javadoc] INFO  o.e.m.j.internal.DownloadSourcesJob - Downloaded sources for org.javassist:javassist:3.30.2-GA
2025-10-08 18:21:43,721 [Worker-37: Download sources and javadoc] INFO  o.e.m.c.i.e.AbstractTransferListenerAdapter - Downloading https://repo.maven.apache.org/maven2/org/glassfish/hk2/spring-bridge/3.1.1/spring-bridge-3.1.1-sources.jar
2025-10-08 18:21:44,285 [Worker-37: Download sources and javadoc] INFO  o.e.m.c.i.e.AbstractTransferListenerAdapter - Downloaded https://repo.maven.apache.org/maven2/org/glassfish/hk2/spring-bridge/3.1.1/spring-bridge-3.1.1-sources.jar
2025-10-08 18:21:44,292 [Worker-37: Download sources and javadoc] INFO  o.e.m.j.internal.DownloadSourcesJob - Downloaded sources for org.glassfish.hk2:spring-bridge:3.1.1
2025-10-08 18:21:44,432 [Worker-37: Download sources and javadoc] INFO  o.e.m.c.i.e.AbstractTransferListenerAdapter - Downloading https://repo.maven.apache.org/maven2/org/glassfish/hk2/hk2-api/3.1.1/hk2-api-3.1.1-sources.jar
2025-10-08 18:21:44,500 [Worker-37: Download sources and javadoc] INFO  o.e.m.c.i.e.AbstractTransferListenerAdapter - Downloaded https://repo.maven.apache.org/maven2/org/glassfish/hk2/hk2-api/3.1.1/hk2-api-3.1.1-sources.jar
2025-10-08 18:21:44,506 [Worker-37: Download sources and javadoc] INFO  o.e.m.j.internal.DownloadSourcesJob - Downloaded sources for org.glassfish.hk2:hk2-api:3.1.1
2025-10-08 18:21:44,576 [Worker-37: Download sources and javadoc] INFO  o.e.m.c.i.e.AbstractTransferListenerAdapter - Downloading https://repo.maven.apache.org/maven2/com/fasterxml/jackson/dataformat/jackson-dataformat-xml/2.19.2/jackson-dataformat-xml-2.19.2-sources.jar
2025-10-08 18:21:44,633 [Worker-37: Download sources and javadoc] INFO  o.e.m.c.i.e.AbstractTransferListenerAdapter - Downloaded https://repo.maven.apache.org/maven2/com/fasterxml/jackson/dataformat/jackson-dataformat-xml/2.19.2/jackson-dataformat-xml-2.19.2-sources.jar
2025-10-08 18:21:44,640 [Worker-37: Download sources and javadoc] INFO  o.e.m.j.internal.DownloadSourcesJob - Downloaded sources for com.fasterxml.jackson.dataformat:jackson-dataformat-xml:2.19.2
2025-10-08 18:21:44,710 [Worker-37: Download sources and javadoc] INFO  o.e.m.c.i.e.AbstractTransferListenerAdapter - Downloading https://repo.maven.apache.org/maven2/org/codehaus/woodstox/stax2-api/4.2.2/stax2-api-4.2.2-sources.jar
2025-10-08 18:21:44,784 [Worker-37: Download sources and javadoc] INFO  o.e.m.c.i.e.AbstractTransferListenerAdapter - Downloaded https://repo.maven.apache.org/maven2/org/codehaus/woodstox/stax2-api/4.2.2/stax2-api-4.2.2-sources.jar
2025-10-08 18:21:44,790 [Worker-37: Download sources and javadoc] INFO  o.e.m.j.internal.DownloadSourcesJob - Downloaded sources for org.codehaus.woodstox:stax2-api:4.2.2
2025-10-08 18:21:44,872 [Worker-37: Download sources and javadoc] INFO  o.e.m.c.i.e.AbstractTransferListenerAdapter - Downloading https://repo.maven.apache.org/maven2/com/fasterxml/woodstox/woodstox-core/7.1.1/woodstox-core-7.1.1-sources.jar
2025-10-08 18:21:44,977 [Worker-37: Download sources and javadoc] INFO  o.e.m.c.i.e.AbstractTransferListenerAdapter - Downloaded https://repo.maven.apache.org/maven2/com/fasterxml/woodstox/woodstox-core/7.1.1/woodstox-core-7.1.1-sources.jar
2025-10-08 18:21:44,983 [Worker-37: Download sources and javadoc] INFO  o.e.m.j.internal.DownloadSourcesJob - Downloaded sources for com.fasterxml.woodstox:woodstox-core:7.1.1
2025-10-08 18:21:45,054 [Worker-37: Download sources and javadoc] INFO  o.e.m.c.i.e.AbstractTransferListenerAdapter - Downloading https://repo.maven.apache.org/maven2/io/projectreactor/reactor-core/3.7.11/reactor-core-3.7.11-sources.jar
2025-10-08 18:21:45,391 [Worker-37: Download sources and javadoc] INFO  o.e.m.c.i.e.AbstractTransferListenerAdapter - Downloaded https://repo.maven.apache.org/maven2/io/projectreactor/reactor-core/3.7.11/reactor-core-3.7.11-sources.jar
2025-10-08 18:21:45,399 [Worker-37: Download sources and javadoc] INFO  o.e.m.j.internal.DownloadSourcesJob - Downloaded sources for io.projectreactor:reactor-core:3.7.11
2025-10-08 18:21:45,464 [Worker-37: Download sources and javadoc] INFO  o.e.m.c.i.e.AbstractTransferListenerAdapter - Downloading https://repo.maven.apache.org/maven2/io/projectreactor/addons/reactor-extra/3.5.3/reactor-extra-3.5.3-sources.jar
2025-10-08 18:21:45,519 [Worker-37: Download sources and javadoc] INFO  o.e.m.c.i.e.AbstractTransferListenerAdapter - Downloaded https://repo.maven.apache.org/maven2/io/projectreactor/addons/reactor-extra/3.5.3/reactor-extra-3.5.3-sources.jar
2025-10-08 18:21:45,524 [Worker-37: Download sources and javadoc] INFO  o.e.m.j.internal.DownloadSourcesJob - Downloaded sources for io.projectreactor.addons:reactor-extra:3.5.3
2025-10-08 18:21:45,590 [Worker-37: Download sources and javadoc] INFO  o.e.m.c.i.e.AbstractTransferListenerAdapter - Downloading https://repo.maven.apache.org/maven2/org/springframework/boot/spring-boot-starter-cache/3.5.6/spring-boot-starter-cache-3.5.6-sources.jar
2025-10-08 18:21:45,600 [Worker-37: Download sources and javadoc] INFO  o.e.m.c.i.e.AbstractTransferListenerAdapter - Downloaded https://repo.maven.apache.org/maven2/org/springframework/boot/spring-boot-starter-cache/3.5.6/spring-boot-starter-cache-3.5.6-sources.jar
2025-10-08 18:21:45,605 [Worker-37: Download sources and javadoc] INFO  o.e.m.j.internal.DownloadSourcesJob - Downloaded sources for org.springframework.boot:spring-boot-starter-cache:3.5.6
2025-10-08 18:21:45,657 [Worker-37: Download sources and javadoc] INFO  o.e.m.c.i.e.AbstractTransferListenerAdapter - Downloading https://repo.maven.apache.org/maven2/org/springframework/boot/spring-boot-starter-test/3.5.6/spring-boot-starter-test-3.5.6-sources.jar
2025-10-08 18:21:45,740 [Worker-37: Download sources and javadoc] INFO  o.e.m.c.i.e.AbstractTransferListenerAdapter - Downloaded https://repo.maven.apache.org/maven2/org/springframework/boot/spring-boot-starter-test/3.5.6/spring-boot-starter-test-3.5.6-sources.jar
2025-10-08 18:21:45,745 [Worker-37: Download sources and javadoc] INFO  o.e.m.j.internal.DownloadSourcesJob - Downloaded sources for org.springframework.boot:spring-boot-starter-test:3.5.6
2025-10-08 18:21:45,801 [Worker-37: Download sources and javadoc] INFO  o.e.m.c.i.e.AbstractTransferListenerAdapter - Downloading https://repo.maven.apache.org/maven2/org/springframework/boot/spring-boot-test/3.5.6/spring-boot-test-3.5.6-sources.jar
2025-10-08 18:21:45,875 [Worker-37: Download sources and javadoc] INFO  o.e.m.c.i.e.AbstractTransferListenerAdapter - Downloaded https://repo.maven.apache.org/maven2/org/springframework/boot/spring-boot-test/3.5.6/spring-boot-test-3.5.6-sources.jar
2025-10-08 18:21:45,881 [Worker-37: Download sources and javadoc] INFO  o.e.m.j.internal.DownloadSourcesJob - Downloaded sources for org.springframework.boot:spring-boot-test:3.5.6
2025-10-08 18:21:45,948 [Worker-37: Download sources and javadoc] INFO  o.e.m.c.i.e.AbstractTransferListenerAdapter - Downloading https://repo.maven.apache.org/maven2/org/springframework/boot/spring-boot-test-autoconfigure/3.5.6/spring-boot-test-autoconfigure-3.5.6-sources.jar
2025-10-08 18:21:46,016 [Worker-37: Download sources and javadoc] INFO  o.e.m.c.i.e.AbstractTransferListenerAdapter - Downloaded https://repo.maven.apache.org/maven2/org/springframework/boot/spring-boot-test-autoconfigure/3.5.6/spring-boot-test-autoconfigure-3.5.6-sources.jar
2025-10-08 18:21:46,024 [Worker-37: Download sources and javadoc] INFO  o.e.m.j.internal.DownloadSourcesJob - Downloaded sources for org.springframework.boot:spring-boot-test-autoconfigure:3.5.6
2025-10-08 18:21:46,087 [Worker-37: Download sources and javadoc] INFO  o.e.m.c.i.e.AbstractTransferListenerAdapter - Downloading https://repo.maven.apache.org/maven2/jakarta/activation/jakarta.activation-api/2.1.4/jakarta.activation-api-2.1.4-sources.jar
2025-10-08 18:21:46,211 [Worker-37: Download sources and javadoc] INFO  o.e.m.c.i.e.AbstractTransferListenerAdapter - Downloaded https://repo.maven.apache.org/maven2/jakarta/activation/jakarta.activation-api/2.1.4/jakarta.activation-api-2.1.4-sources.jar
2025-10-08 18:21:46,216 [Worker-37: Download sources and javadoc] INFO  o.e.m.j.internal.DownloadSourcesJob - Downloaded sources for jakarta.activation:jakarta.activation-api:2.1.4
2025-10-08 18:21:46,401 [Worker-37: Download sources and javadoc] INFO  o.e.m.c.i.e.AbstractTransferListenerAdapter - Downloading https://repo.maven.apache.org/maven2/org/springframework/spring-core/6.2.11/spring-core-6.2.11-sources.jar
2025-10-08 18:21:46,637 [Worker-37: Download sources and javadoc] INFO  o.e.m.c.i.e.AbstractTransferListenerAdapter - Downloaded https://repo.maven.apache.org/maven2/org/springframework/spring-core/6.2.11/spring-core-6.2.11-sources.jar
2025-10-08 18:21:46,645 [Worker-37: Download sources and javadoc] INFO  o.e.m.j.internal.DownloadSourcesJob - Downloaded sources for org.springframework:spring-core:6.2.11
2025-10-08 18:21:46,772 [Worker-37: Download sources and javadoc] INFO  o.e.m.c.i.e.AbstractTransferListenerAdapter - Downloading https://repo.maven.apache.org/maven2/org/springframework/spring-jcl/6.2.11/spring-jcl-6.2.11-sources.jar
2025-10-08 18:21:47,175 [Worker-37: Download sources and javadoc] INFO  o.e.m.c.i.e.AbstractTransferListenerAdapter - Downloaded https://repo.maven.apache.org/maven2/org/springframework/spring-jcl/6.2.11/spring-jcl-6.2.11-sources.jar
2025-10-08 18:21:47,183 [Worker-37: Download sources and javadoc] INFO  o.e.m.j.internal.DownloadSourcesJob - Downloaded sources for org.springframework:spring-jcl:6.2.11
2025-10-08 18:21:47,333 [Worker-37: Download sources and javadoc] INFO  o.e.m.c.i.e.AbstractTransferListenerAdapter - Downloading https://repo.maven.apache.org/maven2/org/springframework/spring-test/6.2.11/spring-test-6.2.11-sources.jar
2025-10-08 18:21:47,460 [Worker-37: Download sources and javadoc] INFO  o.e.m.c.i.e.AbstractTransferListenerAdapter - Downloaded https://repo.maven.apache.org/maven2/org/springframework/spring-test/6.2.11/spring-test-6.2.11-sources.jar
2025-10-08 18:21:47,465 [Worker-37: Download sources and javadoc] INFO  o.e.m.j.internal.DownloadSourcesJob - Downloaded sources for org.springframework:spring-test:6.2.11
2025-10-08 18:21:47,522 [Worker-37: Download sources and javadoc] INFO  o.e.m.c.i.e.AbstractTransferListenerAdapter - Downloading https://repo.maven.apache.org/maven2/org/xmlunit/xmlunit-core/2.10.4/xmlunit-core-2.10.4-sources.jar
2025-10-08 18:21:47,580 [Worker-37: Download sources and javadoc] INFO  o.e.m.c.i.e.AbstractTransferListenerAdapter - Downloaded https://repo.maven.apache.org/maven2/org/xmlunit/xmlunit-core/2.10.4/xmlunit-core-2.10.4-sources.jar
2025-10-08 18:21:47,585 [Worker-37: Download sources and javadoc] INFO  o.e.m.j.internal.DownloadSourcesJob - Downloaded sources for org.xmlunit:xmlunit-core:2.10.4
2025-10-08 18:23:12,312 [Worker-14: Building] INFO  o.a.m.s.f.DefaultMavenResourcesFiltering - Copying 1 resource from src\main\resources to target\classes
2025-10-08 18:23:12,318 [Worker-14: Building] INFO  o.a.m.s.f.DefaultMavenResourcesFiltering - Copying 0 resource from src\main\resources to target\classes
2025-10-08 18:23:12,323 [Worker-14: Building] INFO  o.a.m.s.f.DefaultMavenResourcesFiltering - skip non existing resourceDirectory C:\Users\irene\eclipse-workspace\E-Comm_Appln\service-registry\src\test\resources
2025-10-08 18:26:31,914 [Worker-36: Building] INFO  o.a.m.s.f.DefaultMavenResourcesFiltering - Copying 1 resource from src\main\resources to target\classes
2025-10-08 18:26:31,925 [Worker-36: Building] INFO  o.a.m.s.f.DefaultMavenResourcesFiltering - Copying 0 resource from src\main\resources to target\classes
2025-10-08 18:26:31,930 [Worker-36: Building] INFO  o.a.m.s.f.DefaultMavenResourcesFiltering - skip non existing resourceDirectory C:\Users\irene\eclipse-workspace\E-Comm_Appln\service-registry\src\test\resources
2025-10-08 18:35:49,562 [Worker-42: Building] INFO  o.e.m.c.i.l.LifecycleMappingFactory - Using org.eclipse.m2e.jdt.JarLifecycleMapping lifecycle mapping for MavenProject: com.irene:orderService:0.0.1-SNAPSHOT @ C:\Users\irene\eclipse-workspace\E-Comm_Appln\order-service\pom.xml.
2025-10-08 18:36:04,269 [Worker-42: Building] INFO  o.e.m.c.i.l.LifecycleMappingFactory - Using org.eclipse.m2e.jdt.JarLifecycleMapping lifecycle mapping for MavenProject: com.irene:orderService:0.0.1-SNAPSHOT @ C:\Users\irene\eclipse-workspace\E-Comm_Appln\order-service\pom.xml.
2025-10-08 18:36:05,748 [Worker-42: Building] INFO  o.a.m.s.f.DefaultMavenResourcesFiltering - Copying 0 resource from src\main\resources to target\classes
2025-10-08 18:36:05,750 [Worker-42: Building] INFO  o.a.m.s.f.DefaultMavenResourcesFiltering - Copying 0 resource from src\main\resources to target\classes
2025-10-08 18:36:05,755 [Worker-42: Building] INFO  o.a.m.s.f.DefaultMavenResourcesFiltering - skip non existing resourceDirectory C:\Users\irene\eclipse-workspace\E-Comm_Appln\order-service\src\test\resources
2025-10-08 18:36:10,504 [Worker-41: Building] INFO  o.e.m.c.i.l.LifecycleMappingFactory - Using org.eclipse.m2e.jdt.JarLifecycleMapping lifecycle mapping for MavenProject: com.irene:orderService:0.0.1-SNAPSHOT @ C:\Users\irene\eclipse-workspace\E-Comm_Appln\order-service\pom.xml.
2025-10-08 18:36:19,125 [Worker-44: Building] INFO  o.e.m.c.i.l.LifecycleMappingFactory - Using org.eclipse.m2e.jdt.JarLifecycleMapping lifecycle mapping for MavenProject: com.irene:orderService:0.0.1-SNAPSHOT @ C:\Users\irene\eclipse-workspace\E-Comm_Appln\order-service\pom.xml.
2025-10-08 18:36:33,475 [Worker-42: Building] INFO  o.e.m.c.i.l.LifecycleMappingFactory - Using org.eclipse.m2e.jdt.JarLifecycleMapping lifecycle mapping for MavenProject: com.irene:orderService:0.0.1-SNAPSHOT @ C:\Users\irene\eclipse-workspace\E-Comm_Appln\order-service\pom.xml.
2025-10-08 18:36:34,890 [Worker-42: Building] INFO  o.a.m.s.f.DefaultMavenResourcesFiltering - Copying 0 resource from src\main\resources to target\classes
2025-10-08 18:36:34,893 [Worker-42: Building] INFO  o.a.m.s.f.DefaultMavenResourcesFiltering - Copying 0 resource from src\main\resources to target\classes
2025-10-08 18:36:34,897 [Worker-42: Building] INFO  o.a.m.s.f.DefaultMavenResourcesFiltering - skip non existing resourceDirectory C:\Users\irene\eclipse-workspace\E-Comm_Appln\order-service\src\test\resources
2025-10-08 18:37:15,976 [Worker-41: Building] INFO  o.e.m.c.i.l.LifecycleMappingFactory - Using org.eclipse.m2e.jdt.JarLifecycleMapping lifecycle mapping for MavenProject: com.irene:orderService:0.0.1-SNAPSHOT @ C:\Users\irene\eclipse-workspace\E-Comm_Appln\order-service\pom.xml.
2025-10-08 18:37:33,758 [Worker-45: Download sources and javadoc] INFO  o.e.m.c.i.e.AbstractTransferListenerAdapter - Downloading https://repo.maven.apache.org/maven2/org/springframework/boot/spring-boot-starter-data-jpa/3.5.5/spring-boot-starter-data-jpa-3.5.5-javadoc.jar
2025-10-08 18:37:33,854 [Worker-45: Download sources and javadoc] INFO  o.e.m.c.i.e.AbstractTransferListenerAdapter - Downloaded https://repo.maven.apache.org/maven2/org/springframework/boot/spring-boot-starter-data-jpa/3.5.5/spring-boot-starter-data-jpa-3.5.5-javadoc.jar
2025-10-08 18:37:33,860 [Worker-45: Download sources and javadoc] INFO  o.e.m.j.internal.DownloadSourcesJob - Downloaded javadoc for org.springframework.boot:spring-boot-starter-data-jpa:3.5.5
2025-10-08 18:37:33,949 [Worker-45: Download sources and javadoc] INFO  o.e.m.c.i.e.AbstractTransferListenerAdapter - Downloading https://repo.maven.apache.org/maven2/org/springframework/boot/spring-boot-starter/3.5.5/spring-boot-starter-3.5.5-javadoc.jar
2025-10-08 18:37:34,028 [Worker-45: Download sources and javadoc] INFO  o.e.m.c.i.e.AbstractTransferListenerAdapter - Downloaded https://repo.maven.apache.org/maven2/org/springframework/boot/spring-boot-starter/3.5.5/spring-boot-starter-3.5.5-javadoc.jar
2025-10-08 18:37:34,035 [Worker-45: Download sources and javadoc] INFO  o.e.m.j.internal.DownloadSourcesJob - Downloaded javadoc for org.springframework.boot:spring-boot-starter:3.5.5
2025-10-08 18:37:34,130 [Worker-45: Download sources and javadoc] INFO  o.e.m.c.i.e.AbstractTransferListenerAdapter - Downloading https://repo.maven.apache.org/maven2/org/springframework/boot/spring-boot-starter-logging/3.5.5/spring-boot-starter-logging-3.5.5-javadoc.jar
2025-10-08 18:37:34,263 [Worker-45: Download sources and javadoc] INFO  o.e.m.c.i.e.AbstractTransferListenerAdapter - Downloaded https://repo.maven.apache.org/maven2/org/springframework/boot/spring-boot-starter-logging/3.5.5/spring-boot-starter-logging-3.5.5-javadoc.jar
2025-10-08 18:37:34,270 [Worker-45: Download sources and javadoc] INFO  o.e.m.j.internal.DownloadSourcesJob - Downloaded javadoc for org.springframework.boot:spring-boot-starter-logging:3.5.5
2025-10-08 18:37:34,322 [Worker-45: Download sources and javadoc] INFO  o.e.m.c.i.e.AbstractTransferListenerAdapter - Downloaded https://repo.maven.apache.org/maven2/org/apache/logging/log4j/log4j-to-slf4j/2.24.3/log4j-to-slf4j-2.24.3-javadoc.jar
2025-10-08 18:37:34,326 [Worker-45: Download sources and javadoc] ERROR o.e.m.j.internal.DownloadSourcesJob - Could not download javadoc for org.apache.logging.log4j:log4j-to-slf4j:2.24.3
org.eclipse.core.runtime.CoreException: Could not resolve artifact org.apache.logging.log4j:log4j-to-slf4j:jar:javadoc:2.24.3
	at org.eclipse.m2e.core.internal.embedder.MavenImpl.lambda$7(MavenImpl.java:540)
	at org.eclipse.m2e.core.internal.embedder.MavenExecutionContext.executeBare(MavenExecutionContext.java:458)
	at org.eclipse.m2e.core.internal.embedder.MavenExecutionContext.execute(MavenExecutionContext.java:292)
	at org.eclipse.m2e.core.internal.embedder.MavenExecutionContext.execute(MavenExecutionContext.java:278)
	at org.eclipse.m2e.core.internal.embedder.MavenImpl.resolve(MavenImpl.java:509)
	at org.eclipse.m2e.core.internal.embedder.MavenImpl.resolve(MavenImpl.java:494)
	at org.eclipse.m2e.jdt.internal.DownloadSourcesJob.download(DownloadSourcesJob.java:308)
	at org.eclipse.m2e.jdt.internal.DownloadSourcesJob.downloadAttachments(DownloadSourcesJob.java:294)
	at org.eclipse.m2e.jdt.internal.DownloadSourcesJob.downloadMaven(DownloadSourcesJob.java:252)
	at org.eclipse.m2e.jdt.internal.DownloadSourcesJob.downloadFilesAndPopulateToUpdate(DownloadSourcesJob.java:220)
	at org.eclipse.m2e.jdt.internal.DownloadSourcesJob.lambda$0(DownloadSourcesJob.java:149)
	at org.eclipse.m2e.core.internal.embedder.MavenExecutionContext.executeBare(MavenExecutionContext.java:458)
	at org.eclipse.m2e.core.internal.embedder.MavenExecutionContext.execute(MavenExecutionContext.java:339)
	at org.eclipse.m2e.core.internal.embedder.MavenExecutionContext.execute(MavenExecutionContext.java:278)
	at org.eclipse.m2e.core.embedder.IMaven.execute(IMaven.java:300)
	at org.eclipse.m2e.jdt.internal.DownloadSourcesJob.run(DownloadSourcesJob.java:149)
	at org.eclipse.core.internal.jobs.Worker.run(Worker.java:63)
2025-10-08 18:37:34,389 [Worker-45: Download sources and javadoc] INFO  o.e.m.c.i.e.AbstractTransferListenerAdapter - Downloaded https://repo.maven.apache.org/maven2/org/apache/logging/log4j/log4j-api/2.24.3/log4j-api-2.24.3-javadoc.jar
2025-10-08 18:37:34,392 [Worker-45: Download sources and javadoc] ERROR o.e.m.j.internal.DownloadSourcesJob - Could not download javadoc for org.apache.logging.log4j:log4j-api:2.24.3
org.eclipse.core.runtime.CoreException: Could not resolve artifact org.apache.logging.log4j:log4j-api:jar:javadoc:2.24.3
	at org.eclipse.m2e.core.internal.embedder.MavenImpl.lambda$7(MavenImpl.java:540)
	at org.eclipse.m2e.core.internal.embedder.MavenExecutionContext.executeBare(MavenExecutionContext.java:458)
	at org.eclipse.m2e.core.internal.embedder.MavenExecutionContext.execute(MavenExecutionContext.java:292)
	at org.eclipse.m2e.core.internal.embedder.MavenExecutionContext.execute(MavenExecutionContext.java:278)
	at org.eclipse.m2e.core.internal.embedder.MavenImpl.resolve(MavenImpl.java:509)
	at org.eclipse.m2e.core.internal.embedder.MavenImpl.resolve(MavenImpl.java:494)
	at org.eclipse.m2e.jdt.internal.DownloadSourcesJob.download(DownloadSourcesJob.java:308)
	at org.eclipse.m2e.jdt.internal.DownloadSourcesJob.downloadAttachments(DownloadSourcesJob.java:294)
	at org.eclipse.m2e.jdt.internal.DownloadSourcesJob.downloadMaven(DownloadSourcesJob.java:252)
	at org.eclipse.m2e.jdt.internal.DownloadSourcesJob.downloadFilesAndPopulateToUpdate(DownloadSourcesJob.java:220)
	at org.eclipse.m2e.jdt.internal.DownloadSourcesJob.lambda$0(DownloadSourcesJob.java:149)
	at org.eclipse.m2e.core.internal.embedder.MavenExecutionContext.executeBare(MavenExecutionContext.java:458)
	at org.eclipse.m2e.core.internal.embedder.MavenExecutionContext.execute(MavenExecutionContext.java:339)
	at org.eclipse.m2e.core.internal.embedder.MavenExecutionContext.execute(MavenExecutionContext.java:278)
	at org.eclipse.m2e.core.embedder.IMaven.execute(IMaven.java:300)
	at org.eclipse.m2e.jdt.internal.DownloadSourcesJob.run(DownloadSourcesJob.java:149)
	at org.eclipse.core.internal.jobs.Worker.run(Worker.java:63)
2025-10-08 18:37:34,451 [Worker-45: Download sources and javadoc] INFO  o.e.m.c.i.e.AbstractTransferListenerAdapter - Downloading https://repo.maven.apache.org/maven2/org/slf4j/jul-to-slf4j/2.0.17/jul-to-slf4j-2.0.17-javadoc.jar
2025-10-08 18:37:34,513 [Worker-45: Download sources and javadoc] INFO  o.e.m.c.i.e.AbstractTransferListenerAdapter - Downloaded https://repo.maven.apache.org/maven2/org/slf4j/jul-to-slf4j/2.0.17/jul-to-slf4j-2.0.17-javadoc.jar
2025-10-08 18:37:34,519 [Worker-45: Download sources and javadoc] INFO  o.e.m.j.internal.DownloadSourcesJob - Downloaded javadoc for org.slf4j:jul-to-slf4j:2.0.17
2025-10-08 18:37:34,576 [Worker-45: Download sources and javadoc] INFO  o.e.m.c.i.e.AbstractTransferListenerAdapter - Downloading https://repo.maven.apache.org/maven2/jakarta/annotation/jakarta.annotation-api/2.1.1/jakarta.annotation-api-2.1.1-javadoc.jar
2025-10-08 18:37:34,682 [Worker-45: Download sources and javadoc] INFO  o.e.m.c.i.e.AbstractTransferListenerAdapter - Downloaded https://repo.maven.apache.org/maven2/jakarta/annotation/jakarta.annotation-api/2.1.1/jakarta.annotation-api-2.1.1-javadoc.jar
2025-10-08 18:37:34,688 [Worker-45: Download sources and javadoc] INFO  o.e.m.j.internal.DownloadSourcesJob - Downloaded javadoc for jakarta.annotation:jakarta.annotation-api:2.1.1
2025-10-08 18:37:34,750 [Worker-45: Download sources and javadoc] INFO  o.e.m.c.i.e.AbstractTransferListenerAdapter - Downloading https://repo.maven.apache.org/maven2/org/yaml/snakeyaml/2.4/snakeyaml-2.4-javadoc.jar
2025-10-08 18:37:34,930 [Worker-45: Download sources and javadoc] INFO  o.e.m.c.i.e.AbstractTransferListenerAdapter - Downloaded https://repo.maven.apache.org/maven2/org/yaml/snakeyaml/2.4/snakeyaml-2.4-javadoc.jar
2025-10-08 18:37:34,935 [Worker-45: Download sources and javadoc] INFO  o.e.m.j.internal.DownloadSourcesJob - Downloaded javadoc for org.yaml:snakeyaml:2.4
2025-10-08 18:37:34,995 [Worker-45: Download sources and javadoc] INFO  o.e.m.c.i.e.AbstractTransferListenerAdapter - Downloading https://repo.maven.apache.org/maven2/org/springframework/boot/spring-boot-starter-jdbc/3.5.5/spring-boot-starter-jdbc-3.5.5-javadoc.jar
2025-10-08 18:37:35,076 [Worker-45: Download sources and javadoc] INFO  o.e.m.c.i.e.AbstractTransferListenerAdapter - Downloaded https://repo.maven.apache.org/maven2/org/springframework/boot/spring-boot-starter-jdbc/3.5.5/spring-boot-starter-jdbc-3.5.5-javadoc.jar
2025-10-08 18:37:35,082 [Worker-45: Download sources and javadoc] INFO  o.e.m.j.internal.DownloadSourcesJob - Downloaded javadoc for org.springframework.boot:spring-boot-starter-jdbc:3.5.5
2025-10-08 18:37:35,164 [Worker-45: Download sources and javadoc] INFO  o.e.m.c.i.e.AbstractTransferListenerAdapter - Downloading https://repo.maven.apache.org/maven2/com/zaxxer/HikariCP/6.3.2/HikariCP-6.3.2-javadoc.jar
2025-10-08 18:37:35,285 [Worker-45: Download sources and javadoc] INFO  o.e.m.c.i.e.AbstractTransferListenerAdapter - Downloaded https://repo.maven.apache.org/maven2/com/zaxxer/HikariCP/6.3.2/HikariCP-6.3.2-javadoc.jar
2025-10-08 18:37:35,291 [Worker-45: Download sources and javadoc] INFO  o.e.m.j.internal.DownloadSourcesJob - Downloaded javadoc for com.zaxxer:HikariCP:6.3.2
2025-10-08 18:37:35,351 [Worker-45: Download sources and javadoc] INFO  o.e.m.c.i.e.AbstractTransferListenerAdapter - Downloading https://repo.maven.apache.org/maven2/org/springframework/spring-jdbc/6.2.10/spring-jdbc-6.2.10-javadoc.jar
2025-10-08 18:37:35,620 [Worker-45: Download sources and javadoc] INFO  o.e.m.c.i.e.AbstractTransferListenerAdapter - Downloaded https://repo.maven.apache.org/maven2/org/springframework/spring-jdbc/6.2.10/spring-jdbc-6.2.10-javadoc.jar
2025-10-08 18:37:35,627 [Worker-45: Download sources and javadoc] INFO  o.e.m.j.internal.DownloadSourcesJob - Downloaded javadoc for org.springframework:spring-jdbc:6.2.10
2025-10-08 18:37:35,697 [Worker-45: Download sources and javadoc] INFO  o.e.m.c.i.e.AbstractTransferListenerAdapter - Downloading https://repo.maven.apache.org/maven2/org/hibernate/orm/hibernate-core/6.6.26.Final/hibernate-core-6.6.26.Final-javadoc.jar
2025-10-08 18:37:38,786 [Worker-45: Download sources and javadoc] INFO  o.e.m.c.i.e.AbstractTransferListenerAdapter - Downloaded https://repo.maven.apache.org/maven2/org/hibernate/orm/hibernate-core/6.6.26.Final/hibernate-core-6.6.26.Final-javadoc.jar
2025-10-08 18:37:38,793 [Worker-45: Download sources and javadoc] INFO  o.e.m.j.internal.DownloadSourcesJob - Downloaded javadoc for org.hibernate.orm:hibernate-core:6.6.26.Final
2025-10-08 18:37:38,863 [Worker-45: Download sources and javadoc] INFO  o.e.m.c.i.e.AbstractTransferListenerAdapter - Downloading https://repo.maven.apache.org/maven2/jakarta/persistence/jakarta.persistence-api/3.1.0/jakarta.persistence-api-3.1.0-javadoc.jar
2025-10-08 18:37:39,073 [Worker-45: Download sources and javadoc] INFO  o.e.m.c.i.e.AbstractTransferListenerAdapter - Downloaded https://repo.maven.apache.org/maven2/jakarta/persistence/jakarta.persistence-api/3.1.0/jakarta.persistence-api-3.1.0-javadoc.jar
2025-10-08 18:37:39,078 [Worker-45: Download sources and javadoc] INFO  o.e.m.j.internal.DownloadSourcesJob - Downloaded javadoc for jakarta.persistence:jakarta.persistence-api:3.1.0
2025-10-08 18:37:39,155 [Worker-45: Download sources and javadoc] INFO  o.e.m.c.i.e.AbstractTransferListenerAdapter - Downloading https://repo.maven.apache.org/maven2/jakarta/transaction/jakarta.transaction-api/2.0.1/jakarta.transaction-api-2.0.1-javadoc.jar
2025-10-08 18:37:39,266 [Worker-45: Download sources and javadoc] INFO  o.e.m.c.i.e.AbstractTransferListenerAdapter - Downloaded https://repo.maven.apache.org/maven2/jakarta/transaction/jakarta.transaction-api/2.0.1/jakarta.transaction-api-2.0.1-javadoc.jar
2025-10-08 18:37:39,272 [Worker-45: Download sources and javadoc] INFO  o.e.m.j.internal.DownloadSourcesJob - Downloaded javadoc for jakarta.transaction:jakarta.transaction-api:2.0.1
2025-10-08 18:37:39,357 [Worker-45: Download sources and javadoc] INFO  o.e.m.c.i.e.AbstractTransferListenerAdapter - Downloading https://repo.maven.apache.org/maven2/org/jboss/logging/jboss-logging/3.6.1.Final/jboss-logging-3.6.1.Final-javadoc.jar
2025-10-08 18:37:39,432 [Worker-45: Download sources and javadoc] INFO  o.e.m.c.i.e.AbstractTransferListenerAdapter - Downloaded https://repo.maven.apache.org/maven2/org/jboss/logging/jboss-logging/3.6.1.Final/jboss-logging-3.6.1.Final-javadoc.jar
2025-10-08 18:37:39,439 [Worker-45: Download sources and javadoc] INFO  o.e.m.j.internal.DownloadSourcesJob - Downloaded javadoc for org.jboss.logging:jboss-logging:3.6.1.Final
2025-10-08 18:37:39,505 [Worker-45: Download sources and javadoc] INFO  o.e.m.c.i.e.AbstractTransferListenerAdapter - Downloading https://repo.maven.apache.org/maven2/org/hibernate/common/hibernate-commons-annotations/7.0.3.Final/hibernate-commons-annotations-7.0.3.Final-javadoc.jar
2025-10-08 18:37:39,578 [Worker-45: Download sources and javadoc] INFO  o.e.m.c.i.e.AbstractTransferListenerAdapter - Downloaded https://repo.maven.apache.org/maven2/org/hibernate/common/hibernate-commons-annotations/7.0.3.Final/hibernate-commons-annotations-7.0.3.Final-javadoc.jar
2025-10-08 18:37:39,583 [Worker-45: Download sources and javadoc] INFO  o.e.m.j.internal.DownloadSourcesJob - Downloaded javadoc for org.hibernate.common:hibernate-commons-annotations:7.0.3.Final
2025-10-08 18:37:39,660 [Worker-45: Download sources and javadoc] INFO  o.e.m.c.i.e.AbstractTransferListenerAdapter - Downloading https://repo.maven.apache.org/maven2/io/smallrye/jandex/3.2.0/jandex-3.2.0-javadoc.jar
2025-10-08 18:37:39,777 [Worker-45: Download sources and javadoc] INFO  o.e.m.c.i.e.AbstractTransferListenerAdapter - Downloaded https://repo.maven.apache.org/maven2/io/smallrye/jandex/3.2.0/jandex-3.2.0-javadoc.jar
2025-10-08 18:37:39,784 [Worker-45: Download sources and javadoc] INFO  o.e.m.j.internal.DownloadSourcesJob - Downloaded javadoc for io.smallrye:jandex:3.2.0
2025-10-08 18:37:39,845 [Worker-45: Download sources and javadoc] INFO  o.e.m.c.i.e.AbstractTransferListenerAdapter - Downloading https://repo.maven.apache.org/maven2/com/fasterxml/classmate/1.7.0/classmate-1.7.0-javadoc.jar
2025-10-08 18:37:39,930 [Worker-45: Download sources and javadoc] INFO  o.e.m.c.i.e.AbstractTransferListenerAdapter - Downloaded https://repo.maven.apache.org/maven2/com/fasterxml/classmate/1.7.0/classmate-1.7.0-javadoc.jar
2025-10-08 18:37:39,937 [Worker-45: Download sources and javadoc] INFO  o.e.m.j.internal.DownloadSourcesJob - Downloaded javadoc for com.fasterxml:classmate:1.7.0
2025-10-08 18:37:39,948 [Worker-43: Updating Maven Project] INFO  o.e.m.c.i.p.ProjectConfigurationManager - Update started
2025-10-08 18:37:40,018 [Worker-45: Download sources and javadoc] INFO  o.e.m.c.i.e.AbstractTransferListenerAdapter - Downloading https://repo.maven.apache.org/maven2/net/bytebuddy/byte-buddy/1.17.7/byte-buddy-1.17.7-javadoc.jar
2025-10-08 18:37:40,181 [Worker-43: Updating Maven Project] INFO  o.e.m.c.i.l.LifecycleMappingFactory - Using org.eclipse.m2e.jdt.JarLifecycleMapping lifecycle mapping for MavenProject: com.irene:orderService:0.0.1-SNAPSHOT @ C:\Users\irene\eclipse-workspace\E-Comm_Appln\order-service\pom.xml.
2025-10-08 18:37:41,591 [Worker-45: Download sources and javadoc] INFO  o.e.m.c.i.e.AbstractTransferListenerAdapter - Downloaded https://repo.maven.apache.org/maven2/net/bytebuddy/byte-buddy/1.17.7/byte-buddy-1.17.7-javadoc.jar
2025-10-08 18:37:41,596 [Worker-45: Download sources and javadoc] INFO  o.e.m.j.internal.DownloadSourcesJob - Downloaded javadoc for net.bytebuddy:byte-buddy:1.17.7
2025-10-08 18:37:41,663 [Worker-45: Download sources and javadoc] INFO  o.e.m.c.i.e.AbstractTransferListenerAdapter - Downloading https://repo.maven.apache.org/maven2/org/glassfish/jaxb/jaxb-runtime/4.0.5/jaxb-runtime-4.0.5-javadoc.jar
2025-10-08 18:37:41,677 [Worker-43: Updating Maven Project] INFO  o.e.m.j.i.AbstractJavaProjectConfigurator - Adding resource folder /order-service/src/main/resources
2025-10-08 18:37:41,678 [Worker-43: Updating Maven Project] INFO  o.e.m.j.i.AbstractJavaProjectConfigurator - Adding resource folder /order-service/src/main/resources
2025-10-08 18:37:41,679 [Worker-43: Updating Maven Project] INFO  o.e.m.j.i.AbstractJavaProjectConfigurator - Adding resource folder /order-service/src/test/resources
2025-10-08 18:37:41,904 [Worker-45: Download sources and javadoc] INFO  o.e.m.c.i.e.AbstractTransferListenerAdapter - Downloaded https://repo.maven.apache.org/maven2/org/glassfish/jaxb/jaxb-runtime/4.0.5/jaxb-runtime-4.0.5-javadoc.jar
2025-10-08 18:37:41,911 [Worker-45: Download sources and javadoc] INFO  o.e.m.j.internal.DownloadSourcesJob - Downloaded javadoc for org.glassfish.jaxb:jaxb-runtime:4.0.5
2025-10-08 18:37:41,964 [Worker-45: Download sources and javadoc] INFO  o.e.m.c.i.e.AbstractTransferListenerAdapter - Downloading https://repo.maven.apache.org/maven2/org/glassfish/jaxb/jaxb-core/4.0.5/jaxb-core-4.0.5-javadoc.jar
2025-10-08 18:37:42,105 [Worker-45: Download sources and javadoc] INFO  o.e.m.c.i.e.AbstractTransferListenerAdapter - Downloaded https://repo.maven.apache.org/maven2/org/glassfish/jaxb/jaxb-core/4.0.5/jaxb-core-4.0.5-javadoc.jar
2025-10-08 18:37:42,110 [Worker-45: Download sources and javadoc] INFO  o.e.m.j.internal.DownloadSourcesJob - Downloaded javadoc for org.glassfish.jaxb:jaxb-core:4.0.5
2025-10-08 18:37:42,171 [Worker-45: Download sources and javadoc] INFO  o.e.m.c.i.e.AbstractTransferListenerAdapter - Downloading https://repo.maven.apache.org/maven2/org/eclipse/angus/angus-activation/2.0.2/angus-activation-2.0.2-javadoc.jar
2025-10-08 18:37:42,332 [Worker-45: Download sources and javadoc] INFO  o.e.m.c.i.e.AbstractTransferListenerAdapter - Downloaded https://repo.maven.apache.org/maven2/org/eclipse/angus/angus-activation/2.0.2/angus-activation-2.0.2-javadoc.jar
2025-10-08 18:37:42,339 [Worker-45: Download sources and javadoc] INFO  o.e.m.j.internal.DownloadSourcesJob - Downloaded javadoc for org.eclipse.angus:angus-activation:2.0.2
2025-10-08 18:37:42,414 [Worker-45: Download sources and javadoc] INFO  o.e.m.c.i.e.AbstractTransferListenerAdapter - Downloading https://repo.maven.apache.org/maven2/org/glassfish/jaxb/txw2/4.0.5/txw2-4.0.5-javadoc.jar
2025-10-08 18:37:42,567 [Worker-45: Download sources and javadoc] INFO  o.e.m.c.i.e.AbstractTransferListenerAdapter - Downloaded https://repo.maven.apache.org/maven2/org/glassfish/jaxb/txw2/4.0.5/txw2-4.0.5-javadoc.jar
2025-10-08 18:37:42,573 [Worker-43: Updating Maven Project] INFO  o.e.m.c.i.p.ProjectConfigurationManager - Update completed for 1 poms: local refresh takes 0.00 sec, refresh facades takes 1.00 sec, update config takes 0.00 sec 
2025-10-08 18:37:42,574 [Worker-45: Download sources and javadoc] INFO  o.e.m.j.internal.DownloadSourcesJob - Downloaded javadoc for org.glassfish.jaxb:txw2:4.0.5
2025-10-08 18:37:42,642 [Worker-45: Download sources and javadoc] INFO  o.e.m.c.i.e.AbstractTransferListenerAdapter - Downloading https://repo.maven.apache.org/maven2/com/sun/istack/istack-commons-runtime/4.1.2/istack-commons-runtime-4.1.2-javadoc.jar
2025-10-08 18:37:42,768 [Worker-45: Download sources and javadoc] INFO  o.e.m.c.i.e.AbstractTransferListenerAdapter - Downloaded https://repo.maven.apache.org/maven2/com/sun/istack/istack-commons-runtime/4.1.2/istack-commons-runtime-4.1.2-javadoc.jar
2025-10-08 18:37:42,774 [Worker-45: Download sources and javadoc] INFO  o.e.m.j.internal.DownloadSourcesJob - Downloaded javadoc for com.sun.istack:istack-commons-runtime:4.1.2
2025-10-08 18:37:42,862 [Worker-45: Download sources and javadoc] INFO  o.e.m.c.i.e.AbstractTransferListenerAdapter - Downloading https://repo.maven.apache.org/maven2/jakarta/inject/jakarta.inject-api/2.0.1/jakarta.inject-api-2.0.1-javadoc.jar
2025-10-08 18:37:42,971 [Worker-45: Download sources and javadoc] INFO  o.e.m.c.i.e.AbstractTransferListenerAdapter - Downloaded https://repo.maven.apache.org/maven2/jakarta/inject/jakarta.inject-api/2.0.1/jakarta.inject-api-2.0.1-javadoc.jar
2025-10-08 18:37:42,978 [Worker-45: Download sources and javadoc] INFO  o.e.m.j.internal.DownloadSourcesJob - Downloaded javadoc for jakarta.inject:jakarta.inject-api:2.0.1
2025-10-08 18:37:43,037 [Worker-45: Download sources and javadoc] INFO  o.e.m.c.i.e.AbstractTransferListenerAdapter - Downloading https://repo.maven.apache.org/maven2/org/antlr/antlr4-runtime/4.13.0/antlr4-runtime-4.13.0-javadoc.jar
2025-10-08 18:37:43,247 [Worker-45: Download sources and javadoc] INFO  o.e.m.c.i.e.AbstractTransferListenerAdapter - Downloaded https://repo.maven.apache.org/maven2/org/antlr/antlr4-runtime/4.13.0/antlr4-runtime-4.13.0-javadoc.jar
2025-10-08 18:37:43,254 [Worker-45: Download sources and javadoc] INFO  o.e.m.j.internal.DownloadSourcesJob - Downloaded javadoc for org.antlr:antlr4-runtime:4.13.0
2025-10-08 18:37:43,327 [Worker-45: Download sources and javadoc] INFO  o.e.m.c.i.e.AbstractTransferListenerAdapter - Downloading https://repo.maven.apache.org/maven2/org/springframework/data/spring-data-jpa/3.5.3/spring-data-jpa-3.5.3-javadoc.jar
2025-10-08 18:37:43,539 [Worker-45: Download sources and javadoc] INFO  o.e.m.c.i.e.AbstractTransferListenerAdapter - Downloaded https://repo.maven.apache.org/maven2/org/springframework/data/spring-data-jpa/3.5.3/spring-data-jpa-3.5.3-javadoc.jar
2025-10-08 18:37:43,544 [Worker-45: Download sources and javadoc] INFO  o.e.m.j.internal.DownloadSourcesJob - Downloaded javadoc for org.springframework.data:spring-data-jpa:3.5.3
2025-10-08 18:37:43,655 [Worker-45: Download sources and javadoc] INFO  o.e.m.c.i.e.AbstractTransferListenerAdapter - Downloading https://repo.maven.apache.org/maven2/org/springframework/data/spring-data-commons/3.5.3/spring-data-commons-3.5.3-javadoc.jar
2025-10-08 18:37:44,105 [Worker-45: Download sources and javadoc] INFO  o.e.m.c.i.e.AbstractTransferListenerAdapter - Downloaded https://repo.maven.apache.org/maven2/org/springframework/data/spring-data-commons/3.5.3/spring-data-commons-3.5.3-javadoc.jar
2025-10-08 18:37:44,112 [Worker-45: Download sources and javadoc] INFO  o.e.m.j.internal.DownloadSourcesJob - Downloaded javadoc for org.springframework.data:spring-data-commons:3.5.3
2025-10-08 18:37:44,179 [Worker-45: Download sources and javadoc] INFO  o.e.m.c.i.e.AbstractTransferListenerAdapter - Downloading https://repo.maven.apache.org/maven2/org/springframework/spring-orm/6.2.10/spring-orm-6.2.10-javadoc.jar
2025-10-08 18:37:44,282 [Worker-45: Download sources and javadoc] INFO  o.e.m.c.i.e.AbstractTransferListenerAdapter - Downloaded https://repo.maven.apache.org/maven2/org/springframework/spring-orm/6.2.10/spring-orm-6.2.10-javadoc.jar
2025-10-08 18:37:44,289 [Worker-45: Download sources and javadoc] INFO  o.e.m.j.internal.DownloadSourcesJob - Downloaded javadoc for org.springframework:spring-orm:6.2.10
2025-10-08 18:37:44,373 [Worker-45: Download sources and javadoc] INFO  o.e.m.c.i.e.AbstractTransferListenerAdapter - Downloading https://repo.maven.apache.org/maven2/org/springframework/spring-aop/6.2.10/spring-aop-6.2.10-javadoc.jar
2025-10-08 18:37:44,548 [Worker-45: Download sources and javadoc] INFO  o.e.m.c.i.e.AbstractTransferListenerAdapter - Downloaded https://repo.maven.apache.org/maven2/org/springframework/spring-aop/6.2.10/spring-aop-6.2.10-javadoc.jar
2025-10-08 18:37:44,556 [Worker-45: Download sources and javadoc] INFO  o.e.m.j.internal.DownloadSourcesJob - Downloaded javadoc for org.springframework:spring-aop:6.2.10
2025-10-08 18:37:44,638 [Worker-45: Download sources and javadoc] INFO  o.e.m.c.i.e.AbstractTransferListenerAdapter - Downloading https://repo.maven.apache.org/maven2/org/springframework/spring-beans/6.2.10/spring-beans-6.2.10-javadoc.jar
2025-10-08 18:37:44,893 [Worker-45: Download sources and javadoc] INFO  o.e.m.c.i.e.AbstractTransferListenerAdapter - Downloaded https://repo.maven.apache.org/maven2/org/springframework/spring-beans/6.2.10/spring-beans-6.2.10-javadoc.jar
2025-10-08 18:37:44,899 [Worker-45: Download sources and javadoc] INFO  o.e.m.j.internal.DownloadSourcesJob - Downloaded javadoc for org.springframework:spring-beans:6.2.10
2025-10-08 18:37:44,967 [Worker-45: Download sources and javadoc] INFO  o.e.m.c.i.e.AbstractTransferListenerAdapter - Downloading https://repo.maven.apache.org/maven2/org/slf4j/slf4j-api/2.0.17/slf4j-api-2.0.17-javadoc.jar
2025-10-08 18:37:45,077 [Worker-45: Download sources and javadoc] INFO  o.e.m.c.i.e.AbstractTransferListenerAdapter - Downloaded https://repo.maven.apache.org/maven2/org/slf4j/slf4j-api/2.0.17/slf4j-api-2.0.17-javadoc.jar
2025-10-08 18:37:45,084 [Worker-45: Download sources and javadoc] INFO  o.e.m.j.internal.DownloadSourcesJob - Downloaded javadoc for org.slf4j:slf4j-api:2.0.17
2025-10-08 18:37:45,145 [Worker-45: Download sources and javadoc] INFO  o.e.m.c.i.e.AbstractTransferListenerAdapter - Downloading https://repo.maven.apache.org/maven2/org/springframework/spring-aspects/6.2.10/spring-aspects-6.2.10-javadoc.jar
2025-10-08 18:37:45,208 [Worker-45: Download sources and javadoc] INFO  o.e.m.c.i.e.AbstractTransferListenerAdapter - Downloaded https://repo.maven.apache.org/maven2/org/springframework/spring-aspects/6.2.10/spring-aspects-6.2.10-javadoc.jar
2025-10-08 18:37:45,212 [Worker-45: Download sources and javadoc] INFO  o.e.m.j.internal.DownloadSourcesJob - Downloaded javadoc for org.springframework:spring-aspects:6.2.10
2025-10-08 18:37:45,557 [Worker-45: Download sources and javadoc] INFO  o.e.m.c.i.e.AbstractTransferListenerAdapter - Downloading https://repo.maven.apache.org/maven2/org/aspectj/aspectjweaver/1.9.24/aspectjweaver-1.9.24-javadoc.jar
2025-10-08 18:37:46,442 [Worker-45: Download sources and javadoc] INFO  o.e.m.c.i.e.AbstractTransferListenerAdapter - Downloaded https://repo.maven.apache.org/maven2/org/aspectj/aspectjweaver/1.9.24/aspectjweaver-1.9.24-javadoc.jar
2025-10-08 18:37:46,448 [Worker-45: Download sources and javadoc] INFO  o.e.m.j.internal.DownloadSourcesJob - Downloaded javadoc for org.aspectj:aspectjweaver:1.9.24
2025-10-08 18:37:46,545 [Worker-45: Download sources and javadoc] INFO  o.e.m.c.i.e.AbstractTransferListenerAdapter - Downloading https://repo.maven.apache.org/maven2/org/springframework/boot/spring-boot-starter-web/3.5.5/spring-boot-starter-web-3.5.5-javadoc.jar
2025-10-08 18:37:46,619 [Worker-45: Download sources and javadoc] INFO  o.e.m.c.i.e.AbstractTransferListenerAdapter - Downloaded https://repo.maven.apache.org/maven2/org/springframework/boot/spring-boot-starter-web/3.5.5/spring-boot-starter-web-3.5.5-javadoc.jar
2025-10-08 18:37:46,625 [Worker-45: Download sources and javadoc] INFO  o.e.m.j.internal.DownloadSourcesJob - Downloaded javadoc for org.springframework.boot:spring-boot-starter-web:3.5.5
2025-10-08 18:37:46,681 [Worker-45: Download sources and javadoc] INFO  o.e.m.c.i.e.AbstractTransferListenerAdapter - Downloading https://repo.maven.apache.org/maven2/org/springframework/boot/spring-boot-starter-json/3.5.5/spring-boot-starter-json-3.5.5-javadoc.jar
2025-10-08 18:37:46,755 [Worker-45: Download sources and javadoc] INFO  o.e.m.c.i.e.AbstractTransferListenerAdapter - Downloaded https://repo.maven.apache.org/maven2/org/springframework/boot/spring-boot-starter-json/3.5.5/spring-boot-starter-json-3.5.5-javadoc.jar
2025-10-08 18:37:46,760 [Worker-45: Download sources and javadoc] INFO  o.e.m.j.internal.DownloadSourcesJob - Downloaded javadoc for org.springframework.boot:spring-boot-starter-json:3.5.5
2025-10-08 18:37:46,847 [Worker-45: Download sources and javadoc] INFO  o.e.m.c.i.e.AbstractTransferListenerAdapter - Downloading https://repo.maven.apache.org/maven2/com/fasterxml/jackson/core/jackson-databind/2.19.2/jackson-databind-2.19.2-javadoc.jar
2025-10-08 18:37:47,615 [Worker-45: Download sources and javadoc] INFO  o.e.m.c.i.e.AbstractTransferListenerAdapter - Downloaded https://repo.maven.apache.org/maven2/com/fasterxml/jackson/core/jackson-databind/2.19.2/jackson-databind-2.19.2-javadoc.jar
2025-10-08 18:37:47,622 [Worker-45: Download sources and javadoc] INFO  o.e.m.j.internal.DownloadSourcesJob - Downloaded javadoc for com.fasterxml.jackson.core:jackson-databind:2.19.2
2025-10-08 18:37:47,692 [Worker-45: Download sources and javadoc] INFO  o.e.m.c.i.e.AbstractTransferListenerAdapter - Downloading https://repo.maven.apache.org/maven2/com/fasterxml/jackson/core/jackson-annotations/2.19.2/jackson-annotations-2.19.2-javadoc.jar
2025-10-08 18:37:47,806 [Worker-45: Download sources and javadoc] INFO  o.e.m.c.i.e.AbstractTransferListenerAdapter - Downloaded https://repo.maven.apache.org/maven2/com/fasterxml/jackson/core/jackson-annotations/2.19.2/jackson-annotations-2.19.2-javadoc.jar
2025-10-08 18:37:47,884 [Worker-45: Download sources and javadoc] INFO  o.e.m.j.internal.DownloadSourcesJob - Downloaded javadoc for com.fasterxml.jackson.core:jackson-annotations:2.19.2
2025-10-08 18:37:47,946 [Worker-45: Download sources and javadoc] INFO  o.e.m.c.i.e.AbstractTransferListenerAdapter - Downloading https://repo.maven.apache.org/maven2/com/fasterxml/jackson/core/jackson-core/2.19.2/jackson-core-2.19.2-javadoc.jar
2025-10-08 18:37:48,173 [Worker-45: Download sources and javadoc] INFO  o.e.m.c.i.e.AbstractTransferListenerAdapter - Downloaded https://repo.maven.apache.org/maven2/com/fasterxml/jackson/core/jackson-core/2.19.2/jackson-core-2.19.2-javadoc.jar
2025-10-08 18:37:48,180 [Worker-45: Download sources and javadoc] INFO  o.e.m.j.internal.DownloadSourcesJob - Downloaded javadoc for com.fasterxml.jackson.core:jackson-core:2.19.2
2025-10-08 18:37:48,247 [Worker-45: Download sources and javadoc] INFO  o.e.m.c.i.e.AbstractTransferListenerAdapter - Downloading https://repo.maven.apache.org/maven2/com/fasterxml/jackson/datatype/jackson-datatype-jdk8/2.19.2/jackson-datatype-jdk8-2.19.2-javadoc.jar
2025-10-08 18:37:48,405 [Worker-45: Download sources and javadoc] INFO  o.e.m.c.i.e.AbstractTransferListenerAdapter - Downloaded https://repo.maven.apache.org/maven2/com/fasterxml/jackson/datatype/jackson-datatype-jdk8/2.19.2/jackson-datatype-jdk8-2.19.2-javadoc.jar
2025-10-08 18:37:48,411 [Worker-45: Download sources and javadoc] INFO  o.e.m.j.internal.DownloadSourcesJob - Downloaded javadoc for com.fasterxml.jackson.datatype:jackson-datatype-jdk8:2.19.2
2025-10-08 18:37:48,485 [Worker-45: Download sources and javadoc] INFO  o.e.m.c.i.e.AbstractTransferListenerAdapter - Downloading https://repo.maven.apache.org/maven2/com/fasterxml/jackson/datatype/jackson-datatype-jsr310/2.19.2/jackson-datatype-jsr310-2.19.2-javadoc.jar
2025-10-08 18:37:48,590 [Worker-45: Download sources and javadoc] INFO  o.e.m.c.i.e.AbstractTransferListenerAdapter - Downloaded https://repo.maven.apache.org/maven2/com/fasterxml/jackson/datatype/jackson-datatype-jsr310/2.19.2/jackson-datatype-jsr310-2.19.2-javadoc.jar
2025-10-08 18:37:48,596 [Worker-45: Download sources and javadoc] INFO  o.e.m.j.internal.DownloadSourcesJob - Downloaded javadoc for com.fasterxml.jackson.datatype:jackson-datatype-jsr310:2.19.2
2025-10-08 18:37:48,674 [Worker-45: Download sources and javadoc] INFO  o.e.m.c.i.e.AbstractTransferListenerAdapter - Downloading https://repo.maven.apache.org/maven2/com/fasterxml/jackson/module/jackson-module-parameter-names/2.19.2/jackson-module-parameter-names-2.19.2-javadoc.jar
2025-10-08 18:37:51,628 [Worker-45: Download sources and javadoc] INFO  o.e.m.c.i.e.AbstractTransferListenerAdapter - Downloaded https://repo.maven.apache.org/maven2/com/fasterxml/jackson/module/jackson-module-parameter-names/2.19.2/jackson-module-parameter-names-2.19.2-javadoc.jar
2025-10-08 18:37:51,637 [Worker-45: Download sources and javadoc] INFO  o.e.m.j.internal.DownloadSourcesJob - Downloaded javadoc for com.fasterxml.jackson.module:jackson-module-parameter-names:2.19.2
2025-10-08 18:37:51,691 [Worker-45: Download sources and javadoc] INFO  o.e.m.c.i.e.AbstractTransferListenerAdapter - Downloading https://repo.maven.apache.org/maven2/org/springframework/boot/spring-boot-starter-tomcat/3.5.5/spring-boot-starter-tomcat-3.5.5-javadoc.jar
2025-10-08 18:37:51,772 [Worker-45: Download sources and javadoc] INFO  o.e.m.c.i.e.AbstractTransferListenerAdapter - Downloaded https://repo.maven.apache.org/maven2/org/springframework/boot/spring-boot-starter-tomcat/3.5.5/spring-boot-starter-tomcat-3.5.5-javadoc.jar
2025-10-08 18:37:51,778 [Worker-45: Download sources and javadoc] INFO  o.e.m.j.internal.DownloadSourcesJob - Downloaded javadoc for org.springframework.boot:spring-boot-starter-tomcat:3.5.5
2025-10-08 18:37:51,880 [Worker-45: Download sources and javadoc] INFO  o.e.m.c.i.e.AbstractTransferListenerAdapter - Downloaded https://repo.maven.apache.org/maven2/org/apache/tomcat/embed/tomcat-embed-core/10.1.44/tomcat-embed-core-10.1.44-javadoc.jar
2025-10-08 18:37:51,885 [Worker-45: Download sources and javadoc] ERROR o.e.m.j.internal.DownloadSourcesJob - Could not download javadoc for org.apache.tomcat.embed:tomcat-embed-core:10.1.44
org.eclipse.core.runtime.CoreException: Could not resolve artifact org.apache.tomcat.embed:tomcat-embed-core:jar:javadoc:10.1.44
	at org.eclipse.m2e.core.internal.embedder.MavenImpl.lambda$7(MavenImpl.java:540)
	at org.eclipse.m2e.core.internal.embedder.MavenExecutionContext.executeBare(MavenExecutionContext.java:458)
	at org.eclipse.m2e.core.internal.embedder.MavenExecutionContext.execute(MavenExecutionContext.java:292)
	at org.eclipse.m2e.core.internal.embedder.MavenExecutionContext.execute(MavenExecutionContext.java:278)
	at org.eclipse.m2e.core.internal.embedder.MavenImpl.resolve(MavenImpl.java:509)
	at org.eclipse.m2e.core.internal.embedder.MavenImpl.resolve(MavenImpl.java:494)
	at org.eclipse.m2e.jdt.internal.DownloadSourcesJob.download(DownloadSourcesJob.java:308)
	at org.eclipse.m2e.jdt.internal.DownloadSourcesJob.downloadAttachments(DownloadSourcesJob.java:294)
	at org.eclipse.m2e.jdt.internal.DownloadSourcesJob.downloadMaven(DownloadSourcesJob.java:252)
	at org.eclipse.m2e.jdt.internal.DownloadSourcesJob.downloadFilesAndPopulateToUpdate(DownloadSourcesJob.java:220)
	at org.eclipse.m2e.jdt.internal.DownloadSourcesJob.lambda$0(DownloadSourcesJob.java:149)
	at org.eclipse.m2e.core.internal.embedder.MavenExecutionContext.executeBare(MavenExecutionContext.java:458)
	at org.eclipse.m2e.core.internal.embedder.MavenExecutionContext.execute(MavenExecutionContext.java:339)
	at org.eclipse.m2e.core.internal.embedder.MavenExecutionContext.execute(MavenExecutionContext.java:278)
	at org.eclipse.m2e.core.embedder.IMaven.execute(IMaven.java:300)
	at org.eclipse.m2e.jdt.internal.DownloadSourcesJob.run(DownloadSourcesJob.java:149)
	at org.eclipse.core.internal.jobs.Worker.run(Worker.java:63)
2025-10-08 18:37:52,403 [Worker-45: Download sources and javadoc] INFO  o.e.m.c.i.e.AbstractTransferListenerAdapter - Downloaded https://repo.maven.apache.org/maven2/org/apache/tomcat/embed/tomcat-embed-websocket/10.1.44/tomcat-embed-websocket-10.1.44-javadoc.jar
2025-10-08 18:37:52,407 [Worker-45: Download sources and javadoc] ERROR o.e.m.j.internal.DownloadSourcesJob - Could not download javadoc for org.apache.tomcat.embed:tomcat-embed-websocket:10.1.44
org.eclipse.core.runtime.CoreException: Could not resolve artifact org.apache.tomcat.embed:tomcat-embed-websocket:jar:javadoc:10.1.44
	at org.eclipse.m2e.core.internal.embedder.MavenImpl.lambda$7(MavenImpl.java:540)
	at org.eclipse.m2e.core.internal.embedder.MavenExecutionContext.executeBare(MavenExecutionContext.java:458)
	at org.eclipse.m2e.core.internal.embedder.MavenExecutionContext.execute(MavenExecutionContext.java:292)
	at org.eclipse.m2e.core.internal.embedder.MavenExecutionContext.execute(MavenExecutionContext.java:278)
	at org.eclipse.m2e.core.internal.embedder.MavenImpl.resolve(MavenImpl.java:509)
	at org.eclipse.m2e.core.internal.embedder.MavenImpl.resolve(MavenImpl.java:494)
	at org.eclipse.m2e.jdt.internal.DownloadSourcesJob.download(DownloadSourcesJob.java:308)
	at org.eclipse.m2e.jdt.internal.DownloadSourcesJob.downloadAttachments(DownloadSourcesJob.java:294)
	at org.eclipse.m2e.jdt.internal.DownloadSourcesJob.downloadMaven(DownloadSourcesJob.java:252)
	at org.eclipse.m2e.jdt.internal.DownloadSourcesJob.downloadFilesAndPopulateToUpdate(DownloadSourcesJob.java:220)
	at org.eclipse.m2e.jdt.internal.DownloadSourcesJob.lambda$0(DownloadSourcesJob.java:149)
	at org.eclipse.m2e.core.internal.embedder.MavenExecutionContext.executeBare(MavenExecutionContext.java:458)
	at org.eclipse.m2e.core.internal.embedder.MavenExecutionContext.execute(MavenExecutionContext.java:339)
	at org.eclipse.m2e.core.internal.embedder.MavenExecutionContext.execute(MavenExecutionContext.java:278)
	at org.eclipse.m2e.core.embedder.IMaven.execute(IMaven.java:300)
	at org.eclipse.m2e.jdt.internal.DownloadSourcesJob.run(DownloadSourcesJob.java:149)
	at org.eclipse.core.internal.jobs.Worker.run(Worker.java:63)
2025-10-08 18:37:52,478 [Worker-45: Download sources and javadoc] INFO  o.e.m.c.i.e.AbstractTransferListenerAdapter - Downloading https://repo.maven.apache.org/maven2/org/springframework/spring-web/6.2.10/spring-web-6.2.10-javadoc.jar
2025-10-08 18:37:52,973 [Worker-45: Download sources and javadoc] INFO  o.e.m.c.i.e.AbstractTransferListenerAdapter - Downloaded https://repo.maven.apache.org/maven2/org/springframework/spring-web/6.2.10/spring-web-6.2.10-javadoc.jar
2025-10-08 18:37:52,979 [Worker-45: Download sources and javadoc] INFO  o.e.m.j.internal.DownloadSourcesJob - Downloaded javadoc for org.springframework:spring-web:6.2.10
2025-10-08 18:37:53,040 [Worker-45: Download sources and javadoc] INFO  o.e.m.c.i.e.AbstractTransferListenerAdapter - Downloading https://repo.maven.apache.org/maven2/org/springframework/spring-webmvc/6.2.10/spring-webmvc-6.2.10-javadoc.jar
2025-10-08 18:37:53,371 [Worker-45: Download sources and javadoc] INFO  o.e.m.c.i.e.AbstractTransferListenerAdapter - Downloaded https://repo.maven.apache.org/maven2/org/springframework/spring-webmvc/6.2.10/spring-webmvc-6.2.10-javadoc.jar
2025-10-08 18:37:53,377 [Worker-45: Download sources and javadoc] INFO  o.e.m.j.internal.DownloadSourcesJob - Downloaded javadoc for org.springframework:spring-webmvc:6.2.10
2025-10-08 18:37:53,439 [Worker-45: Download sources and javadoc] INFO  o.e.m.c.i.e.AbstractTransferListenerAdapter - Downloading https://repo.maven.apache.org/maven2/org/springframework/spring-expression/6.2.10/spring-expression-6.2.10-javadoc.jar
2025-10-08 18:37:53,572 [Worker-45: Download sources and javadoc] INFO  o.e.m.c.i.e.AbstractTransferListenerAdapter - Downloaded https://repo.maven.apache.org/maven2/org/springframework/spring-expression/6.2.10/spring-expression-6.2.10-javadoc.jar
2025-10-08 18:37:53,582 [Worker-45: Download sources and javadoc] INFO  o.e.m.j.internal.DownloadSourcesJob - Downloaded javadoc for org.springframework:spring-expression:6.2.10
2025-10-08 18:37:53,642 [Worker-45: Download sources and javadoc] INFO  o.e.m.c.i.e.AbstractTransferListenerAdapter - Downloading https://repo.maven.apache.org/maven2/org/springframework/kafka/spring-kafka/3.3.9/spring-kafka-3.3.9-javadoc.jar
2025-10-08 18:37:53,851 [Worker-45: Download sources and javadoc] INFO  o.e.m.c.i.e.AbstractTransferListenerAdapter - Downloaded https://repo.maven.apache.org/maven2/org/springframework/kafka/spring-kafka/3.3.9/spring-kafka-3.3.9-javadoc.jar
2025-10-08 18:37:53,858 [Worker-45: Download sources and javadoc] INFO  o.e.m.j.internal.DownloadSourcesJob - Downloaded javadoc for org.springframework.kafka:spring-kafka:3.3.9
2025-10-08 18:37:53,940 [Worker-45: Download sources and javadoc] INFO  o.e.m.c.i.e.AbstractTransferListenerAdapter - Downloading https://repo.maven.apache.org/maven2/org/springframework/spring-context/6.2.10/spring-context-6.2.10-javadoc.jar
2025-10-08 18:37:54,314 [Worker-45: Download sources and javadoc] INFO  o.e.m.c.i.e.AbstractTransferListenerAdapter - Downloaded https://repo.maven.apache.org/maven2/org/springframework/spring-context/6.2.10/spring-context-6.2.10-javadoc.jar
2025-10-08 18:37:54,317 [Worker-45: Download sources and javadoc] INFO  o.e.m.j.internal.DownloadSourcesJob - Downloaded javadoc for org.springframework:spring-context:6.2.10
2025-10-08 18:37:54,390 [Worker-45: Download sources and javadoc] INFO  o.e.m.c.i.e.AbstractTransferListenerAdapter - Downloading https://repo.maven.apache.org/maven2/org/springframework/spring-messaging/6.2.10/spring-messaging-6.2.10-javadoc.jar
2025-10-08 18:37:54,602 [Worker-45: Download sources and javadoc] INFO  o.e.m.c.i.e.AbstractTransferListenerAdapter - Downloaded https://repo.maven.apache.org/maven2/org/springframework/spring-messaging/6.2.10/spring-messaging-6.2.10-javadoc.jar
2025-10-08 18:37:54,610 [Worker-45: Download sources and javadoc] INFO  o.e.m.j.internal.DownloadSourcesJob - Downloaded javadoc for org.springframework:spring-messaging:6.2.10
2025-10-08 18:37:54,667 [Worker-45: Download sources and javadoc] INFO  o.e.m.c.i.e.AbstractTransferListenerAdapter - Downloading https://repo.maven.apache.org/maven2/org/springframework/spring-tx/6.2.10/spring-tx-6.2.10-javadoc.jar
2025-10-08 18:37:54,830 [Worker-45: Download sources and javadoc] INFO  o.e.m.c.i.e.AbstractTransferListenerAdapter - Downloaded https://repo.maven.apache.org/maven2/org/springframework/spring-tx/6.2.10/spring-tx-6.2.10-javadoc.jar
2025-10-08 18:37:54,837 [Worker-45: Download sources and javadoc] INFO  o.e.m.j.internal.DownloadSourcesJob - Downloaded javadoc for org.springframework:spring-tx:6.2.10
2025-10-08 18:37:54,901 [Worker-45: Download sources and javadoc] INFO  o.e.m.c.i.e.AbstractTransferListenerAdapter - Downloading https://repo.maven.apache.org/maven2/org/springframework/retry/spring-retry/2.0.12/spring-retry-2.0.12-javadoc.jar
2025-10-08 18:37:55,069 [Worker-45: Download sources and javadoc] INFO  o.e.m.c.i.e.AbstractTransferListenerAdapter - Downloaded https://repo.maven.apache.org/maven2/org/springframework/retry/spring-retry/2.0.12/spring-retry-2.0.12-javadoc.jar
2025-10-08 18:37:55,072 [Worker-45: Download sources and javadoc] INFO  o.e.m.j.internal.DownloadSourcesJob - Downloaded javadoc for org.springframework.retry:spring-retry:2.0.12
2025-10-08 18:37:55,149 [Worker-45: Download sources and javadoc] INFO  o.e.m.c.i.e.AbstractTransferListenerAdapter - Downloading https://repo.maven.apache.org/maven2/org/apache/kafka/kafka-clients/3.9.1/kafka-clients-3.9.1-javadoc.jar
2025-10-08 18:37:55,401 [Worker-45: Download sources and javadoc] INFO  o.e.m.c.i.e.AbstractTransferListenerAdapter - Downloaded https://repo.maven.apache.org/maven2/org/apache/kafka/kafka-clients/3.9.1/kafka-clients-3.9.1-javadoc.jar
2025-10-08 18:37:55,409 [Worker-45: Download sources and javadoc] INFO  o.e.m.j.internal.DownloadSourcesJob - Downloaded javadoc for org.apache.kafka:kafka-clients:3.9.1
2025-10-08 18:37:55,482 [Worker-45: Download sources and javadoc] INFO  o.e.m.c.i.e.AbstractTransferListenerAdapter - Downloading https://repo.maven.apache.org/maven2/com/github/luben/zstd-jni/1.5.6-4/zstd-jni-1.5.6-4-javadoc.jar
2025-10-08 18:37:55,589 [Worker-45: Download sources and javadoc] INFO  o.e.m.c.i.e.AbstractTransferListenerAdapter - Downloaded https://repo.maven.apache.org/maven2/com/github/luben/zstd-jni/1.5.6-4/zstd-jni-1.5.6-4-javadoc.jar
2025-10-08 18:37:55,595 [Worker-45: Download sources and javadoc] INFO  o.e.m.j.internal.DownloadSourcesJob - Downloaded javadoc for com.github.luben:zstd-jni:1.5.6-4
2025-10-08 18:37:55,661 [Worker-45: Download sources and javadoc] INFO  o.e.m.c.i.e.AbstractTransferListenerAdapter - Downloading https://repo.maven.apache.org/maven2/org/lz4/lz4-java/1.8.0/lz4-java-1.8.0-javadoc.jar
2025-10-08 18:37:55,731 [Worker-45: Download sources and javadoc] INFO  o.e.m.c.i.e.AbstractTransferListenerAdapter - Downloaded https://repo.maven.apache.org/maven2/org/lz4/lz4-java/1.8.0/lz4-java-1.8.0-javadoc.jar
2025-10-08 18:37:55,739 [Worker-45: Download sources and javadoc] INFO  o.e.m.j.internal.DownloadSourcesJob - Downloaded javadoc for org.lz4:lz4-java:1.8.0
2025-10-08 18:37:55,796 [Worker-45: Download sources and javadoc] INFO  o.e.m.c.i.e.AbstractTransferListenerAdapter - Downloading https://repo.maven.apache.org/maven2/org/xerial/snappy/snappy-java/1.1.10.5/snappy-java-1.1.10.5-javadoc.jar
2025-10-08 18:37:55,892 [Worker-45: Download sources and javadoc] INFO  o.e.m.c.i.e.AbstractTransferListenerAdapter - Downloaded https://repo.maven.apache.org/maven2/org/xerial/snappy/snappy-java/1.1.10.5/snappy-java-1.1.10.5-javadoc.jar
2025-10-08 18:37:55,898 [Worker-45: Download sources and javadoc] INFO  o.e.m.j.internal.DownloadSourcesJob - Downloaded javadoc for org.xerial.snappy:snappy-java:1.1.10.5
2025-10-08 18:37:55,961 [Worker-45: Download sources and javadoc] INFO  o.e.m.c.i.e.AbstractTransferListenerAdapter - Downloading https://repo.maven.apache.org/maven2/io/micrometer/micrometer-observation/1.15.3/micrometer-observation-1.15.3-javadoc.jar
2025-10-08 18:37:56,040 [Worker-45: Download sources and javadoc] INFO  o.e.m.c.i.e.AbstractTransferListenerAdapter - Downloaded https://repo.maven.apache.org/maven2/io/micrometer/micrometer-observation/1.15.3/micrometer-observation-1.15.3-javadoc.jar
2025-10-08 18:37:56,048 [Worker-45: Download sources and javadoc] INFO  o.e.m.j.internal.DownloadSourcesJob - Downloaded javadoc for io.micrometer:micrometer-observation:1.15.3
2025-10-08 18:37:56,116 [Worker-45: Download sources and javadoc] INFO  o.e.m.c.i.e.AbstractTransferListenerAdapter - Downloading https://repo.maven.apache.org/maven2/io/micrometer/micrometer-commons/1.15.3/micrometer-commons-1.15.3-javadoc.jar
2025-10-08 18:37:56,184 [Worker-45: Download sources and javadoc] INFO  o.e.m.c.i.e.AbstractTransferListenerAdapter - Downloaded https://repo.maven.apache.org/maven2/io/micrometer/micrometer-commons/1.15.3/micrometer-commons-1.15.3-javadoc.jar
2025-10-08 18:37:56,189 [Worker-45: Download sources and javadoc] INFO  o.e.m.j.internal.DownloadSourcesJob - Downloaded javadoc for io.micrometer:micrometer-commons:1.15.3
2025-10-08 18:37:56,250 [Worker-45: Download sources and javadoc] INFO  o.e.m.c.i.e.AbstractTransferListenerAdapter - Downloading https://repo.maven.apache.org/maven2/org/springframework/boot/spring-boot-starter-validation/3.5.5/spring-boot-starter-validation-3.5.5-javadoc.jar
2025-10-08 18:37:56,341 [Worker-45: Download sources and javadoc] INFO  o.e.m.c.i.e.AbstractTransferListenerAdapter - Downloaded https://repo.maven.apache.org/maven2/org/springframework/boot/spring-boot-starter-validation/3.5.5/spring-boot-starter-validation-3.5.5-javadoc.jar
2025-10-08 18:37:56,348 [Worker-45: Download sources and javadoc] INFO  o.e.m.j.internal.DownloadSourcesJob - Downloaded javadoc for org.springframework.boot:spring-boot-starter-validation:3.5.5
2025-10-08 18:37:56,423 [Worker-45: Download sources and javadoc] INFO  o.e.m.c.i.e.AbstractTransferListenerAdapter - Downloaded https://repo.maven.apache.org/maven2/org/apache/tomcat/embed/tomcat-embed-el/10.1.44/tomcat-embed-el-10.1.44-javadoc.jar
2025-10-08 18:37:56,426 [Worker-45: Download sources and javadoc] ERROR o.e.m.j.internal.DownloadSourcesJob - Could not download javadoc for org.apache.tomcat.embed:tomcat-embed-el:10.1.44
org.eclipse.core.runtime.CoreException: Could not resolve artifact org.apache.tomcat.embed:tomcat-embed-el:jar:javadoc:10.1.44
	at org.eclipse.m2e.core.internal.embedder.MavenImpl.lambda$7(MavenImpl.java:540)
	at org.eclipse.m2e.core.internal.embedder.MavenExecutionContext.executeBare(MavenExecutionContext.java:458)
	at org.eclipse.m2e.core.internal.embedder.MavenExecutionContext.execute(MavenExecutionContext.java:292)
	at org.eclipse.m2e.core.internal.embedder.MavenExecutionContext.execute(MavenExecutionContext.java:278)
	at org.eclipse.m2e.core.internal.embedder.MavenImpl.resolve(MavenImpl.java:509)
	at org.eclipse.m2e.core.internal.embedder.MavenImpl.resolve(MavenImpl.java:494)
	at org.eclipse.m2e.jdt.internal.DownloadSourcesJob.download(DownloadSourcesJob.java:308)
	at org.eclipse.m2e.jdt.internal.DownloadSourcesJob.downloadAttachments(DownloadSourcesJob.java:294)
	at org.eclipse.m2e.jdt.internal.DownloadSourcesJob.downloadMaven(DownloadSourcesJob.java:252)
	at org.eclipse.m2e.jdt.internal.DownloadSourcesJob.downloadFilesAndPopulateToUpdate(DownloadSourcesJob.java:220)
	at org.eclipse.m2e.jdt.internal.DownloadSourcesJob.lambda$0(DownloadSourcesJob.java:149)
	at org.eclipse.m2e.core.internal.embedder.MavenExecutionContext.executeBare(MavenExecutionContext.java:458)
	at org.eclipse.m2e.core.internal.embedder.MavenExecutionContext.execute(MavenExecutionContext.java:339)
	at org.eclipse.m2e.core.internal.embedder.MavenExecutionContext.execute(MavenExecutionContext.java:278)
	at org.eclipse.m2e.core.embedder.IMaven.execute(IMaven.java:300)
	at org.eclipse.m2e.jdt.internal.DownloadSourcesJob.run(DownloadSourcesJob.java:149)
	at org.eclipse.core.internal.jobs.Worker.run(Worker.java:63)
2025-10-08 18:37:56,481 [Worker-45: Download sources and javadoc] INFO  o.e.m.c.i.e.AbstractTransferListenerAdapter - Downloading https://repo.maven.apache.org/maven2/org/hibernate/validator/hibernate-validator/8.0.3.Final/hibernate-validator-8.0.3.Final-javadoc.jar
2025-10-08 18:37:56,654 [Worker-45: Download sources and javadoc] INFO  o.e.m.c.i.e.AbstractTransferListenerAdapter - Downloaded https://repo.maven.apache.org/maven2/org/hibernate/validator/hibernate-validator/8.0.3.Final/hibernate-validator-8.0.3.Final-javadoc.jar
2025-10-08 18:37:56,660 [Worker-45: Download sources and javadoc] INFO  o.e.m.j.internal.DownloadSourcesJob - Downloaded javadoc for org.hibernate.validator:hibernate-validator:8.0.3.Final
2025-10-08 18:37:56,737 [Worker-45: Download sources and javadoc] INFO  o.e.m.c.i.e.AbstractTransferListenerAdapter - Downloading https://repo.maven.apache.org/maven2/jakarta/validation/jakarta.validation-api/3.0.2/jakarta.validation-api-3.0.2-javadoc.jar
2025-10-08 18:37:56,900 [Worker-45: Download sources and javadoc] INFO  o.e.m.c.i.e.AbstractTransferListenerAdapter - Downloaded https://repo.maven.apache.org/maven2/jakarta/validation/jakarta.validation-api/3.0.2/jakarta.validation-api-3.0.2-javadoc.jar
2025-10-08 18:37:56,907 [Worker-45: Download sources and javadoc] INFO  o.e.m.j.internal.DownloadSourcesJob - Downloaded javadoc for jakarta.validation:jakarta.validation-api:3.0.2
2025-10-08 18:37:56,968 [Worker-45: Download sources and javadoc] INFO  o.e.m.c.i.e.AbstractTransferListenerAdapter - Downloading https://repo.maven.apache.org/maven2/org/springframework/boot/spring-boot-devtools/3.5.5/spring-boot-devtools-3.5.5-javadoc.jar
2025-10-08 18:37:57,057 [Worker-45: Download sources and javadoc] INFO  o.e.m.c.i.e.AbstractTransferListenerAdapter - Downloaded https://repo.maven.apache.org/maven2/org/springframework/boot/spring-boot-devtools/3.5.5/spring-boot-devtools-3.5.5-javadoc.jar
2025-10-08 18:37:57,063 [Worker-45: Download sources and javadoc] INFO  o.e.m.j.internal.DownloadSourcesJob - Downloaded javadoc for org.springframework.boot:spring-boot-devtools:3.5.5
2025-10-08 18:37:57,135 [Worker-45: Download sources and javadoc] INFO  o.e.m.c.i.e.AbstractTransferListenerAdapter - Downloading https://repo.maven.apache.org/maven2/org/springframework/boot/spring-boot/3.5.5/spring-boot-3.5.5-javadoc.jar
2025-10-08 18:37:57,431 [Worker-45: Download sources and javadoc] INFO  o.e.m.c.i.e.AbstractTransferListenerAdapter - Downloaded https://repo.maven.apache.org/maven2/org/springframework/boot/spring-boot/3.5.5/spring-boot-3.5.5-javadoc.jar
2025-10-08 18:37:57,438 [Worker-45: Download sources and javadoc] INFO  o.e.m.j.internal.DownloadSourcesJob - Downloaded javadoc for org.springframework.boot:spring-boot:3.5.5
2025-10-08 18:37:57,505 [Worker-45: Download sources and javadoc] INFO  o.e.m.c.i.e.AbstractTransferListenerAdapter - Downloading https://repo.maven.apache.org/maven2/org/springframework/boot/spring-boot-autoconfigure/3.5.5/spring-boot-autoconfigure-3.5.5-javadoc.jar
2025-10-08 18:37:57,876 [Worker-45: Download sources and javadoc] INFO  o.e.m.c.i.e.AbstractTransferListenerAdapter - Downloaded https://repo.maven.apache.org/maven2/org/springframework/boot/spring-boot-autoconfigure/3.5.5/spring-boot-autoconfigure-3.5.5-javadoc.jar
2025-10-08 18:37:57,883 [Worker-45: Download sources and javadoc] INFO  o.e.m.j.internal.DownloadSourcesJob - Downloaded javadoc for org.springframework.boot:spring-boot-autoconfigure:3.5.5
2025-10-08 18:37:57,961 [Worker-45: Download sources and javadoc] INFO  o.e.m.c.i.e.AbstractTransferListenerAdapter - Downloading https://repo.maven.apache.org/maven2/org/postgresql/postgresql/42.6.0/postgresql-42.6.0-javadoc.jar
2025-10-08 18:37:58,183 [Worker-45: Download sources and javadoc] INFO  o.e.m.c.i.e.AbstractTransferListenerAdapter - Downloaded https://repo.maven.apache.org/maven2/org/postgresql/postgresql/42.6.0/postgresql-42.6.0-javadoc.jar
2025-10-08 18:37:58,190 [Worker-45: Download sources and javadoc] INFO  o.e.m.j.internal.DownloadSourcesJob - Downloaded javadoc for org.postgresql:postgresql:42.6.0
2025-10-08 18:37:58,269 [Worker-45: Download sources and javadoc] INFO  o.e.m.c.i.e.AbstractTransferListenerAdapter - Downloading https://repo.maven.apache.org/maven2/org/checkerframework/checker-qual/3.31.0/checker-qual-3.31.0-javadoc.jar
2025-10-08 18:37:58,416 [Worker-45: Download sources and javadoc] INFO  o.e.m.c.i.e.AbstractTransferListenerAdapter - Downloaded https://repo.maven.apache.org/maven2/org/checkerframework/checker-qual/3.31.0/checker-qual-3.31.0-javadoc.jar
2025-10-08 18:37:58,423 [Worker-45: Download sources and javadoc] INFO  o.e.m.j.internal.DownloadSourcesJob - Downloaded javadoc for org.checkerframework:checker-qual:3.31.0
2025-10-08 18:37:58,488 [Worker-45: Download sources and javadoc] INFO  o.e.m.c.i.e.AbstractTransferListenerAdapter - Downloading https://repo.maven.apache.org/maven2/org/springframework/boot/spring-boot-starter-test/3.5.5/spring-boot-starter-test-3.5.5-javadoc.jar
2025-10-08 18:37:58,569 [Worker-45: Download sources and javadoc] INFO  o.e.m.c.i.e.AbstractTransferListenerAdapter - Downloaded https://repo.maven.apache.org/maven2/org/springframework/boot/spring-boot-starter-test/3.5.5/spring-boot-starter-test-3.5.5-javadoc.jar
2025-10-08 18:37:58,575 [Worker-45: Download sources and javadoc] INFO  o.e.m.j.internal.DownloadSourcesJob - Downloaded javadoc for org.springframework.boot:spring-boot-starter-test:3.5.5
2025-10-08 18:37:58,653 [Worker-45: Download sources and javadoc] INFO  o.e.m.c.i.e.AbstractTransferListenerAdapter - Downloading https://repo.maven.apache.org/maven2/org/springframework/boot/spring-boot-test/3.5.5/spring-boot-test-3.5.5-javadoc.jar
2025-10-08 18:37:58,746 [Worker-45: Download sources and javadoc] INFO  o.e.m.c.i.e.AbstractTransferListenerAdapter - Downloaded https://repo.maven.apache.org/maven2/org/springframework/boot/spring-boot-test/3.5.5/spring-boot-test-3.5.5-javadoc.jar
2025-10-08 18:37:58,754 [Worker-45: Download sources and javadoc] INFO  o.e.m.j.internal.DownloadSourcesJob - Downloaded javadoc for org.springframework.boot:spring-boot-test:3.5.5
2025-10-08 18:37:58,819 [Worker-45: Download sources and javadoc] INFO  o.e.m.c.i.e.AbstractTransferListenerAdapter - Downloading https://repo.maven.apache.org/maven2/org/springframework/boot/spring-boot-test-autoconfigure/3.5.5/spring-boot-test-autoconfigure-3.5.5-javadoc.jar
2025-10-08 18:37:58,930 [Worker-45: Download sources and javadoc] INFO  o.e.m.c.i.e.AbstractTransferListenerAdapter - Downloaded https://repo.maven.apache.org/maven2/org/springframework/boot/spring-boot-test-autoconfigure/3.5.5/spring-boot-test-autoconfigure-3.5.5-javadoc.jar
2025-10-08 18:37:58,944 [Worker-45: Download sources and javadoc] INFO  o.e.m.j.internal.DownloadSourcesJob - Downloaded javadoc for org.springframework.boot:spring-boot-test-autoconfigure:3.5.5
2025-10-08 18:37:59,012 [Worker-45: Download sources and javadoc] INFO  o.e.m.c.i.e.AbstractTransferListenerAdapter - Downloading https://repo.maven.apache.org/maven2/com/jayway/jsonpath/json-path/2.9.0/json-path-2.9.0-javadoc.jar
2025-10-08 18:37:59,213 [Worker-45: Download sources and javadoc] INFO  o.e.m.c.i.e.AbstractTransferListenerAdapter - Downloaded https://repo.maven.apache.org/maven2/com/jayway/jsonpath/json-path/2.9.0/json-path-2.9.0-javadoc.jar
2025-10-08 18:37:59,220 [Worker-45: Download sources and javadoc] INFO  o.e.m.j.internal.DownloadSourcesJob - Downloaded javadoc for com.jayway.jsonpath:json-path:2.9.0
2025-10-08 18:37:59,289 [Worker-45: Download sources and javadoc] INFO  o.e.m.c.i.e.AbstractTransferListenerAdapter - Downloading https://repo.maven.apache.org/maven2/jakarta/xml/bind/jakarta.xml.bind-api/4.0.2/jakarta.xml.bind-api-4.0.2-javadoc.jar
2025-10-08 18:37:59,398 [Worker-45: Download sources and javadoc] INFO  o.e.m.c.i.e.AbstractTransferListenerAdapter - Downloaded https://repo.maven.apache.org/maven2/jakarta/xml/bind/jakarta.xml.bind-api/4.0.2/jakarta.xml.bind-api-4.0.2-javadoc.jar
2025-10-08 18:37:59,405 [Worker-45: Download sources and javadoc] INFO  o.e.m.j.internal.DownloadSourcesJob - Downloaded javadoc for jakarta.xml.bind:jakarta.xml.bind-api:4.0.2
2025-10-08 18:37:59,459 [Worker-45: Download sources and javadoc] INFO  o.e.m.c.i.e.AbstractTransferListenerAdapter - Downloading https://repo.maven.apache.org/maven2/jakarta/activation/jakarta.activation-api/2.1.3/jakarta.activation-api-2.1.3-javadoc.jar
2025-10-08 18:37:59,573 [Worker-45: Download sources and javadoc] INFO  o.e.m.c.i.e.AbstractTransferListenerAdapter - Downloaded https://repo.maven.apache.org/maven2/jakarta/activation/jakarta.activation-api/2.1.3/jakarta.activation-api-2.1.3-javadoc.jar
2025-10-08 18:37:59,579 [Worker-45: Download sources and javadoc] INFO  o.e.m.j.internal.DownloadSourcesJob - Downloaded javadoc for jakarta.activation:jakarta.activation-api:2.1.3
2025-10-08 18:37:59,660 [Worker-45: Download sources and javadoc] INFO  o.e.m.c.i.e.AbstractTransferListenerAdapter - Downloading https://repo.maven.apache.org/maven2/net/minidev/json-smart/2.5.2/json-smart-2.5.2-javadoc.jar
2025-10-08 18:38:00,155 [Worker-45: Download sources and javadoc] INFO  o.e.m.c.i.e.AbstractTransferListenerAdapter - Downloaded https://repo.maven.apache.org/maven2/net/minidev/json-smart/2.5.2/json-smart-2.5.2-javadoc.jar
2025-10-08 18:38:00,161 [Worker-45: Download sources and javadoc] INFO  o.e.m.j.internal.DownloadSourcesJob - Downloaded javadoc for net.minidev:json-smart:2.5.2
2025-10-08 18:38:00,220 [Worker-45: Download sources and javadoc] INFO  o.e.m.c.i.e.AbstractTransferListenerAdapter - Downloading https://repo.maven.apache.org/maven2/net/minidev/accessors-smart/2.5.2/accessors-smart-2.5.2-javadoc.jar
2025-10-08 18:38:00,743 [Worker-45: Download sources and javadoc] INFO  o.e.m.c.i.e.AbstractTransferListenerAdapter - Downloaded https://repo.maven.apache.org/maven2/net/minidev/accessors-smart/2.5.2/accessors-smart-2.5.2-javadoc.jar
2025-10-08 18:38:00,749 [Worker-45: Download sources and javadoc] INFO  o.e.m.j.internal.DownloadSourcesJob - Downloaded javadoc for net.minidev:accessors-smart:2.5.2
2025-10-08 18:38:00,809 [Worker-45: Download sources and javadoc] INFO  o.e.m.c.i.e.AbstractTransferListenerAdapter - Downloading https://repo.maven.apache.org/maven2/org/ow2/asm/asm/9.7.1/asm-9.7.1-javadoc.jar
2025-10-08 18:38:00,885 [Worker-45: Download sources and javadoc] INFO  o.e.m.c.i.e.AbstractTransferListenerAdapter - Downloaded https://repo.maven.apache.org/maven2/org/ow2/asm/asm/9.7.1/asm-9.7.1-javadoc.jar
2025-10-08 18:38:00,891 [Worker-45: Download sources and javadoc] INFO  o.e.m.j.internal.DownloadSourcesJob - Downloaded javadoc for org.ow2.asm:asm:9.7.1
2025-10-08 18:38:00,976 [Worker-45: Download sources and javadoc] INFO  o.e.m.c.i.e.AbstractTransferListenerAdapter - Downloading https://repo.maven.apache.org/maven2/org/assertj/assertj-core/3.27.4/assertj-core-3.27.4-javadoc.jar
2025-10-08 18:38:01,572 [Worker-45: Download sources and javadoc] INFO  o.e.m.c.i.e.AbstractTransferListenerAdapter - Downloaded https://repo.maven.apache.org/maven2/org/assertj/assertj-core/3.27.4/assertj-core-3.27.4-javadoc.jar
2025-10-08 18:38:01,578 [Worker-45: Download sources and javadoc] INFO  o.e.m.j.internal.DownloadSourcesJob - Downloaded javadoc for org.assertj:assertj-core:3.27.4
2025-10-08 18:38:01,633 [Worker-45: Download sources and javadoc] INFO  o.e.m.c.i.e.AbstractTransferListenerAdapter - Downloading https://repo.maven.apache.org/maven2/org/awaitility/awaitility/4.2.2/awaitility-4.2.2-javadoc.jar
2025-10-08 18:38:01,717 [Worker-45: Download sources and javadoc] INFO  o.e.m.c.i.e.AbstractTransferListenerAdapter - Downloaded https://repo.maven.apache.org/maven2/org/awaitility/awaitility/4.2.2/awaitility-4.2.2-javadoc.jar
2025-10-08 18:38:01,729 [Worker-45: Download sources and javadoc] INFO  o.e.m.j.internal.DownloadSourcesJob - Downloaded javadoc for org.awaitility:awaitility:4.2.2
2025-10-08 18:38:01,784 [Worker-45: Download sources and javadoc] INFO  o.e.m.c.i.e.AbstractTransferListenerAdapter - Downloading https://repo.maven.apache.org/maven2/org/hamcrest/hamcrest/3.0/hamcrest-3.0-javadoc.jar
2025-10-08 18:38:01,875 [Worker-45: Download sources and javadoc] INFO  o.e.m.c.i.e.AbstractTransferListenerAdapter - Downloaded https://repo.maven.apache.org/maven2/org/hamcrest/hamcrest/3.0/hamcrest-3.0-javadoc.jar
2025-10-08 18:38:01,882 [Worker-45: Download sources and javadoc] INFO  o.e.m.j.internal.DownloadSourcesJob - Downloaded javadoc for org.hamcrest:hamcrest:3.0
2025-10-08 18:38:01,949 [Worker-45: Download sources and javadoc] INFO  o.e.m.c.i.e.AbstractTransferListenerAdapter - Downloading https://repo.maven.apache.org/maven2/org/junit/jupiter/junit-jupiter/5.12.2/junit-jupiter-5.12.2-javadoc.jar
2025-10-08 18:38:02,037 [Worker-45: Download sources and javadoc] INFO  o.e.m.c.i.e.AbstractTransferListenerAdapter - Downloaded https://repo.maven.apache.org/maven2/org/junit/jupiter/junit-jupiter/5.12.2/junit-jupiter-5.12.2-javadoc.jar
2025-10-08 18:38:02,043 [Worker-45: Download sources and javadoc] INFO  o.e.m.j.internal.DownloadSourcesJob - Downloaded javadoc for org.junit.jupiter:junit-jupiter:5.12.2
2025-10-08 18:38:02,096 [Worker-45: Download sources and javadoc] INFO  o.e.m.c.i.e.AbstractTransferListenerAdapter - Downloading https://repo.maven.apache.org/maven2/org/junit/jupiter/junit-jupiter-params/5.12.2/junit-jupiter-params-5.12.2-javadoc.jar
2025-10-08 18:38:02,178 [Worker-45: Download sources and javadoc] INFO  o.e.m.c.i.e.AbstractTransferListenerAdapter - Downloaded https://repo.maven.apache.org/maven2/org/junit/jupiter/junit-jupiter-params/5.12.2/junit-jupiter-params-5.12.2-javadoc.jar
2025-10-08 18:38:02,189 [Worker-45: Download sources and javadoc] INFO  o.e.m.j.internal.DownloadSourcesJob - Downloaded javadoc for org.junit.jupiter:junit-jupiter-params:5.12.2
2025-10-08 18:38:02,244 [Worker-45: Download sources and javadoc] INFO  o.e.m.c.i.e.AbstractTransferListenerAdapter - Downloading https://repo.maven.apache.org/maven2/org/junit/jupiter/junit-jupiter-engine/5.12.2/junit-jupiter-engine-5.12.2-javadoc.jar
2025-10-08 18:38:02,391 [Worker-45: Download sources and javadoc] INFO  o.e.m.c.i.e.AbstractTransferListenerAdapter - Downloaded https://repo.maven.apache.org/maven2/org/junit/jupiter/junit-jupiter-engine/5.12.2/junit-jupiter-engine-5.12.2-javadoc.jar
2025-10-08 18:38:02,400 [Worker-45: Download sources and javadoc] INFO  o.e.m.j.internal.DownloadSourcesJob - Downloaded javadoc for org.junit.jupiter:junit-jupiter-engine:5.12.2
2025-10-08 18:38:02,459 [Worker-45: Download sources and javadoc] INFO  o.e.m.c.i.e.AbstractTransferListenerAdapter - Downloading https://repo.maven.apache.org/maven2/org/mockito/mockito-core/5.17.0/mockito-core-5.17.0-javadoc.jar
2025-10-08 18:38:02,634 [Worker-45: Download sources and javadoc] INFO  o.e.m.c.i.e.AbstractTransferListenerAdapter - Downloaded https://repo.maven.apache.org/maven2/org/mockito/mockito-core/5.17.0/mockito-core-5.17.0-javadoc.jar
2025-10-08 18:38:02,644 [Worker-45: Download sources and javadoc] INFO  o.e.m.j.internal.DownloadSourcesJob - Downloaded javadoc for org.mockito:mockito-core:5.17.0
2025-10-08 18:38:02,704 [Worker-45: Download sources and javadoc] INFO  o.e.m.c.i.e.AbstractTransferListenerAdapter - Downloading https://repo.maven.apache.org/maven2/net/bytebuddy/byte-buddy-agent/1.17.7/byte-buddy-agent-1.17.7-javadoc.jar
2025-10-08 18:38:02,882 [Worker-45: Download sources and javadoc] INFO  o.e.m.c.i.e.AbstractTransferListenerAdapter - Downloaded https://repo.maven.apache.org/maven2/net/bytebuddy/byte-buddy-agent/1.17.7/byte-buddy-agent-1.17.7-javadoc.jar
2025-10-08 18:38:02,887 [Worker-45: Download sources and javadoc] INFO  o.e.m.j.internal.DownloadSourcesJob - Downloaded javadoc for net.bytebuddy:byte-buddy-agent:1.17.7
2025-10-08 18:38:02,944 [Worker-45: Download sources and javadoc] INFO  o.e.m.c.i.e.AbstractTransferListenerAdapter - Downloading https://repo.maven.apache.org/maven2/org/objenesis/objenesis/3.3/objenesis-3.3-javadoc.jar
2025-10-08 18:38:03,029 [Worker-45: Download sources and javadoc] INFO  o.e.m.c.i.e.AbstractTransferListenerAdapter - Downloaded https://repo.maven.apache.org/maven2/org/objenesis/objenesis/3.3/objenesis-3.3-javadoc.jar
2025-10-08 18:38:03,037 [Worker-45: Download sources and javadoc] INFO  o.e.m.j.internal.DownloadSourcesJob - Downloaded javadoc for org.objenesis:objenesis:3.3
2025-10-08 18:38:03,102 [Worker-45: Download sources and javadoc] INFO  o.e.m.c.i.e.AbstractTransferListenerAdapter - Downloading https://repo.maven.apache.org/maven2/org/mockito/mockito-junit-jupiter/5.17.0/mockito-junit-jupiter-5.17.0-javadoc.jar
2025-10-08 18:38:03,188 [Worker-45: Download sources and javadoc] INFO  o.e.m.c.i.e.AbstractTransferListenerAdapter - Downloaded https://repo.maven.apache.org/maven2/org/mockito/mockito-junit-jupiter/5.17.0/mockito-junit-jupiter-5.17.0-javadoc.jar
2025-10-08 18:38:03,195 [Worker-45: Download sources and javadoc] INFO  o.e.m.j.internal.DownloadSourcesJob - Downloaded javadoc for org.mockito:mockito-junit-jupiter:5.17.0
2025-10-08 18:38:03,280 [Worker-45: Download sources and javadoc] INFO  o.e.m.c.i.e.AbstractTransferListenerAdapter - Downloading https://repo.maven.apache.org/maven2/org/skyscreamer/jsonassert/1.5.3/jsonassert-1.5.3-javadoc.jar
2025-10-08 18:38:03,364 [Worker-45: Download sources and javadoc] INFO  o.e.m.c.i.e.AbstractTransferListenerAdapter - Downloaded https://repo.maven.apache.org/maven2/org/skyscreamer/jsonassert/1.5.3/jsonassert-1.5.3-javadoc.jar
2025-10-08 18:38:03,372 [Worker-45: Download sources and javadoc] INFO  o.e.m.j.internal.DownloadSourcesJob - Downloaded javadoc for org.skyscreamer:jsonassert:1.5.3
2025-10-08 18:38:03,440 [Worker-45: Download sources and javadoc] INFO  o.e.m.c.i.e.AbstractTransferListenerAdapter - Downloading https://repo.maven.apache.org/maven2/com/vaadin/external/google/android-json/0.0.20131108.vaadin1/android-json-0.0.20131108.vaadin1-javadoc.jar
2025-10-08 18:38:03,499 [Worker-45: Download sources and javadoc] INFO  o.e.m.c.i.e.AbstractTransferListenerAdapter - Downloaded https://repo.maven.apache.org/maven2/com/vaadin/external/google/android-json/0.0.20131108.vaadin1/android-json-0.0.20131108.vaadin1-javadoc.jar
2025-10-08 18:38:03,507 [Worker-45: Download sources and javadoc] INFO  o.e.m.j.internal.DownloadSourcesJob - Downloaded javadoc for com.vaadin.external.google:android-json:0.0.20131108.vaadin1
2025-10-08 18:38:03,562 [Worker-45: Download sources and javadoc] INFO  o.e.m.c.i.e.AbstractTransferListenerAdapter - Downloading https://repo.maven.apache.org/maven2/org/springframework/spring-core/6.2.10/spring-core-6.2.10-javadoc.jar
2025-10-08 18:38:04,003 [Worker-45: Download sources and javadoc] INFO  o.e.m.c.i.e.AbstractTransferListenerAdapter - Downloaded https://repo.maven.apache.org/maven2/org/springframework/spring-core/6.2.10/spring-core-6.2.10-javadoc.jar
2025-10-08 18:38:04,009 [Worker-45: Download sources and javadoc] INFO  o.e.m.j.internal.DownloadSourcesJob - Downloaded javadoc for org.springframework:spring-core:6.2.10
2025-10-08 18:38:04,086 [Worker-45: Download sources and javadoc] INFO  o.e.m.c.i.e.AbstractTransferListenerAdapter - Downloading https://repo.maven.apache.org/maven2/org/springframework/spring-jcl/6.2.10/spring-jcl-6.2.10-javadoc.jar
2025-10-08 18:38:04,153 [Worker-45: Download sources and javadoc] INFO  o.e.m.c.i.e.AbstractTransferListenerAdapter - Downloaded https://repo.maven.apache.org/maven2/org/springframework/spring-jcl/6.2.10/spring-jcl-6.2.10-javadoc.jar
2025-10-08 18:38:04,160 [Worker-45: Download sources and javadoc] INFO  o.e.m.j.internal.DownloadSourcesJob - Downloaded javadoc for org.springframework:spring-jcl:6.2.10
2025-10-08 18:38:04,232 [Worker-45: Download sources and javadoc] INFO  o.e.m.c.i.e.AbstractTransferListenerAdapter - Downloading https://repo.maven.apache.org/maven2/org/springframework/spring-test/6.2.10/spring-test-6.2.10-javadoc.jar
2025-10-08 18:38:04,528 [Worker-45: Download sources and javadoc] INFO  o.e.m.c.i.e.AbstractTransferListenerAdapter - Downloaded https://repo.maven.apache.org/maven2/org/springframework/spring-test/6.2.10/spring-test-6.2.10-javadoc.jar
2025-10-08 18:38:04,534 [Worker-45: Download sources and javadoc] INFO  o.e.m.j.internal.DownloadSourcesJob - Downloaded javadoc for org.springframework:spring-test:6.2.10
2025-10-08 18:38:04,597 [Worker-45: Download sources and javadoc] INFO  o.e.m.c.i.e.AbstractTransferListenerAdapter - Downloading https://repo.maven.apache.org/maven2/org/xmlunit/xmlunit-core/2.10.3/xmlunit-core-2.10.3-javadoc.jar
2025-10-08 18:38:04,694 [Worker-45: Download sources and javadoc] INFO  o.e.m.c.i.e.AbstractTransferListenerAdapter - Downloaded https://repo.maven.apache.org/maven2/org/xmlunit/xmlunit-core/2.10.3/xmlunit-core-2.10.3-javadoc.jar
2025-10-08 18:38:04,703 [Worker-45: Download sources and javadoc] INFO  o.e.m.j.internal.DownloadSourcesJob - Downloaded javadoc for org.xmlunit:xmlunit-core:2.10.3
2025-10-08 18:38:04,760 [Worker-45: Download sources and javadoc] INFO  o.e.m.c.i.e.AbstractTransferListenerAdapter - Downloading https://repo.maven.apache.org/maven2/org/springframework/kafka/spring-kafka-test/3.3.9/spring-kafka-test-3.3.9-javadoc.jar
2025-10-08 18:38:04,834 [Worker-45: Download sources and javadoc] INFO  o.e.m.c.i.e.AbstractTransferListenerAdapter - Downloaded https://repo.maven.apache.org/maven2/org/springframework/kafka/spring-kafka-test/3.3.9/spring-kafka-test-3.3.9-javadoc.jar
2025-10-08 18:38:04,840 [Worker-45: Download sources and javadoc] INFO  o.e.m.j.internal.DownloadSourcesJob - Downloaded javadoc for org.springframework.kafka:spring-kafka-test:3.3.9
2025-10-08 18:38:04,898 [Worker-45: Download sources and javadoc] INFO  o.e.m.c.i.e.AbstractTransferListenerAdapter - Downloading https://repo.maven.apache.org/maven2/org/apache/zookeeper/zookeeper/3.8.4/zookeeper-3.8.4-javadoc.jar
2025-10-08 18:38:05,294 [Worker-45: Download sources and javadoc] INFO  o.e.m.c.i.e.AbstractTransferListenerAdapter - Downloaded https://repo.maven.apache.org/maven2/org/apache/zookeeper/zookeeper/3.8.4/zookeeper-3.8.4-javadoc.jar
2025-10-08 18:38:05,302 [Worker-45: Download sources and javadoc] INFO  o.e.m.j.internal.DownloadSourcesJob - Downloaded javadoc for org.apache.zookeeper:zookeeper:3.8.4
2025-10-08 18:38:05,371 [Worker-45: Download sources and javadoc] INFO  o.e.m.c.i.e.AbstractTransferListenerAdapter - Downloading https://repo.maven.apache.org/maven2/org/apache/zookeeper/zookeeper-jute/3.8.4/zookeeper-jute-3.8.4-javadoc.jar
2025-10-08 18:38:05,516 [Worker-45: Download sources and javadoc] INFO  o.e.m.c.i.e.AbstractTransferListenerAdapter - Downloaded https://repo.maven.apache.org/maven2/org/apache/zookeeper/zookeeper-jute/3.8.4/zookeeper-jute-3.8.4-javadoc.jar
2025-10-08 18:38:05,522 [Worker-45: Download sources and javadoc] INFO  o.e.m.j.internal.DownloadSourcesJob - Downloaded javadoc for org.apache.zookeeper:zookeeper-jute:3.8.4
2025-10-08 18:38:05,590 [Worker-45: Download sources and javadoc] INFO  o.e.m.c.i.e.AbstractTransferListenerAdapter - Downloading https://repo.maven.apache.org/maven2/org/apache/yetus/audience-annotations/0.12.0/audience-annotations-0.12.0-javadoc.jar
2025-10-08 18:38:05,664 [Worker-45: Download sources and javadoc] INFO  o.e.m.c.i.e.AbstractTransferListenerAdapter - Downloaded https://repo.maven.apache.org/maven2/org/apache/yetus/audience-annotations/0.12.0/audience-annotations-0.12.0-javadoc.jar
2025-10-08 18:38:05,672 [Worker-45: Download sources and javadoc] INFO  o.e.m.j.internal.DownloadSourcesJob - Downloaded javadoc for org.apache.yetus:audience-annotations:0.12.0
2025-10-08 18:38:05,681 [Worker-45: Download sources and javadoc] INFO  o.e.m.j.internal.DownloadSourcesJob - Downloaded javadoc for io.netty:netty-handler:4.1.124.Final
2025-10-08 18:38:05,687 [Worker-45: Download sources and javadoc] INFO  o.e.m.j.internal.DownloadSourcesJob - Downloaded javadoc for io.netty:netty-common:4.1.124.Final
2025-10-08 18:38:05,693 [Worker-45: Download sources and javadoc] INFO  o.e.m.j.internal.DownloadSourcesJob - Downloaded javadoc for io.netty:netty-resolver:4.1.124.Final
2025-10-08 18:38:05,701 [Worker-45: Download sources and javadoc] INFO  o.e.m.j.internal.DownloadSourcesJob - Downloaded javadoc for io.netty:netty-buffer:4.1.124.Final
2025-10-08 18:38:05,709 [Worker-45: Download sources and javadoc] INFO  o.e.m.j.internal.DownloadSourcesJob - Downloaded javadoc for io.netty:netty-transport:4.1.124.Final
2025-10-08 18:38:05,717 [Worker-45: Download sources and javadoc] INFO  o.e.m.j.internal.DownloadSourcesJob - Downloaded javadoc for io.netty:netty-transport-native-unix-common:4.1.124.Final
2025-10-08 18:38:05,720 [Worker-45: Download sources and javadoc] INFO  o.e.m.j.internal.DownloadSourcesJob - Downloaded javadoc for io.netty:netty-codec:4.1.124.Final
2025-10-08 18:38:05,729 [Worker-45: Download sources and javadoc] INFO  o.e.m.j.internal.DownloadSourcesJob - Downloaded javadoc for io.netty:netty-transport-native-epoll:4.1.124.Final
2025-10-08 18:38:05,738 [Worker-45: Download sources and javadoc] INFO  o.e.m.j.internal.DownloadSourcesJob - Downloaded javadoc for io.netty:netty-transport-classes-epoll:4.1.124.Final
2025-10-08 18:38:05,807 [Worker-45: Download sources and javadoc] INFO  o.e.m.c.i.e.AbstractTransferListenerAdapter - Downloading https://repo.maven.apache.org/maven2/ch/qos/logback/logback-core/1.5.18/logback-core-1.5.18-javadoc.jar
2025-10-08 18:38:06,269 [Worker-45: Download sources and javadoc] INFO  o.e.m.c.i.e.AbstractTransferListenerAdapter - Downloaded https://repo.maven.apache.org/maven2/ch/qos/logback/logback-core/1.5.18/logback-core-1.5.18-javadoc.jar
2025-10-08 18:38:06,275 [Worker-45: Download sources and javadoc] INFO  o.e.m.j.internal.DownloadSourcesJob - Downloaded javadoc for ch.qos.logback:logback-core:1.5.18
2025-10-08 18:38:06,345 [Worker-45: Download sources and javadoc] INFO  o.e.m.c.i.e.AbstractTransferListenerAdapter - Downloading https://repo.maven.apache.org/maven2/ch/qos/logback/logback-classic/1.5.18/logback-classic-1.5.18-javadoc.jar
2025-10-08 18:38:06,604 [Worker-45: Download sources and javadoc] INFO  o.e.m.c.i.e.AbstractTransferListenerAdapter - Downloaded https://repo.maven.apache.org/maven2/ch/qos/logback/logback-classic/1.5.18/logback-classic-1.5.18-javadoc.jar
2025-10-08 18:38:06,610 [Worker-45: Download sources and javadoc] INFO  o.e.m.j.internal.DownloadSourcesJob - Downloaded javadoc for ch.qos.logback:logback-classic:1.5.18
2025-10-08 18:38:06,619 [Worker-45: Download sources and javadoc] INFO  o.e.m.j.internal.DownloadSourcesJob - Downloaded javadoc for commons-io:commons-io:2.11.0
2025-10-08 18:38:06,626 [Worker-45: Download sources and javadoc] INFO  o.e.m.j.internal.DownloadSourcesJob - Downloaded javadoc for org.apache.kafka:kafka-clients:3.9.1test
2025-10-08 18:38:06,633 [Worker-45: Download sources and javadoc] INFO  o.e.m.j.internal.DownloadSourcesJob - Downloaded javadoc for org.apache.kafka:kafka-server:3.9.1
2025-10-08 18:38:06,639 [Worker-45: Download sources and javadoc] INFO  o.e.m.j.internal.DownloadSourcesJob - Downloaded javadoc for org.apache.kafka:kafka-storage:3.9.1
2025-10-08 18:38:06,648 [Worker-45: Download sources and javadoc] INFO  o.e.m.j.internal.DownloadSourcesJob - Downloaded javadoc for com.github.ben-manes.caffeine:caffeine:3.2.2
2025-10-08 18:38:06,653 [Worker-45: Download sources and javadoc] INFO  o.e.m.j.internal.DownloadSourcesJob - Downloaded javadoc for org.jspecify:jspecify:1.0.0
2025-10-08 18:38:06,658 [Worker-45: Download sources and javadoc] INFO  o.e.m.j.internal.DownloadSourcesJob - Downloaded javadoc for com.google.errorprone:error_prone_annotations:2.40.0
2025-10-08 18:38:06,669 [Worker-45: Download sources and javadoc] INFO  o.e.m.j.internal.DownloadSourcesJob - Downloaded javadoc for org.apache.kafka:kafka-group-coordinator:3.9.1
2025-10-08 18:38:06,676 [Worker-45: Download sources and javadoc] INFO  o.e.m.j.internal.DownloadSourcesJob - Downloaded javadoc for org.apache.kafka:kafka-transaction-coordinator:3.9.1
2025-10-08 18:38:06,685 [Worker-45: Download sources and javadoc] INFO  o.e.m.j.internal.DownloadSourcesJob - Downloaded javadoc for org.apache.kafka:kafka-raft:3.9.1
2025-10-08 18:38:06,690 [Worker-45: Download sources and javadoc] INFO  o.e.m.j.internal.DownloadSourcesJob - Downloaded javadoc for com.yammer.metrics:metrics-core:2.2.0
2025-10-08 18:38:06,696 [Worker-45: Download sources and javadoc] INFO  o.e.m.j.internal.DownloadSourcesJob - Downloaded javadoc for org.apache.kafka:kafka-metadata:3.9.1
2025-10-08 18:38:06,703 [Worker-45: Download sources and javadoc] INFO  o.e.m.j.internal.DownloadSourcesJob - Downloaded javadoc for net.sf.jopt-simple:jopt-simple:5.0.4
2025-10-08 18:38:06,709 [Worker-45: Download sources and javadoc] INFO  o.e.m.j.internal.DownloadSourcesJob - Downloaded javadoc for org.pcollections:pcollections:4.0.1
2025-10-08 18:38:06,718 [Worker-45: Download sources and javadoc] INFO  o.e.m.j.internal.DownloadSourcesJob - Downloaded javadoc for org.apache.kafka:kafka-streams-test-utils:3.9.1
2025-10-08 18:38:06,726 [Worker-45: Download sources and javadoc] INFO  o.e.m.j.internal.DownloadSourcesJob - Downloaded javadoc for org.apache.kafka:kafka-streams:3.9.1
2025-10-08 18:38:06,736 [Worker-45: Download sources and javadoc] INFO  o.e.m.j.internal.DownloadSourcesJob - Downloaded javadoc for org.rocksdb:rocksdbjni:7.9.2
2025-10-08 18:38:06,743 [Worker-45: Download sources and javadoc] INFO  o.e.m.j.internal.DownloadSourcesJob - Downloaded javadoc for org.scala-lang:scala-library:2.13.15
2025-10-08 18:38:06,751 [Worker-45: Download sources and javadoc] INFO  o.e.m.j.internal.DownloadSourcesJob - Downloaded javadoc for org.apache.kafka:kafka-group-coordinator-api:3.9.1
2025-10-08 18:38:06,756 [Worker-45: Download sources and javadoc] INFO  o.e.m.j.internal.DownloadSourcesJob - Downloaded javadoc for org.apache.kafka:kafka-storage-api:3.9.1
2025-10-08 18:38:06,763 [Worker-45: Download sources and javadoc] INFO  o.e.m.j.internal.DownloadSourcesJob - Downloaded javadoc for org.apache.kafka:kafka-tools-api:3.9.1
2025-10-08 18:38:06,764 [Worker-45: Download sources and javadoc] INFO  o.e.m.j.internal.DownloadSourcesJob - Downloaded javadoc for net.sourceforge.argparse4j:argparse4j:0.7.0
2025-10-08 18:38:06,775 [Worker-45: Download sources and javadoc] INFO  o.e.m.j.internal.DownloadSourcesJob - Downloaded javadoc for commons-validator:commons-validator:1.7
2025-10-08 18:38:06,786 [Worker-45: Download sources and javadoc] INFO  o.e.m.j.internal.DownloadSourcesJob - Downloaded javadoc for commons-beanutils:commons-beanutils:1.9.4
2025-10-08 18:38:06,795 [Worker-45: Download sources and javadoc] INFO  o.e.m.j.internal.DownloadSourcesJob - Downloaded javadoc for commons-digester:commons-digester:2.1
2025-10-08 18:38:06,803 [Worker-45: Download sources and javadoc] INFO  o.e.m.j.internal.DownloadSourcesJob - Downloaded javadoc for commons-collections:commons-collections:3.2.2
2025-10-08 18:38:06,810 [Worker-45: Download sources and javadoc] INFO  o.e.m.j.internal.DownloadSourcesJob - Downloaded javadoc for com.fasterxml.jackson.module:jackson-module-scala_2.13:2.19.2
2025-10-08 18:38:06,817 [Worker-45: Download sources and javadoc] INFO  o.e.m.j.internal.DownloadSourcesJob - Downloaded javadoc for com.thoughtworks.paranamer:paranamer:2.8.3
2025-10-08 18:38:06,825 [Worker-45: Download sources and javadoc] INFO  o.e.m.j.internal.DownloadSourcesJob - Downloaded javadoc for com.fasterxml.jackson.dataformat:jackson-dataformat-csv:2.19.2
2025-10-08 18:38:06,834 [Worker-45: Download sources and javadoc] INFO  o.e.m.j.internal.DownloadSourcesJob - Downloaded javadoc for org.bitbucket.b_c:jose4j:0.9.4
2025-10-08 18:38:06,837 [Worker-45: Download sources and javadoc] INFO  o.e.m.j.internal.DownloadSourcesJob - Downloaded javadoc for org.scala-lang.modules:scala-collection-compat_2.13:2.10.0
2025-10-08 18:38:06,848 [Worker-45: Download sources and javadoc] INFO  o.e.m.j.internal.DownloadSourcesJob - Downloaded javadoc for org.scala-lang.modules:scala-java8-compat_2.13:1.0.2
2025-10-08 18:38:06,860 [Worker-45: Download sources and javadoc] INFO  o.e.m.j.internal.DownloadSourcesJob - Downloaded javadoc for org.scala-lang:scala-reflect:2.13.15
2025-10-08 18:38:06,869 [Worker-45: Download sources and javadoc] INFO  o.e.m.j.internal.DownloadSourcesJob - Downloaded javadoc for com.typesafe.scala-logging:scala-logging_2.13:3.9.5
2025-10-08 18:38:06,875 [Worker-45: Download sources and javadoc] INFO  o.e.m.j.internal.DownloadSourcesJob - Downloaded javadoc for io.dropwizard.metrics:metrics-core:4.1.12.1
2025-10-08 18:38:06,885 [Worker-45: Download sources and javadoc] INFO  o.e.m.j.internal.DownloadSourcesJob - Downloaded javadoc for commons-cli:commons-cli:1.4
2025-10-08 18:38:06,961 [Worker-45: Download sources and javadoc] INFO  o.e.m.c.i.e.AbstractTransferListenerAdapter - Downloading https://repo.maven.apache.org/maven2/org/junit/jupiter/junit-jupiter-api/5.12.2/junit-jupiter-api-5.12.2-javadoc.jar
2025-10-08 18:38:07,224 [Worker-45: Download sources and javadoc] INFO  o.e.m.c.i.e.AbstractTransferListenerAdapter - Downloaded https://repo.maven.apache.org/maven2/org/junit/jupiter/junit-jupiter-api/5.12.2/junit-jupiter-api-5.12.2-javadoc.jar
2025-10-08 18:38:07,232 [Worker-45: Download sources and javadoc] INFO  o.e.m.j.internal.DownloadSourcesJob - Downloaded javadoc for org.junit.jupiter:junit-jupiter-api:5.12.2
2025-10-08 18:38:07,294 [Worker-45: Download sources and javadoc] INFO  o.e.m.c.i.e.AbstractTransferListenerAdapter - Downloading https://repo.maven.apache.org/maven2/org/opentest4j/opentest4j/1.3.0/opentest4j-1.3.0-javadoc.jar
2025-10-08 18:38:07,420 [Worker-45: Download sources and javadoc] INFO  o.e.m.c.i.e.AbstractTransferListenerAdapter - Downloaded https://repo.maven.apache.org/maven2/org/opentest4j/opentest4j/1.3.0/opentest4j-1.3.0-javadoc.jar
2025-10-08 18:38:07,427 [Worker-45: Download sources and javadoc] INFO  o.e.m.j.internal.DownloadSourcesJob - Downloaded javadoc for org.opentest4j:opentest4j:1.3.0
2025-10-08 18:38:07,492 [Worker-45: Download sources and javadoc] INFO  o.e.m.c.i.e.AbstractTransferListenerAdapter - Downloading https://repo.maven.apache.org/maven2/org/junit/platform/junit-platform-commons/1.12.2/junit-platform-commons-1.12.2-javadoc.jar
2025-10-08 18:38:07,587 [Worker-45: Download sources and javadoc] INFO  o.e.m.c.i.e.AbstractTransferListenerAdapter - Downloaded https://repo.maven.apache.org/maven2/org/junit/platform/junit-platform-commons/1.12.2/junit-platform-commons-1.12.2-javadoc.jar
2025-10-08 18:38:07,593 [Worker-45: Download sources and javadoc] INFO  o.e.m.j.internal.DownloadSourcesJob - Downloaded javadoc for org.junit.platform:junit-platform-commons:1.12.2
2025-10-08 18:38:07,666 [Worker-45: Download sources and javadoc] INFO  o.e.m.c.i.e.AbstractTransferListenerAdapter - Downloading https://repo.maven.apache.org/maven2/org/apiguardian/apiguardian-api/1.1.2/apiguardian-api-1.1.2-javadoc.jar
2025-10-08 18:38:07,815 [Worker-45: Download sources and javadoc] INFO  o.e.m.c.i.e.AbstractTransferListenerAdapter - Downloaded https://repo.maven.apache.org/maven2/org/apiguardian/apiguardian-api/1.1.2/apiguardian-api-1.1.2-javadoc.jar
2025-10-08 18:38:07,824 [Worker-45: Download sources and javadoc] INFO  o.e.m.j.internal.DownloadSourcesJob - Downloaded javadoc for org.apiguardian:apiguardian-api:1.1.2
2025-10-08 18:38:07,834 [Worker-45: Download sources and javadoc] INFO  o.e.m.j.internal.DownloadSourcesJob - Downloaded javadoc for org.junit.platform:junit-platform-launcher:1.12.2
2025-10-08 18:38:07,923 [Worker-45: Download sources and javadoc] INFO  o.e.m.c.i.e.AbstractTransferListenerAdapter - Downloading https://repo.maven.apache.org/maven2/org/junit/platform/junit-platform-engine/1.12.2/junit-platform-engine-1.12.2-javadoc.jar
2025-10-08 18:38:08,078 [Worker-45: Download sources and javadoc] INFO  o.e.m.c.i.e.AbstractTransferListenerAdapter - Downloaded https://repo.maven.apache.org/maven2/org/junit/platform/junit-platform-engine/1.12.2/junit-platform-engine-1.12.2-javadoc.jar
2025-10-08 18:38:08,086 [Worker-45: Download sources and javadoc] INFO  o.e.m.j.internal.DownloadSourcesJob - Downloaded javadoc for org.junit.platform:junit-platform-engine:1.12.2
2025-10-08 18:38:08,179 [Worker-45: Download sources and javadoc] INFO  o.e.m.c.i.e.AbstractTransferListenerAdapter - Downloading https://repo.maven.apache.org/maven2/org/projectlombok/lombok/1.18.34/lombok-1.18.34-javadoc.jar
2025-10-08 18:38:08,346 [Worker-45: Download sources and javadoc] INFO  o.e.m.c.i.e.AbstractTransferListenerAdapter - Downloaded https://repo.maven.apache.org/maven2/org/projectlombok/lombok/1.18.34/lombok-1.18.34-javadoc.jar
2025-10-08 18:38:08,354 [Worker-45: Download sources and javadoc] INFO  o.e.m.j.internal.DownloadSourcesJob - Downloaded javadoc for org.projectlombok:lombok:1.18.34
2025-10-08 18:42:59,043 [Worker-47: Building] INFO  o.e.m.c.i.e.AbstractTransferListenerAdapter - Downloading https://repo.maven.apache.org/maven2/org/springframework/cloud/spring-cloud-dependencies/2024.0.0/spring-cloud-dependencies-2024.0.0.pom
2025-10-08 18:42:59,119 [Worker-47: Building] INFO  o.e.m.c.i.e.AbstractTransferListenerAdapter - Downloaded https://repo.maven.apache.org/maven2/org/springframework/cloud/spring-cloud-dependencies/2024.0.0/spring-cloud-dependencies-2024.0.0.pom
2025-10-08 18:42:59,198 [Worker-47: Building] INFO  o.e.m.c.i.e.AbstractTransferListenerAdapter - Downloading https://repo.maven.apache.org/maven2/org/springframework/cloud/spring-cloud-dependencies-parent/4.2.0/spring-cloud-dependencies-parent-4.2.0.pom
2025-10-08 18:42:59,336 [Worker-47: Building] INFO  o.e.m.c.i.e.AbstractTransferListenerAdapter - Downloaded https://repo.maven.apache.org/maven2/org/springframework/cloud/spring-cloud-dependencies-parent/4.2.0/spring-cloud-dependencies-parent-4.2.0.pom
2025-10-08 18:42:59,420 [Worker-47: Building] INFO  o.e.m.c.i.e.AbstractTransferListenerAdapter - Downloading https://repo.maven.apache.org/maven2/org/springframework/cloud/spring-cloud-commons-dependencies/4.2.0/spring-cloud-commons-dependencies-4.2.0.pom
2025-10-08 18:42:59,481 [Worker-47: Building] INFO  o.e.m.c.i.e.AbstractTransferListenerAdapter - Downloaded https://repo.maven.apache.org/maven2/org/springframework/cloud/spring-cloud-commons-dependencies/4.2.0/spring-cloud-commons-dependencies-4.2.0.pom
2025-10-08 18:42:59,525 [Worker-47: Building] INFO  o.e.m.c.i.e.AbstractTransferListenerAdapter - Downloading https://repo.maven.apache.org/maven2/org/springframework/cloud/spring-cloud-netflix-dependencies/4.2.0/spring-cloud-netflix-dependencies-4.2.0.pom
2025-10-08 18:42:59,589 [Worker-47: Building] INFO  o.e.m.c.i.e.AbstractTransferListenerAdapter - Downloaded https://repo.maven.apache.org/maven2/org/springframework/cloud/spring-cloud-netflix-dependencies/4.2.0/spring-cloud-netflix-dependencies-4.2.0.pom
2025-10-08 18:42:59,650 [Worker-47: Building] INFO  o.e.m.c.i.e.AbstractTransferListenerAdapter - Downloading https://repo.maven.apache.org/maven2/org/springframework/cloud/spring-cloud-stream-dependencies/4.2.0/spring-cloud-stream-dependencies-4.2.0.pom
2025-10-08 18:42:59,713 [Worker-47: Building] INFO  o.e.m.c.i.e.AbstractTransferListenerAdapter - Downloaded https://repo.maven.apache.org/maven2/org/springframework/cloud/spring-cloud-stream-dependencies/4.2.0/spring-cloud-stream-dependencies-4.2.0.pom
2025-10-08 18:42:59,778 [Worker-47: Building] INFO  o.e.m.c.i.e.AbstractTransferListenerAdapter - Downloading https://repo.maven.apache.org/maven2/org/springframework/cloud/spring-cloud-task-dependencies/3.2.0/spring-cloud-task-dependencies-3.2.0.pom
2025-10-08 18:42:59,838 [Worker-47: Building] INFO  o.e.m.c.i.e.AbstractTransferListenerAdapter - Downloaded https://repo.maven.apache.org/maven2/org/springframework/cloud/spring-cloud-task-dependencies/3.2.0/spring-cloud-task-dependencies-3.2.0.pom
2025-10-08 18:42:59,878 [Worker-47: Building] INFO  o.e.m.c.i.e.AbstractTransferListenerAdapter - Downloading https://repo.maven.apache.org/maven2/org/springframework/cloud/spring-cloud-circuitbreaker-dependencies/3.2.0/spring-cloud-circuitbreaker-dependencies-3.2.0.pom
2025-10-08 18:42:59,934 [Worker-47: Building] INFO  o.e.m.c.i.e.AbstractTransferListenerAdapter - Downloaded https://repo.maven.apache.org/maven2/org/springframework/cloud/spring-cloud-circuitbreaker-dependencies/3.2.0/spring-cloud-circuitbreaker-dependencies-3.2.0.pom
2025-10-08 18:42:59,980 [Worker-47: Building] INFO  o.e.m.c.i.e.AbstractTransferListenerAdapter - Downloading https://repo.maven.apache.org/maven2/org/springframework/cloud/spring-cloud-config-dependencies/4.2.0/spring-cloud-config-dependencies-4.2.0.pom
2025-10-08 18:43:00,038 [Worker-47: Building] INFO  o.e.m.c.i.e.AbstractTransferListenerAdapter - Downloaded https://repo.maven.apache.org/maven2/org/springframework/cloud/spring-cloud-config-dependencies/4.2.0/spring-cloud-config-dependencies-4.2.0.pom
2025-10-08 18:43:00,093 [Worker-47: Building] INFO  o.e.m.c.i.e.AbstractTransferListenerAdapter - Downloading https://repo.maven.apache.org/maven2/org/springframework/cloud/spring-cloud-function-dependencies/4.2.0/spring-cloud-function-dependencies-4.2.0.pom
2025-10-08 18:43:00,143 [Worker-47: Building] INFO  o.e.m.c.i.e.AbstractTransferListenerAdapter - Downloaded https://repo.maven.apache.org/maven2/org/springframework/cloud/spring-cloud-function-dependencies/4.2.0/spring-cloud-function-dependencies-4.2.0.pom
2025-10-08 18:43:00,180 [Worker-47: Building] INFO  o.e.m.c.i.e.AbstractTransferListenerAdapter - Downloading https://repo.maven.apache.org/maven2/org/springframework/cloud/spring-cloud-gateway-dependencies/4.2.0/spring-cloud-gateway-dependencies-4.2.0.pom
2025-10-08 18:43:00,230 [Worker-47: Building] INFO  o.e.m.c.i.e.AbstractTransferListenerAdapter - Downloaded https://repo.maven.apache.org/maven2/org/springframework/cloud/spring-cloud-gateway-dependencies/4.2.0/spring-cloud-gateway-dependencies-4.2.0.pom
2025-10-08 18:43:00,269 [Worker-47: Building] INFO  o.e.m.c.i.e.AbstractTransferListenerAdapter - Downloading https://repo.maven.apache.org/maven2/org/springframework/cloud/spring-cloud-consul-dependencies/4.2.0/spring-cloud-consul-dependencies-4.2.0.pom
2025-10-08 18:43:00,315 [Worker-47: Building] INFO  o.e.m.c.i.e.AbstractTransferListenerAdapter - Downloaded https://repo.maven.apache.org/maven2/org/springframework/cloud/spring-cloud-consul-dependencies/4.2.0/spring-cloud-consul-dependencies-4.2.0.pom
2025-10-08 18:43:00,354 [Worker-47: Building] INFO  o.e.m.c.i.e.AbstractTransferListenerAdapter - Downloading https://repo.maven.apache.org/maven2/org/springframework/cloud/spring-cloud-vault-dependencies/4.2.0/spring-cloud-vault-dependencies-4.2.0.pom
2025-10-08 18:43:00,401 [Worker-47: Building] INFO  o.e.m.c.i.e.AbstractTransferListenerAdapter - Downloaded https://repo.maven.apache.org/maven2/org/springframework/cloud/spring-cloud-vault-dependencies/4.2.0/spring-cloud-vault-dependencies-4.2.0.pom
2025-10-08 18:43:00,440 [Worker-47: Building] INFO  o.e.m.c.i.e.AbstractTransferListenerAdapter - Downloading https://repo.maven.apache.org/maven2/org/springframework/cloud/spring-cloud-zookeeper-dependencies/4.2.0/spring-cloud-zookeeper-dependencies-4.2.0.pom
2025-10-08 18:43:00,493 [Worker-47: Building] INFO  o.e.m.c.i.e.AbstractTransferListenerAdapter - Downloaded https://repo.maven.apache.org/maven2/org/springframework/cloud/spring-cloud-zookeeper-dependencies/4.2.0/spring-cloud-zookeeper-dependencies-4.2.0.pom
2025-10-08 18:43:00,552 [Worker-47: Building] INFO  o.e.m.c.i.e.AbstractTransferListenerAdapter - Downloading https://repo.maven.apache.org/maven2/org/springframework/cloud/spring-cloud-bus-dependencies/4.2.0/spring-cloud-bus-dependencies-4.2.0.pom
2025-10-08 18:43:00,671 [Worker-47: Building] INFO  o.e.m.c.i.e.AbstractTransferListenerAdapter - Downloaded https://repo.maven.apache.org/maven2/org/springframework/cloud/spring-cloud-bus-dependencies/4.2.0/spring-cloud-bus-dependencies-4.2.0.pom
2025-10-08 18:43:00,733 [Worker-47: Building] INFO  o.e.m.c.i.e.AbstractTransferListenerAdapter - Downloading https://repo.maven.apache.org/maven2/org/springframework/cloud/spring-cloud-contract-dependencies/4.2.0/spring-cloud-contract-dependencies-4.2.0.pom
2025-10-08 18:43:00,798 [Worker-47: Building] INFO  o.e.m.c.i.e.AbstractTransferListenerAdapter - Downloaded https://repo.maven.apache.org/maven2/org/springframework/cloud/spring-cloud-contract-dependencies/4.2.0/spring-cloud-contract-dependencies-4.2.0.pom
2025-10-08 18:43:00,876 [Worker-47: Building] INFO  o.e.m.c.i.e.AbstractTransferListenerAdapter - Downloading https://repo.maven.apache.org/maven2/org/springframework/cloud/spring-cloud-openfeign-dependencies/4.2.0/spring-cloud-openfeign-dependencies-4.2.0.pom
2025-10-08 18:43:00,933 [Worker-47: Building] INFO  o.e.m.c.i.e.AbstractTransferListenerAdapter - Downloaded https://repo.maven.apache.org/maven2/org/springframework/cloud/spring-cloud-openfeign-dependencies/4.2.0/spring-cloud-openfeign-dependencies-4.2.0.pom
2025-10-08 18:43:00,982 [Worker-47: Building] INFO  o.e.m.c.i.e.AbstractTransferListenerAdapter - Downloading https://repo.maven.apache.org/maven2/io/github/openfeign/feign-bom/13.5/feign-bom-13.5.pom
2025-10-08 18:43:01,026 [Worker-47: Building] INFO  o.e.m.c.i.e.AbstractTransferListenerAdapter - Downloaded https://repo.maven.apache.org/maven2/io/github/openfeign/feign-bom/13.5/feign-bom-13.5.pom
2025-10-08 18:43:01,073 [Worker-47: Building] INFO  o.e.m.c.i.e.AbstractTransferListenerAdapter - Downloading https://repo.maven.apache.org/maven2/org/springframework/cloud/spring-cloud-kubernetes-dependencies/3.2.0/spring-cloud-kubernetes-dependencies-3.2.0.pom
2025-10-08 18:43:01,128 [Worker-47: Building] INFO  o.e.m.c.i.e.AbstractTransferListenerAdapter - Downloaded https://repo.maven.apache.org/maven2/org/springframework/cloud/spring-cloud-kubernetes-dependencies/3.2.0/spring-cloud-kubernetes-dependencies-3.2.0.pom
2025-10-08 18:43:01,193 [Worker-47: Building] INFO  o.e.m.c.i.e.AbstractTransferListenerAdapter - Downloading https://repo.maven.apache.org/maven2/io/fabric8/kubernetes-client-bom/6.13.4/kubernetes-client-bom-6.13.4.pom
2025-10-08 18:43:01,240 [Worker-47: Building] INFO  o.e.m.c.i.e.AbstractTransferListenerAdapter - Downloaded https://repo.maven.apache.org/maven2/io/fabric8/kubernetes-client-bom/6.13.4/kubernetes-client-bom-6.13.4.pom
2025-10-08 18:43:02,158 [Worker-47: Building] INFO  o.e.m.c.i.l.LifecycleMappingFactory - Using org.eclipse.m2e.jdt.JarLifecycleMapping lifecycle mapping for MavenProject: com.irene:orderService:0.0.1-SNAPSHOT @ C:\Users\irene\eclipse-workspace\E-Comm_Appln\order-service\pom.xml.
2025-10-08 18:43:02,575 [Worker-47: Building] INFO  o.e.m.c.i.e.AbstractTransferListenerAdapter - Downloading https://repo.maven.apache.org/maven2/org/springframework/cloud/spring-cloud-starter-netflix-eureka-client/4.2.0/spring-cloud-starter-netflix-eureka-client-4.2.0.pom
2025-10-08 18:43:02,621 [Worker-47: Building] INFO  o.e.m.c.i.e.AbstractTransferListenerAdapter - Downloaded https://repo.maven.apache.org/maven2/org/springframework/cloud/spring-cloud-starter-netflix-eureka-client/4.2.0/spring-cloud-starter-netflix-eureka-client-4.2.0.pom
2025-10-08 18:43:02,685 [Worker-47: Building] INFO  o.e.m.c.i.e.AbstractTransferListenerAdapter - Downloading https://repo.maven.apache.org/maven2/org/springframework/cloud/spring-cloud-netflix/4.2.0/spring-cloud-netflix-4.2.0.pom
2025-10-08 18:43:02,733 [Worker-47: Building] INFO  o.e.m.c.i.e.AbstractTransferListenerAdapter - Downloaded https://repo.maven.apache.org/maven2/org/springframework/cloud/spring-cloud-netflix/4.2.0/spring-cloud-netflix-4.2.0.pom
2025-10-08 18:43:02,775 [Worker-47: Building] INFO  o.e.m.c.i.e.AbstractTransferListenerAdapter - Downloading https://repo.maven.apache.org/maven2/org/springframework/cloud/spring-cloud-build/4.2.0/spring-cloud-build-4.2.0.pom
2025-10-08 18:43:02,824 [Worker-47: Building] INFO  o.e.m.c.i.e.AbstractTransferListenerAdapter - Downloaded https://repo.maven.apache.org/maven2/org/springframework/cloud/spring-cloud-build/4.2.0/spring-cloud-build-4.2.0.pom
2025-10-08 18:43:02,882 [Worker-47: Building] INFO  o.e.m.c.i.e.AbstractTransferListenerAdapter - Downloading https://repo.maven.apache.org/maven2/org/springframework/cloud/spring-cloud-build-dependencies/4.2.0/spring-cloud-build-dependencies-4.2.0.pom
2025-10-08 18:43:02,930 [Worker-47: Building] INFO  o.e.m.c.i.e.AbstractTransferListenerAdapter - Downloaded https://repo.maven.apache.org/maven2/org/springframework/cloud/spring-cloud-build-dependencies/4.2.0/spring-cloud-build-dependencies-4.2.0.pom
2025-10-08 18:43:02,967 [Worker-47: Building] INFO  o.e.m.c.i.e.AbstractTransferListenerAdapter - Downloading https://repo.maven.apache.org/maven2/org/springframework/boot/spring-boot-dependencies/3.4.0/spring-boot-dependencies-3.4.0.pom
2025-10-08 18:43:03,029 [Worker-47: Building] INFO  o.e.m.c.i.e.AbstractTransferListenerAdapter - Downloaded https://repo.maven.apache.org/maven2/org/springframework/boot/spring-boot-dependencies/3.4.0/spring-boot-dependencies-3.4.0.pom
2025-10-08 18:43:03,091 [Worker-47: Building] INFO  o.e.m.c.i.e.AbstractTransferListenerAdapter - Downloading https://repo.maven.apache.org/maven2/org/apache/activemq/activemq-bom/6.1.4/activemq-bom-6.1.4.pom
2025-10-08 18:43:03,146 [Worker-47: Building] INFO  o.e.m.c.i.e.AbstractTransferListenerAdapter - Downloaded https://repo.maven.apache.org/maven2/org/apache/activemq/activemq-bom/6.1.4/activemq-bom-6.1.4.pom
2025-10-08 18:43:03,191 [Worker-47: Building] INFO  o.e.m.c.i.e.AbstractTransferListenerAdapter - Downloading https://repo.maven.apache.org/maven2/io/zipkin/reporter2/zipkin-reporter-bom/3.4.2/zipkin-reporter-bom-3.4.2.pom
2025-10-08 18:43:03,235 [Worker-47: Building] INFO  o.e.m.c.i.e.AbstractTransferListenerAdapter - Downloaded https://repo.maven.apache.org/maven2/io/zipkin/reporter2/zipkin-reporter-bom/3.4.2/zipkin-reporter-bom-3.4.2.pom
2025-10-08 18:43:03,296 [Worker-47: Building] INFO  o.e.m.c.i.e.AbstractTransferListenerAdapter - Downloading https://repo.maven.apache.org/maven2/org/apache/groovy/groovy-bom/4.0.24/groovy-bom-4.0.24.pom
2025-10-08 18:43:03,342 [Worker-47: Building] INFO  o.e.m.c.i.e.AbstractTransferListenerAdapter - Downloaded https://repo.maven.apache.org/maven2/org/apache/groovy/groovy-bom/4.0.24/groovy-bom-4.0.24.pom
2025-10-08 18:43:03,398 [Worker-47: Building] INFO  o.e.m.c.i.e.AbstractTransferListenerAdapter - Downloading https://repo.maven.apache.org/maven2/org/infinispan/infinispan-bom/15.0.11.Final/infinispan-bom-15.0.11.Final.pom
2025-10-08 18:43:03,452 [Worker-47: Building] INFO  o.e.m.c.i.e.AbstractTransferListenerAdapter - Downloaded https://repo.maven.apache.org/maven2/org/infinispan/infinispan-bom/15.0.11.Final/infinispan-bom-15.0.11.Final.pom
2025-10-08 18:43:03,512 [Worker-47: Building] INFO  o.e.m.c.i.e.AbstractTransferListenerAdapter - Downloading https://repo.maven.apache.org/maven2/org/infinispan/infinispan-build-configuration-parent/15.0.11.Final/infinispan-build-configuration-parent-15.0.11.Final.pom
2025-10-08 18:43:03,568 [Worker-47: Building] INFO  o.e.m.c.i.e.AbstractTransferListenerAdapter - Downloaded https://repo.maven.apache.org/maven2/org/infinispan/infinispan-build-configuration-parent/15.0.11.Final/infinispan-build-configuration-parent-15.0.11.Final.pom
2025-10-08 18:43:03,634 [Worker-47: Building] INFO  o.e.m.c.i.e.AbstractTransferListenerAdapter - Downloading https://repo.maven.apache.org/maven2/com/fasterxml/jackson/jackson-bom/2.18.1/jackson-bom-2.18.1.pom
2025-10-08 18:43:03,679 [Worker-47: Building] INFO  o.e.m.c.i.e.AbstractTransferListenerAdapter - Downloaded https://repo.maven.apache.org/maven2/com/fasterxml/jackson/jackson-bom/2.18.1/jackson-bom-2.18.1.pom
2025-10-08 18:43:03,742 [Worker-47: Building] INFO  o.e.m.c.i.e.AbstractTransferListenerAdapter - Downloading https://repo.maven.apache.org/maven2/org/glassfish/jersey/jersey-bom/3.1.9/jersey-bom-3.1.9.pom
2025-10-08 18:43:03,784 [Worker-47: Building] INFO  o.e.m.c.i.e.AbstractTransferListenerAdapter - Downloaded https://repo.maven.apache.org/maven2/org/glassfish/jersey/jersey-bom/3.1.9/jersey-bom-3.1.9.pom
2025-10-08 18:43:03,838 [Worker-47: Building] INFO  o.e.m.c.i.e.AbstractTransferListenerAdapter - Downloading https://repo.maven.apache.org/maven2/org/eclipse/jetty/ee10/jetty-ee10-bom/12.0.15/jetty-ee10-bom-12.0.15.pom
2025-10-08 18:43:03,889 [Worker-47: Building] INFO  o.e.m.c.i.e.AbstractTransferListenerAdapter - Downloaded https://repo.maven.apache.org/maven2/org/eclipse/jetty/ee10/jetty-ee10-bom/12.0.15/jetty-ee10-bom-12.0.15.pom
2025-10-08 18:43:03,946 [Worker-47: Building] INFO  o.e.m.c.i.e.AbstractTransferListenerAdapter - Downloading https://repo.maven.apache.org/maven2/org/eclipse/jetty/jetty-bom/12.0.15/jetty-bom-12.0.15.pom
2025-10-08 18:43:04,000 [Worker-47: Building] INFO  o.e.m.c.i.e.AbstractTransferListenerAdapter - Downloaded https://repo.maven.apache.org/maven2/org/eclipse/jetty/jetty-bom/12.0.15/jetty-bom-12.0.15.pom
2025-10-08 18:43:04,065 [Worker-47: Building] INFO  o.e.m.c.i.e.AbstractTransferListenerAdapter - Downloading https://repo.maven.apache.org/maven2/org/junit/junit-bom/5.11.3/junit-bom-5.11.3.pom
2025-10-08 18:43:04,110 [Worker-47: Building] INFO  o.e.m.c.i.e.AbstractTransferListenerAdapter - Downloaded https://repo.maven.apache.org/maven2/org/junit/junit-bom/5.11.3/junit-bom-5.11.3.pom
2025-10-08 18:43:04,154 [Worker-47: Building] INFO  o.e.m.c.i.e.AbstractTransferListenerAdapter - Downloading https://repo.maven.apache.org/maven2/org/apache/logging/log4j/log4j-bom/2.24.1/log4j-bom-2.24.1.pom
2025-10-08 18:43:04,203 [Worker-47: Building] INFO  o.e.m.c.i.e.AbstractTransferListenerAdapter - Downloaded https://repo.maven.apache.org/maven2/org/apache/logging/log4j/log4j-bom/2.24.1/log4j-bom-2.24.1.pom
2025-10-08 18:43:04,287 [Worker-47: Building] INFO  o.e.m.c.i.e.AbstractTransferListenerAdapter - Downloading https://repo.maven.apache.org/maven2/io/micrometer/micrometer-bom/1.14.1/micrometer-bom-1.14.1.pom
2025-10-08 18:43:04,336 [Worker-47: Building] INFO  o.e.m.c.i.e.AbstractTransferListenerAdapter - Downloaded https://repo.maven.apache.org/maven2/io/micrometer/micrometer-bom/1.14.1/micrometer-bom-1.14.1.pom
2025-10-08 18:43:04,395 [Worker-47: Building] INFO  o.e.m.c.i.e.AbstractTransferListenerAdapter - Downloading https://repo.maven.apache.org/maven2/io/micrometer/micrometer-tracing-bom/1.4.0/micrometer-tracing-bom-1.4.0.pom
2025-10-08 18:43:04,437 [Worker-47: Building] INFO  o.e.m.c.i.e.AbstractTransferListenerAdapter - Downloaded https://repo.maven.apache.org/maven2/io/micrometer/micrometer-tracing-bom/1.4.0/micrometer-tracing-bom-1.4.0.pom
2025-10-08 18:43:04,476 [Worker-47: Building] INFO  o.e.m.c.i.e.AbstractTransferListenerAdapter - Downloading https://repo.maven.apache.org/maven2/io/micrometer/micrometer-bom/1.14.0/micrometer-bom-1.14.0.pom
2025-10-08 18:43:04,523 [Worker-47: Building] INFO  o.e.m.c.i.e.AbstractTransferListenerAdapter - Downloaded https://repo.maven.apache.org/maven2/io/micrometer/micrometer-bom/1.14.0/micrometer-bom-1.14.0.pom
2025-10-08 18:43:04,579 [Worker-47: Building] INFO  o.e.m.c.i.e.AbstractTransferListenerAdapter - Downloading https://repo.maven.apache.org/maven2/io/netty/netty-bom/4.1.115.Final/netty-bom-4.1.115.Final.pom
2025-10-08 18:43:04,625 [Worker-47: Building] INFO  o.e.m.c.i.e.AbstractTransferListenerAdapter - Downloaded https://repo.maven.apache.org/maven2/io/netty/netty-bom/4.1.115.Final/netty-bom-4.1.115.Final.pom
2025-10-08 18:43:04,690 [Worker-47: Building] INFO  o.e.m.c.i.e.AbstractTransferListenerAdapter - Downloading https://repo.maven.apache.org/maven2/io/prometheus/prometheus-metrics-bom/1.3.3/prometheus-metrics-bom-1.3.3.pom
2025-10-08 18:43:04,739 [Worker-47: Building] INFO  o.e.m.c.i.e.AbstractTransferListenerAdapter - Downloaded https://repo.maven.apache.org/maven2/io/prometheus/prometheus-metrics-bom/1.3.3/prometheus-metrics-bom-1.3.3.pom
2025-10-08 18:43:04,782 [Worker-47: Building] INFO  o.e.m.c.i.e.AbstractTransferListenerAdapter - Downloading https://repo.maven.apache.org/maven2/io/prometheus/client_java/1.3.3/client_java-1.3.3.pom
2025-10-08 18:43:04,830 [Worker-47: Building] INFO  o.e.m.c.i.e.AbstractTransferListenerAdapter - Downloaded https://repo.maven.apache.org/maven2/io/prometheus/client_java/1.3.3/client_java-1.3.3.pom
2025-10-08 18:43:04,898 [Worker-47: Building] INFO  o.e.m.c.i.e.AbstractTransferListenerAdapter - Downloading https://repo.maven.apache.org/maven2/org/apache/pulsar/pulsar-bom/3.3.2/pulsar-bom-3.3.2.pom
2025-10-08 18:43:04,947 [Worker-47: Building] INFO  o.e.m.c.i.e.AbstractTransferListenerAdapter - Downloaded https://repo.maven.apache.org/maven2/org/apache/pulsar/pulsar-bom/3.3.2/pulsar-bom-3.3.2.pom
2025-10-08 18:43:05,014 [Worker-47: Building] INFO  o.e.m.c.i.e.AbstractTransferListenerAdapter - Downloading https://repo.maven.apache.org/maven2/io/projectreactor/reactor-bom/2024.0.0/reactor-bom-2024.0.0.pom
2025-10-08 18:43:05,057 [Worker-47: Building] INFO  o.e.m.c.i.e.AbstractTransferListenerAdapter - Downloaded https://repo.maven.apache.org/maven2/io/projectreactor/reactor-bom/2024.0.0/reactor-bom-2024.0.0.pom
2025-10-08 18:43:05,107 [Worker-47: Building] INFO  o.e.m.c.i.e.AbstractTransferListenerAdapter - Downloading https://repo.maven.apache.org/maven2/io/rest-assured/rest-assured-bom/5.5.0/rest-assured-bom-5.5.0.pom
2025-10-08 18:43:05,158 [Worker-47: Building] INFO  o.e.m.c.i.e.AbstractTransferListenerAdapter - Downloaded https://repo.maven.apache.org/maven2/io/rest-assured/rest-assured-bom/5.5.0/rest-assured-bom-5.5.0.pom
2025-10-08 18:43:05,213 [Worker-47: Building] INFO  o.e.m.c.i.e.AbstractTransferListenerAdapter - Downloading https://repo.maven.apache.org/maven2/org/springframework/amqp/spring-amqp-bom/3.2.0/spring-amqp-bom-3.2.0.pom
2025-10-08 18:43:05,269 [Worker-47: Building] INFO  o.e.m.c.i.e.AbstractTransferListenerAdapter - Downloaded https://repo.maven.apache.org/maven2/org/springframework/amqp/spring-amqp-bom/3.2.0/spring-amqp-bom-3.2.0.pom
2025-10-08 18:43:05,304 [Worker-47: Building] INFO  o.e.m.c.i.e.AbstractTransferListenerAdapter - Downloading https://repo.maven.apache.org/maven2/org/springframework/batch/spring-batch-bom/5.2.0/spring-batch-bom-5.2.0.pom
2025-10-08 18:43:05,347 [Worker-47: Building] INFO  o.e.m.c.i.e.AbstractTransferListenerAdapter - Downloaded https://repo.maven.apache.org/maven2/org/springframework/batch/spring-batch-bom/5.2.0/spring-batch-bom-5.2.0.pom
2025-10-08 18:43:05,387 [Worker-47: Building] INFO  o.e.m.c.i.e.AbstractTransferListenerAdapter - Downloading https://repo.maven.apache.org/maven2/org/springframework/data/spring-data-bom/2024.1.0/spring-data-bom-2024.1.0.pom
2025-10-08 18:43:05,431 [Worker-47: Building] INFO  o.e.m.c.i.e.AbstractTransferListenerAdapter - Downloaded https://repo.maven.apache.org/maven2/org/springframework/data/spring-data-bom/2024.1.0/spring-data-bom-2024.1.0.pom
2025-10-08 18:43:05,474 [Worker-47: Building] INFO  o.e.m.c.i.e.AbstractTransferListenerAdapter - Downloading https://repo.maven.apache.org/maven2/org/springframework/spring-framework-bom/6.2.0/spring-framework-bom-6.2.0.pom
2025-10-08 18:43:05,516 [Worker-47: Building] INFO  o.e.m.c.i.e.AbstractTransferListenerAdapter - Downloaded https://repo.maven.apache.org/maven2/org/springframework/spring-framework-bom/6.2.0/spring-framework-bom-6.2.0.pom
2025-10-08 18:43:05,555 [Worker-47: Building] INFO  o.e.m.c.i.e.AbstractTransferListenerAdapter - Downloading https://repo.maven.apache.org/maven2/org/springframework/integration/spring-integration-bom/6.4.0/spring-integration-bom-6.4.0.pom
2025-10-08 18:43:05,601 [Worker-47: Building] INFO  o.e.m.c.i.e.AbstractTransferListenerAdapter - Downloaded https://repo.maven.apache.org/maven2/org/springframework/integration/spring-integration-bom/6.4.0/spring-integration-bom-6.4.0.pom
2025-10-08 18:43:05,661 [Worker-47: Building] INFO  o.e.m.c.i.e.AbstractTransferListenerAdapter - Downloading https://repo.maven.apache.org/maven2/org/springframework/pulsar/spring-pulsar-bom/1.2.0/spring-pulsar-bom-1.2.0.pom
2025-10-08 18:43:05,707 [Worker-47: Building] INFO  o.e.m.c.i.e.AbstractTransferListenerAdapter - Downloaded https://repo.maven.apache.org/maven2/org/springframework/pulsar/spring-pulsar-bom/1.2.0/spring-pulsar-bom-1.2.0.pom
2025-10-08 18:43:05,750 [Worker-47: Building] INFO  o.e.m.c.i.e.AbstractTransferListenerAdapter - Downloading https://repo.maven.apache.org/maven2/org/springframework/security/spring-security-bom/6.4.1/spring-security-bom-6.4.1.pom
2025-10-08 18:43:05,798 [Worker-47: Building] INFO  o.e.m.c.i.e.AbstractTransferListenerAdapter - Downloaded https://repo.maven.apache.org/maven2/org/springframework/security/spring-security-bom/6.4.1/spring-security-bom-6.4.1.pom
2025-10-08 18:43:05,839 [Worker-47: Building] INFO  o.e.m.c.i.e.AbstractTransferListenerAdapter - Downloading https://repo.maven.apache.org/maven2/org/springframework/session/spring-session-bom/3.4.0/spring-session-bom-3.4.0.pom
2025-10-08 18:43:05,888 [Worker-47: Building] INFO  o.e.m.c.i.e.AbstractTransferListenerAdapter - Downloaded https://repo.maven.apache.org/maven2/org/springframework/session/spring-session-bom/3.4.0/spring-session-bom-3.4.0.pom
2025-10-08 18:43:05,930 [Worker-47: Building] INFO  o.e.m.c.i.e.AbstractTransferListenerAdapter - Downloading https://repo.maven.apache.org/maven2/org/testcontainers/testcontainers-bom/1.20.4/testcontainers-bom-1.20.4.pom
2025-10-08 18:43:05,974 [Worker-47: Building] INFO  o.e.m.c.i.e.AbstractTransferListenerAdapter - Downloaded https://repo.maven.apache.org/maven2/org/testcontainers/testcontainers-bom/1.20.4/testcontainers-bom-1.20.4.pom
2025-10-08 18:43:06,029 [Worker-47: Building] INFO  o.e.m.c.i.e.AbstractTransferListenerAdapter - Downloading https://repo.maven.apache.org/maven2/org/springframework/cloud/spring-cloud-starter/4.2.0/spring-cloud-starter-4.2.0.pom
2025-10-08 18:43:06,076 [Worker-47: Building] INFO  o.e.m.c.i.e.AbstractTransferListenerAdapter - Downloaded https://repo.maven.apache.org/maven2/org/springframework/cloud/spring-cloud-starter/4.2.0/spring-cloud-starter-4.2.0.pom
2025-10-08 18:43:06,134 [Worker-47: Building] INFO  o.e.m.c.i.e.AbstractTransferListenerAdapter - Downloading https://repo.maven.apache.org/maven2/org/springframework/cloud/spring-cloud-commons-parent/4.2.0/spring-cloud-commons-parent-4.2.0.pom
2025-10-08 18:43:06,185 [Worker-47: Building] INFO  o.e.m.c.i.e.AbstractTransferListenerAdapter - Downloaded https://repo.maven.apache.org/maven2/org/springframework/cloud/spring-cloud-commons-parent/4.2.0/spring-cloud-commons-parent-4.2.0.pom
2025-10-08 18:43:06,232 [Worker-47: Building] INFO  o.e.m.c.i.e.AbstractTransferListenerAdapter - Downloading https://repo.maven.apache.org/maven2/org/springframework/cloud/spring-cloud-context/4.2.0/spring-cloud-context-4.2.0.pom
2025-10-08 18:43:06,279 [Worker-47: Building] INFO  o.e.m.c.i.e.AbstractTransferListenerAdapter - Downloaded https://repo.maven.apache.org/maven2/org/springframework/cloud/spring-cloud-context/4.2.0/spring-cloud-context-4.2.0.pom
2025-10-08 18:43:06,348 [Worker-47: Building] INFO  o.e.m.c.i.e.AbstractTransferListenerAdapter - Downloading https://repo.maven.apache.org/maven2/org/springframework/cloud/spring-cloud-commons/4.2.0/spring-cloud-commons-4.2.0.pom
2025-10-08 18:43:06,395 [Worker-47: Building] INFO  o.e.m.c.i.e.AbstractTransferListenerAdapter - Downloaded https://repo.maven.apache.org/maven2/org/springframework/cloud/spring-cloud-commons/4.2.0/spring-cloud-commons-4.2.0.pom
2025-10-08 18:43:06,436 [Worker-47: Building] INFO  o.e.m.c.i.e.AbstractTransferListenerAdapter - Downloading https://repo.maven.apache.org/maven2/org/bouncycastle/bcprov-jdk18on/1.78.1/bcprov-jdk18on-1.78.1.pom
2025-10-08 18:43:06,478 [Worker-47: Building] INFO  o.e.m.c.i.e.AbstractTransferListenerAdapter - Downloaded https://repo.maven.apache.org/maven2/org/bouncycastle/bcprov-jdk18on/1.78.1/bcprov-jdk18on-1.78.1.pom
2025-10-08 18:43:06,526 [Worker-47: Building] INFO  o.e.m.c.i.e.AbstractTransferListenerAdapter - Downloading https://repo.maven.apache.org/maven2/org/springframework/cloud/spring-cloud-netflix-eureka-client/4.2.0/spring-cloud-netflix-eureka-client-4.2.0.pom
2025-10-08 18:43:06,581 [Worker-47: Building] INFO  o.e.m.c.i.e.AbstractTransferListenerAdapter - Downloaded https://repo.maven.apache.org/maven2/org/springframework/cloud/spring-cloud-netflix-eureka-client/4.2.0/spring-cloud-netflix-eureka-client-4.2.0.pom
2025-10-08 18:43:06,810 [Worker-47: Building] INFO  o.e.m.c.i.e.AbstractTransferListenerAdapter - Downloading https://repo.maven.apache.org/maven2/org/springframework/cloud/spring-cloud-starter-loadbalancer/4.2.0/spring-cloud-starter-loadbalancer-4.2.0.pom
2025-10-08 18:43:06,860 [Worker-47: Building] INFO  o.e.m.c.i.e.AbstractTransferListenerAdapter - Downloaded https://repo.maven.apache.org/maven2/org/springframework/cloud/spring-cloud-starter-loadbalancer/4.2.0/spring-cloud-starter-loadbalancer-4.2.0.pom
2025-10-08 18:43:06,909 [Worker-47: Building] INFO  o.e.m.c.i.e.AbstractTransferListenerAdapter - Downloading https://repo.maven.apache.org/maven2/org/springframework/cloud/spring-cloud-loadbalancer/4.2.0/spring-cloud-loadbalancer-4.2.0.pom
2025-10-08 18:43:06,956 [Worker-47: Building] INFO  o.e.m.c.i.e.AbstractTransferListenerAdapter - Downloaded https://repo.maven.apache.org/maven2/org/springframework/cloud/spring-cloud-loadbalancer/4.2.0/spring-cloud-loadbalancer-4.2.0.pom
2025-10-08 18:43:07,718 [Worker-47: Building] INFO  o.e.m.c.i.e.AbstractTransferListenerAdapter - Downloading https://repo.maven.apache.org/maven2/org/springframework/cloud/spring-cloud-starter-netflix-eureka-client/4.2.0/spring-cloud-starter-netflix-eureka-client-4.2.0.jar
2025-10-08 18:43:07,864 [Worker-47: Building] INFO  o.e.m.c.i.e.AbstractTransferListenerAdapter - Downloaded https://repo.maven.apache.org/maven2/org/springframework/cloud/spring-cloud-starter-netflix-eureka-client/4.2.0/spring-cloud-starter-netflix-eureka-client-4.2.0.jar
2025-10-08 18:43:07,904 [BasicRepositoryConnector-repo.maven.apache.org-1-2] INFO  o.e.m.c.i.e.AbstractTransferListenerAdapter - Downloading https://repo.maven.apache.org/maven2/org/springframework/cloud/spring-cloud-commons/4.2.0/spring-cloud-commons-4.2.0.jar
2025-10-08 18:43:07,915 [BasicRepositoryConnector-repo.maven.apache.org-1-0] INFO  o.e.m.c.i.e.AbstractTransferListenerAdapter - Downloading https://repo.maven.apache.org/maven2/org/springframework/cloud/spring-cloud-starter/4.2.0/spring-cloud-starter-4.2.0.jar
2025-10-08 18:43:07,938 [BasicRepositoryConnector-repo.maven.apache.org-1-3] INFO  o.e.m.c.i.e.AbstractTransferListenerAdapter - Downloading https://repo.maven.apache.org/maven2/org/bouncycastle/bcprov-jdk18on/1.78.1/bcprov-jdk18on-1.78.1.jar
2025-10-08 18:43:07,944 [BasicRepositoryConnector-repo.maven.apache.org-1-1] INFO  o.e.m.c.i.e.AbstractTransferListenerAdapter - Downloading https://repo.maven.apache.org/maven2/org/springframework/cloud/spring-cloud-context/4.2.0/spring-cloud-context-4.2.0.jar
2025-10-08 18:43:07,959 [BasicRepositoryConnector-repo.maven.apache.org-1-4] INFO  o.e.m.c.i.e.AbstractTransferListenerAdapter - Downloading https://repo.maven.apache.org/maven2/org/springframework/cloud/spring-cloud-netflix-eureka-client/4.2.0/spring-cloud-netflix-eureka-client-4.2.0.jar
2025-10-08 18:43:07,991 [BasicRepositoryConnector-repo.maven.apache.org-1-2] INFO  o.e.m.c.i.e.AbstractTransferListenerAdapter - Downloaded https://repo.maven.apache.org/maven2/org/springframework/cloud/spring-cloud-commons/4.2.0/spring-cloud-commons-4.2.0.jar
2025-10-08 18:43:08,011 [BasicRepositoryConnector-repo.maven.apache.org-1-0] INFO  o.e.m.c.i.e.AbstractTransferListenerAdapter - Downloaded https://repo.maven.apache.org/maven2/org/springframework/cloud/spring-cloud-starter/4.2.0/spring-cloud-starter-4.2.0.jar
2025-10-08 18:43:08,038 [BasicRepositoryConnector-repo.maven.apache.org-1-2] INFO  o.e.m.c.i.e.AbstractTransferListenerAdapter - Downloading https://repo.maven.apache.org/maven2/org/springframework/cloud/spring-cloud-starter-loadbalancer/4.2.0/spring-cloud-starter-loadbalancer-4.2.0.jar
2025-10-08 18:43:08,046 [BasicRepositoryConnector-repo.maven.apache.org-1-1] INFO  o.e.m.c.i.e.AbstractTransferListenerAdapter - Downloaded https://repo.maven.apache.org/maven2/org/springframework/cloud/spring-cloud-context/4.2.0/spring-cloud-context-4.2.0.jar
2025-10-08 18:43:08,069 [BasicRepositoryConnector-repo.maven.apache.org-1-0] INFO  o.e.m.c.i.e.AbstractTransferListenerAdapter - Downloading https://repo.maven.apache.org/maven2/org/springframework/cloud/spring-cloud-loadbalancer/4.2.0/spring-cloud-loadbalancer-4.2.0.jar
2025-10-08 18:43:08,129 [BasicRepositoryConnector-repo.maven.apache.org-1-2] INFO  o.e.m.c.i.e.AbstractTransferListenerAdapter - Downloaded https://repo.maven.apache.org/maven2/org/springframework/cloud/spring-cloud-starter-loadbalancer/4.2.0/spring-cloud-starter-loadbalancer-4.2.0.jar
2025-10-08 18:43:08,188 [BasicRepositoryConnector-repo.maven.apache.org-1-0] INFO  o.e.m.c.i.e.AbstractTransferListenerAdapter - Downloaded https://repo.maven.apache.org/maven2/org/springframework/cloud/spring-cloud-loadbalancer/4.2.0/spring-cloud-loadbalancer-4.2.0.jar
2025-10-08 18:43:08,210 [BasicRepositoryConnector-repo.maven.apache.org-1-4] INFO  o.e.m.c.i.e.AbstractTransferListenerAdapter - Downloaded https://repo.maven.apache.org/maven2/org/springframework/cloud/spring-cloud-netflix-eureka-client/4.2.0/spring-cloud-netflix-eureka-client-4.2.0.jar
2025-10-08 18:43:08,783 [BasicRepositoryConnector-repo.maven.apache.org-1-3] INFO  o.e.m.c.i.e.AbstractTransferListenerAdapter - Downloaded https://repo.maven.apache.org/maven2/org/bouncycastle/bcprov-jdk18on/1.78.1/bcprov-jdk18on-1.78.1.jar
2025-10-08 18:43:08,904 [Worker-47: Building] INFO  o.e.m.c.i.l.LifecycleMappingFactory - Using org.eclipse.m2e.jdt.JarLifecycleMapping lifecycle mapping for MavenProject: com.irene:service-registry:0.0.1-SNAPSHOT @ C:\Users\irene\eclipse-workspace\E-Comm_Appln\service-registry\pom.xml.
2025-10-08 18:43:09,815 [Worker-47: Building] INFO  o.e.m.c.i.l.LifecycleMappingFactory - Using org.eclipse.m2e.jdt.JarLifecycleMapping lifecycle mapping for MavenProject: com.irene:productService:0.0.1-SNAPSHOT @ C:\Users\irene\eclipse-workspace\E-Comm_Appln\product-service\pom.xml.
2025-10-08 18:43:10,067 [Worker-47: Building] INFO  o.e.m.c.i.l.LifecycleMappingFactory - Using org.eclipse.m2e.jdt.JarLifecycleMapping lifecycle mapping for MavenProject: com.irene:orderService:0.0.1-SNAPSHOT @ C:\Users\irene\eclipse-workspace\E-Comm_Appln\order-service\pom.xml.
2025-10-08 18:43:12,577 [Worker-44: Download sources and javadoc] INFO  o.e.m.c.i.e.AbstractTransferListenerAdapter - Downloaded https://repo.maven.apache.org/maven2/org/springframework/cloud/spring-cloud-starter-netflix-eureka-client/4.2.0/spring-cloud-starter-netflix-eureka-client-4.2.0-sources.jar
2025-10-08 18:43:12,630 [Worker-44: Download sources and javadoc] ERROR o.e.m.j.internal.DownloadSourcesJob - Could not download sources for org.springframework.cloud:spring-cloud-starter-netflix-eureka-client:4.2.0
org.eclipse.core.runtime.CoreException: Could not resolve artifact org.springframework.cloud:spring-cloud-starter-netflix-eureka-client:jar:sources:4.2.0
	at org.eclipse.m2e.core.internal.embedder.MavenImpl.lambda$7(MavenImpl.java:540)
	at org.eclipse.m2e.core.internal.embedder.MavenExecutionContext.executeBare(MavenExecutionContext.java:458)
	at org.eclipse.m2e.core.internal.embedder.MavenExecutionContext.execute(MavenExecutionContext.java:292)
	at org.eclipse.m2e.core.internal.embedder.MavenExecutionContext.execute(MavenExecutionContext.java:278)
	at org.eclipse.m2e.core.internal.embedder.MavenImpl.resolve(MavenImpl.java:509)
	at org.eclipse.m2e.core.internal.embedder.MavenImpl.resolve(MavenImpl.java:494)
	at org.eclipse.m2e.jdt.internal.DownloadSourcesJob.download(DownloadSourcesJob.java:308)
	at org.eclipse.m2e.jdt.internal.DownloadSourcesJob.downloadAttachments(DownloadSourcesJob.java:282)
	at org.eclipse.m2e.jdt.internal.DownloadSourcesJob.downloadMaven(DownloadSourcesJob.java:252)
	at org.eclipse.m2e.jdt.internal.DownloadSourcesJob.downloadFilesAndPopulateToUpdate(DownloadSourcesJob.java:220)
	at org.eclipse.m2e.jdt.internal.DownloadSourcesJob.lambda$0(DownloadSourcesJob.java:149)
	at org.eclipse.m2e.core.internal.embedder.MavenExecutionContext.executeBare(MavenExecutionContext.java:458)
	at org.eclipse.m2e.core.internal.embedder.MavenExecutionContext.execute(MavenExecutionContext.java:339)
	at org.eclipse.m2e.core.internal.embedder.MavenExecutionContext.execute(MavenExecutionContext.java:278)
	at org.eclipse.m2e.core.embedder.IMaven.execute(IMaven.java:300)
	at org.eclipse.m2e.jdt.internal.DownloadSourcesJob.run(DownloadSourcesJob.java:149)
	at org.eclipse.core.internal.jobs.Worker.run(Worker.java:63)
2025-10-08 18:43:12,721 [Worker-44: Download sources and javadoc] INFO  o.e.m.c.i.e.AbstractTransferListenerAdapter - Downloaded https://repo.maven.apache.org/maven2/org/springframework/cloud/spring-cloud-starter/4.2.0/spring-cloud-starter-4.2.0-sources.jar
2025-10-08 18:43:12,724 [Worker-44: Download sources and javadoc] ERROR o.e.m.j.internal.DownloadSourcesJob - Could not download sources for org.springframework.cloud:spring-cloud-starter:4.2.0
org.eclipse.core.runtime.CoreException: Could not resolve artifact org.springframework.cloud:spring-cloud-starter:jar:sources:4.2.0
	at org.eclipse.m2e.core.internal.embedder.MavenImpl.lambda$7(MavenImpl.java:540)
	at org.eclipse.m2e.core.internal.embedder.MavenExecutionContext.executeBare(MavenExecutionContext.java:458)
	at org.eclipse.m2e.core.internal.embedder.MavenExecutionContext.execute(MavenExecutionContext.java:292)
	at org.eclipse.m2e.core.internal.embedder.MavenExecutionContext.execute(MavenExecutionContext.java:278)
	at org.eclipse.m2e.core.internal.embedder.MavenImpl.resolve(MavenImpl.java:509)
	at org.eclipse.m2e.core.internal.embedder.MavenImpl.resolve(MavenImpl.java:494)
	at org.eclipse.m2e.jdt.internal.DownloadSourcesJob.download(DownloadSourcesJob.java:308)
	at org.eclipse.m2e.jdt.internal.DownloadSourcesJob.downloadAttachments(DownloadSourcesJob.java:282)
	at org.eclipse.m2e.jdt.internal.DownloadSourcesJob.downloadMaven(DownloadSourcesJob.java:252)
	at org.eclipse.m2e.jdt.internal.DownloadSourcesJob.downloadFilesAndPopulateToUpdate(DownloadSourcesJob.java:220)
	at org.eclipse.m2e.jdt.internal.DownloadSourcesJob.lambda$0(DownloadSourcesJob.java:149)
	at org.eclipse.m2e.core.internal.embedder.MavenExecutionContext.executeBare(MavenExecutionContext.java:458)
	at org.eclipse.m2e.core.internal.embedder.MavenExecutionContext.execute(MavenExecutionContext.java:339)
	at org.eclipse.m2e.core.internal.embedder.MavenExecutionContext.execute(MavenExecutionContext.java:278)
	at org.eclipse.m2e.core.embedder.IMaven.execute(IMaven.java:300)
	at org.eclipse.m2e.jdt.internal.DownloadSourcesJob.run(DownloadSourcesJob.java:149)
	at org.eclipse.core.internal.jobs.Worker.run(Worker.java:63)
2025-10-08 18:43:12,784 [Worker-44: Download sources and javadoc] INFO  o.e.m.c.i.e.AbstractTransferListenerAdapter - Downloading https://repo.maven.apache.org/maven2/org/springframework/cloud/spring-cloud-context/4.2.0/spring-cloud-context-4.2.0-sources.jar
2025-10-08 18:43:12,857 [Worker-44: Download sources and javadoc] INFO  o.e.m.c.i.e.AbstractTransferListenerAdapter - Downloaded https://repo.maven.apache.org/maven2/org/springframework/cloud/spring-cloud-context/4.2.0/spring-cloud-context-4.2.0-sources.jar
2025-10-08 18:43:12,865 [Worker-44: Download sources and javadoc] INFO  o.e.m.j.internal.DownloadSourcesJob - Downloaded sources for org.springframework.cloud:spring-cloud-context:4.2.0
2025-10-08 18:43:12,926 [Worker-44: Download sources and javadoc] INFO  o.e.m.c.i.e.AbstractTransferListenerAdapter - Downloading https://repo.maven.apache.org/maven2/org/springframework/cloud/spring-cloud-commons/4.2.0/spring-cloud-commons-4.2.0-sources.jar
2025-10-08 18:43:13,002 [Worker-44: Download sources and javadoc] INFO  o.e.m.c.i.e.AbstractTransferListenerAdapter - Downloaded https://repo.maven.apache.org/maven2/org/springframework/cloud/spring-cloud-commons/4.2.0/spring-cloud-commons-4.2.0-sources.jar
2025-10-08 18:43:13,009 [Worker-44: Download sources and javadoc] INFO  o.e.m.j.internal.DownloadSourcesJob - Downloaded sources for org.springframework.cloud:spring-cloud-commons:4.2.0
2025-10-08 18:43:13,011 [Worker-47: Building] INFO  o.a.m.s.f.DefaultMavenResourcesFiltering - Copying 0 resource from src\main\resources to target\classes
2025-10-08 18:43:13,014 [Worker-47: Building] INFO  o.a.m.s.f.DefaultMavenResourcesFiltering - Copying 0 resource from src\main\resources to target\classes
2025-10-08 18:43:13,020 [Worker-47: Building] INFO  o.a.m.s.f.DefaultMavenResourcesFiltering - skip non existing resourceDirectory C:\Users\irene\eclipse-workspace\E-Comm_Appln\order-service\src\test\resources
2025-10-08 18:43:13,109 [Worker-44: Download sources and javadoc] INFO  o.e.m.c.i.e.AbstractTransferListenerAdapter - Downloading https://repo.maven.apache.org/maven2/org/bouncycastle/bcprov-jdk18on/1.78.1/bcprov-jdk18on-1.78.1-sources.jar
2025-10-08 18:43:13,566 [Worker-44: Download sources and javadoc] INFO  o.e.m.c.i.e.AbstractTransferListenerAdapter - Downloaded https://repo.maven.apache.org/maven2/org/bouncycastle/bcprov-jdk18on/1.78.1/bcprov-jdk18on-1.78.1-sources.jar
2025-10-08 18:43:13,573 [Worker-44: Download sources and javadoc] INFO  o.e.m.j.internal.DownloadSourcesJob - Downloaded sources for org.bouncycastle:bcprov-jdk18on:1.78.1
2025-10-08 18:43:13,642 [Worker-44: Download sources and javadoc] INFO  o.e.m.c.i.e.AbstractTransferListenerAdapter - Downloading https://repo.maven.apache.org/maven2/org/springframework/cloud/spring-cloud-netflix-eureka-client/4.2.0/spring-cloud-netflix-eureka-client-4.2.0-sources.jar
2025-10-08 18:43:13,707 [Worker-44: Download sources and javadoc] INFO  o.e.m.c.i.e.AbstractTransferListenerAdapter - Downloaded https://repo.maven.apache.org/maven2/org/springframework/cloud/spring-cloud-netflix-eureka-client/4.2.0/spring-cloud-netflix-eureka-client-4.2.0-sources.jar
2025-10-08 18:43:13,714 [Worker-44: Download sources and javadoc] INFO  o.e.m.j.internal.DownloadSourcesJob - Downloaded sources for org.springframework.cloud:spring-cloud-netflix-eureka-client:4.2.0
2025-10-08 18:43:13,890 [Worker-46: Building] INFO  o.a.m.s.f.DefaultMavenResourcesFiltering - Copying 1 resource from src\main\resources to target\classes
2025-10-08 18:43:13,911 [Worker-46: Building] INFO  o.a.m.s.f.DefaultMavenResourcesFiltering - Copying 0 resource from src\main\resources to target\classes
2025-10-08 18:43:13,914 [Worker-46: Building] INFO  o.a.m.s.f.DefaultMavenResourcesFiltering - skip non existing resourceDirectory C:\Users\irene\eclipse-workspace\E-Comm_Appln\order-service\src\test\resources
2025-10-08 18:43:14,219 [Worker-44: Download sources and javadoc] INFO  o.e.m.c.i.e.AbstractTransferListenerAdapter - Downloaded https://repo.maven.apache.org/maven2/org/springframework/cloud/spring-cloud-starter-loadbalancer/4.2.0/spring-cloud-starter-loadbalancer-4.2.0-sources.jar
2025-10-08 18:43:14,223 [Worker-44: Download sources and javadoc] ERROR o.e.m.j.internal.DownloadSourcesJob - Could not download sources for org.springframework.cloud:spring-cloud-starter-loadbalancer:4.2.0
org.eclipse.core.runtime.CoreException: Could not resolve artifact org.springframework.cloud:spring-cloud-starter-loadbalancer:jar:sources:4.2.0
	at org.eclipse.m2e.core.internal.embedder.MavenImpl.lambda$7(MavenImpl.java:540)
	at org.eclipse.m2e.core.internal.embedder.MavenExecutionContext.executeBare(MavenExecutionContext.java:458)
	at org.eclipse.m2e.core.internal.embedder.MavenExecutionContext.execute(MavenExecutionContext.java:292)
	at org.eclipse.m2e.core.internal.embedder.MavenExecutionContext.execute(MavenExecutionContext.java:278)
	at org.eclipse.m2e.core.internal.embedder.MavenImpl.resolve(MavenImpl.java:509)
	at org.eclipse.m2e.core.internal.embedder.MavenImpl.resolve(MavenImpl.java:494)
	at org.eclipse.m2e.jdt.internal.DownloadSourcesJob.download(DownloadSourcesJob.java:308)
	at org.eclipse.m2e.jdt.internal.DownloadSourcesJob.downloadAttachments(DownloadSourcesJob.java:282)
	at org.eclipse.m2e.jdt.internal.DownloadSourcesJob.downloadMaven(DownloadSourcesJob.java:252)
	at org.eclipse.m2e.jdt.internal.DownloadSourcesJob.downloadFilesAndPopulateToUpdate(DownloadSourcesJob.java:220)
	at org.eclipse.m2e.jdt.internal.DownloadSourcesJob.lambda$0(DownloadSourcesJob.java:149)
	at org.eclipse.m2e.core.internal.embedder.MavenExecutionContext.executeBare(MavenExecutionContext.java:458)
	at org.eclipse.m2e.core.internal.embedder.MavenExecutionContext.execute(MavenExecutionContext.java:339)
	at org.eclipse.m2e.core.internal.embedder.MavenExecutionContext.execute(MavenExecutionContext.java:278)
	at org.eclipse.m2e.core.embedder.IMaven.execute(IMaven.java:300)
	at org.eclipse.m2e.jdt.internal.DownloadSourcesJob.run(DownloadSourcesJob.java:149)
	at org.eclipse.core.internal.jobs.Worker.run(Worker.java:63)
2025-10-08 18:43:14,297 [Worker-44: Download sources and javadoc] INFO  o.e.m.c.i.e.AbstractTransferListenerAdapter - Downloading https://repo.maven.apache.org/maven2/org/springframework/cloud/spring-cloud-loadbalancer/4.2.0/spring-cloud-loadbalancer-4.2.0-sources.jar
2025-10-08 18:43:14,363 [Worker-44: Download sources and javadoc] INFO  o.e.m.c.i.e.AbstractTransferListenerAdapter - Downloaded https://repo.maven.apache.org/maven2/org/springframework/cloud/spring-cloud-loadbalancer/4.2.0/spring-cloud-loadbalancer-4.2.0-sources.jar
2025-10-08 18:43:14,369 [Worker-44: Download sources and javadoc] INFO  o.e.m.j.internal.DownloadSourcesJob - Downloaded sources for org.springframework.cloud:spring-cloud-loadbalancer:4.2.0
2025-10-08 18:43:14,459 [Worker-44: Download sources and javadoc] INFO  o.e.m.c.i.e.AbstractTransferListenerAdapter - Downloaded https://repo.maven.apache.org/maven2/org/springframework/cloud/spring-cloud-starter-netflix-eureka-server/4.3.0/spring-cloud-starter-netflix-eureka-server-4.3.0-javadoc.jar
2025-10-08 18:43:14,529 [Worker-44: Download sources and javadoc] ERROR o.e.m.j.internal.DownloadSourcesJob - Could not download javadoc for org.springframework.cloud:spring-cloud-starter-netflix-eureka-server:4.3.0
org.eclipse.core.runtime.CoreException: Could not resolve artifact org.springframework.cloud:spring-cloud-starter-netflix-eureka-server:jar:javadoc:4.3.0
	at org.eclipse.m2e.core.internal.embedder.MavenImpl.lambda$7(MavenImpl.java:540)
	at org.eclipse.m2e.core.internal.embedder.MavenExecutionContext.executeBare(MavenExecutionContext.java:458)
	at org.eclipse.m2e.core.internal.embedder.MavenExecutionContext.execute(MavenExecutionContext.java:292)
	at org.eclipse.m2e.core.internal.embedder.MavenExecutionContext.execute(MavenExecutionContext.java:278)
	at org.eclipse.m2e.core.internal.embedder.MavenImpl.resolve(MavenImpl.java:509)
	at org.eclipse.m2e.core.internal.embedder.MavenImpl.resolve(MavenImpl.java:494)
	at org.eclipse.m2e.jdt.internal.DownloadSourcesJob.download(DownloadSourcesJob.java:308)
	at org.eclipse.m2e.jdt.internal.DownloadSourcesJob.downloadAttachments(DownloadSourcesJob.java:294)
	at org.eclipse.m2e.jdt.internal.DownloadSourcesJob.downloadMaven(DownloadSourcesJob.java:252)
	at org.eclipse.m2e.jdt.internal.DownloadSourcesJob.downloadFilesAndPopulateToUpdate(DownloadSourcesJob.java:220)
	at org.eclipse.m2e.jdt.internal.DownloadSourcesJob.lambda$0(DownloadSourcesJob.java:149)
	at org.eclipse.m2e.core.internal.embedder.MavenExecutionContext.executeBare(MavenExecutionContext.java:458)
	at org.eclipse.m2e.core.internal.embedder.MavenExecutionContext.execute(MavenExecutionContext.java:339)
	at org.eclipse.m2e.core.internal.embedder.MavenExecutionContext.execute(MavenExecutionContext.java:278)
	at org.eclipse.m2e.core.embedder.IMaven.execute(IMaven.java:300)
	at org.eclipse.m2e.jdt.internal.DownloadSourcesJob.run(DownloadSourcesJob.java:149)
	at org.eclipse.core.internal.jobs.Worker.run(Worker.java:63)
2025-10-08 18:43:14,593 [Worker-44: Download sources and javadoc] INFO  o.e.m.c.i.e.AbstractTransferListenerAdapter - Downloaded https://repo.maven.apache.org/maven2/com/google/guava/listenablefuture/9999.0-empty-to-avoid-conflict-with-guava/listenablefuture-9999.0-empty-to-avoid-conflict-with-guava-javadoc.jar
2025-10-08 18:43:14,596 [Worker-44: Download sources and javadoc] ERROR o.e.m.j.internal.DownloadSourcesJob - Could not download javadoc for com.google.guava:listenablefuture:9999.0-empty-to-avoid-conflict-with-guava
org.eclipse.core.runtime.CoreException: Could not resolve artifact com.google.guava:listenablefuture:jar:javadoc:9999.0-empty-to-avoid-conflict-with-guava
	at org.eclipse.m2e.core.internal.embedder.MavenImpl.lambda$7(MavenImpl.java:540)
	at org.eclipse.m2e.core.internal.embedder.MavenExecutionContext.executeBare(MavenExecutionContext.java:458)
	at org.eclipse.m2e.core.internal.embedder.MavenExecutionContext.execute(MavenExecutionContext.java:292)
	at org.eclipse.m2e.core.internal.embedder.MavenExecutionContext.execute(MavenExecutionContext.java:278)
	at org.eclipse.m2e.core.internal.embedder.MavenImpl.resolve(MavenImpl.java:509)
	at org.eclipse.m2e.core.internal.embedder.MavenImpl.resolve(MavenImpl.java:494)
	at org.eclipse.m2e.jdt.internal.DownloadSourcesJob.download(DownloadSourcesJob.java:308)
	at org.eclipse.m2e.jdt.internal.DownloadSourcesJob.downloadAttachments(DownloadSourcesJob.java:294)
	at org.eclipse.m2e.jdt.internal.DownloadSourcesJob.downloadMaven(DownloadSourcesJob.java:252)
	at org.eclipse.m2e.jdt.internal.DownloadSourcesJob.downloadFilesAndPopulateToUpdate(DownloadSourcesJob.java:220)
	at org.eclipse.m2e.jdt.internal.DownloadSourcesJob.lambda$0(DownloadSourcesJob.java:149)
	at org.eclipse.m2e.core.internal.embedder.MavenExecutionContext.executeBare(MavenExecutionContext.java:458)
	at org.eclipse.m2e.core.internal.embedder.MavenExecutionContext.execute(MavenExecutionContext.java:339)
	at org.eclipse.m2e.core.internal.embedder.MavenExecutionContext.execute(MavenExecutionContext.java:278)
	at org.eclipse.m2e.core.embedder.IMaven.execute(IMaven.java:300)
	at org.eclipse.m2e.jdt.internal.DownloadSourcesJob.run(DownloadSourcesJob.java:149)
	at org.eclipse.core.internal.jobs.Worker.run(Worker.java:63)
2025-10-08 18:44:02,689 [Worker-41: Updating Maven Project] INFO  o.e.m.c.i.p.ProjectConfigurationManager - Update started
2025-10-08 18:44:03,271 [Worker-41: Updating Maven Project] INFO  o.e.m.c.i.l.LifecycleMappingFactory - Using org.eclipse.m2e.jdt.JarLifecycleMapping lifecycle mapping for MavenProject: com.irene:orderService:0.0.1-SNAPSHOT @ C:\Users\irene\eclipse-workspace\E-Comm_Appln\order-service\pom.xml.
2025-10-08 18:44:05,339 [Worker-41: Updating Maven Project] INFO  o.e.m.j.i.AbstractJavaProjectConfigurator - Adding source folder /order-service/src/main/java
2025-10-08 18:44:05,340 [Worker-41: Updating Maven Project] INFO  o.e.m.j.i.AbstractJavaProjectConfigurator - Adding resource folder /order-service/src/main/resources
2025-10-08 18:44:05,340 [Worker-41: Updating Maven Project] INFO  o.e.m.j.i.AbstractJavaProjectConfigurator - Adding resource folder /order-service/src/main/resources
2025-10-08 18:44:05,341 [Worker-41: Updating Maven Project] INFO  o.e.m.j.i.AbstractJavaProjectConfigurator - Adding source folder /order-service/src/test/java
2025-10-08 18:44:05,342 [Worker-41: Updating Maven Project] INFO  o.e.m.j.i.AbstractJavaProjectConfigurator - Adding resource folder /order-service/src/test/resources
2025-10-08 18:44:06,257 [Worker-49: Download sources and javadoc] INFO  o.e.m.c.i.e.AbstractTransferListenerAdapter - Downloaded https://repo.maven.apache.org/maven2/org/springframework/cloud/spring-cloud-starter-netflix-eureka-client/4.2.0/spring-cloud-starter-netflix-eureka-client-4.2.0-javadoc.jar
2025-10-08 18:44:06,260 [Worker-49: Download sources and javadoc] ERROR o.e.m.j.internal.DownloadSourcesJob - Could not download javadoc for org.springframework.cloud:spring-cloud-starter-netflix-eureka-client:4.2.0
org.eclipse.core.runtime.CoreException: Could not resolve artifact org.springframework.cloud:spring-cloud-starter-netflix-eureka-client:jar:javadoc:4.2.0
	at org.eclipse.m2e.core.internal.embedder.MavenImpl.lambda$7(MavenImpl.java:540)
	at org.eclipse.m2e.core.internal.embedder.MavenExecutionContext.executeBare(MavenExecutionContext.java:458)
	at org.eclipse.m2e.core.internal.embedder.MavenExecutionContext.execute(MavenExecutionContext.java:292)
	at org.eclipse.m2e.core.internal.embedder.MavenExecutionContext.execute(MavenExecutionContext.java:278)
	at org.eclipse.m2e.core.internal.embedder.MavenImpl.resolve(MavenImpl.java:509)
	at org.eclipse.m2e.core.internal.embedder.MavenImpl.resolve(MavenImpl.java:494)
	at org.eclipse.m2e.jdt.internal.DownloadSourcesJob.download(DownloadSourcesJob.java:308)
	at org.eclipse.m2e.jdt.internal.DownloadSourcesJob.downloadAttachments(DownloadSourcesJob.java:294)
	at org.eclipse.m2e.jdt.internal.DownloadSourcesJob.downloadMaven(DownloadSourcesJob.java:252)
	at org.eclipse.m2e.jdt.internal.DownloadSourcesJob.downloadFilesAndPopulateToUpdate(DownloadSourcesJob.java:220)
	at org.eclipse.m2e.jdt.internal.DownloadSourcesJob.lambda$0(DownloadSourcesJob.java:149)
	at org.eclipse.m2e.core.internal.embedder.MavenExecutionContext.executeBare(MavenExecutionContext.java:458)
	at org.eclipse.m2e.core.internal.embedder.MavenExecutionContext.execute(MavenExecutionContext.java:339)
	at org.eclipse.m2e.core.internal.embedder.MavenExecutionContext.execute(MavenExecutionContext.java:278)
	at org.eclipse.m2e.core.embedder.IMaven.execute(IMaven.java:300)
	at org.eclipse.m2e.jdt.internal.DownloadSourcesJob.run(DownloadSourcesJob.java:149)
	at org.eclipse.core.internal.jobs.Worker.run(Worker.java:63)
2025-10-08 18:44:06,354 [Worker-49: Download sources and javadoc] INFO  o.e.m.c.i.e.AbstractTransferListenerAdapter - Downloading https://repo.maven.apache.org/maven2/org/springframework/cloud/spring-cloud-starter/4.2.0/spring-cloud-starter-4.2.0-javadoc.jar
2025-10-08 18:44:06,411 [Worker-49: Download sources and javadoc] INFO  o.e.m.c.i.e.AbstractTransferListenerAdapter - Downloaded https://repo.maven.apache.org/maven2/org/springframework/cloud/spring-cloud-starter/4.2.0/spring-cloud-starter-4.2.0-javadoc.jar
2025-10-08 18:44:06,418 [Worker-49: Download sources and javadoc] INFO  o.e.m.j.internal.DownloadSourcesJob - Downloaded javadoc for org.springframework.cloud:spring-cloud-starter:4.2.0
2025-10-08 18:44:06,430 [Worker-41: Updating Maven Project] INFO  o.e.m.c.i.p.ProjectConfigurationManager - Update completed for 1 poms: local refresh takes 0.00 sec, refresh facades takes 2.00 sec, update config takes 1.00 sec 
2025-10-08 18:44:06,905 [Worker-41: Building] INFO  o.a.m.s.f.DefaultMavenResourcesFiltering - Copying 1 resource from src\main\resources to target\classes
2025-10-08 18:44:06,926 [Worker-41: Building] INFO  o.a.m.s.f.DefaultMavenResourcesFiltering - Copying 0 resource from src\main\resources to target\classes
2025-10-08 18:44:06,932 [Worker-41: Building] INFO  o.a.m.s.f.DefaultMavenResourcesFiltering - skip non existing resourceDirectory C:\Users\irene\eclipse-workspace\E-Comm_Appln\order-service\src\test\resources
2025-10-08 18:44:06,953 [Worker-49: Download sources and javadoc] INFO  o.e.m.c.i.e.AbstractTransferListenerAdapter - Downloaded https://repo.maven.apache.org/maven2/org/springframework/cloud/spring-cloud-starter-loadbalancer/4.2.0/spring-cloud-starter-loadbalancer-4.2.0-javadoc.jar
2025-10-08 18:44:06,958 [Worker-49: Download sources and javadoc] ERROR o.e.m.j.internal.DownloadSourcesJob - Could not download javadoc for org.springframework.cloud:spring-cloud-starter-loadbalancer:4.2.0
org.eclipse.core.runtime.CoreException: Could not resolve artifact org.springframework.cloud:spring-cloud-starter-loadbalancer:jar:javadoc:4.2.0
	at org.eclipse.m2e.core.internal.embedder.MavenImpl.lambda$7(MavenImpl.java:540)
	at org.eclipse.m2e.core.internal.embedder.MavenExecutionContext.executeBare(MavenExecutionContext.java:458)
	at org.eclipse.m2e.core.internal.embedder.MavenExecutionContext.execute(MavenExecutionContext.java:292)
	at org.eclipse.m2e.core.internal.embedder.MavenExecutionContext.execute(MavenExecutionContext.java:278)
	at org.eclipse.m2e.core.internal.embedder.MavenImpl.resolve(MavenImpl.java:509)
	at org.eclipse.m2e.core.internal.embedder.MavenImpl.resolve(MavenImpl.java:494)
	at org.eclipse.m2e.jdt.internal.DownloadSourcesJob.download(DownloadSourcesJob.java:308)
	at org.eclipse.m2e.jdt.internal.DownloadSourcesJob.downloadAttachments(DownloadSourcesJob.java:294)
	at org.eclipse.m2e.jdt.internal.DownloadSourcesJob.downloadMaven(DownloadSourcesJob.java:252)
	at org.eclipse.m2e.jdt.internal.DownloadSourcesJob.downloadFilesAndPopulateToUpdate(DownloadSourcesJob.java:220)
	at org.eclipse.m2e.jdt.internal.DownloadSourcesJob.lambda$0(DownloadSourcesJob.java:149)
	at org.eclipse.m2e.core.internal.embedder.MavenExecutionContext.executeBare(MavenExecutionContext.java:458)
	at org.eclipse.m2e.core.internal.embedder.MavenExecutionContext.execute(MavenExecutionContext.java:339)
	at org.eclipse.m2e.core.internal.embedder.MavenExecutionContext.execute(MavenExecutionContext.java:278)
	at org.eclipse.m2e.core.embedder.IMaven.execute(IMaven.java:300)
	at org.eclipse.m2e.jdt.internal.DownloadSourcesJob.run(DownloadSourcesJob.java:149)
	at org.eclipse.core.internal.jobs.Worker.run(Worker.java:63)
2025-10-08 18:45:10,411 [Worker-41: Building] INFO  o.e.m.c.i.l.LifecycleMappingFactory - Using org.eclipse.m2e.jdt.JarLifecycleMapping lifecycle mapping for MavenProject: com.irene:productService:0.0.1-SNAPSHOT @ C:\Users\irene\eclipse-workspace\E-Comm_Appln\product-service\pom.xml.
2025-10-08 18:45:12,498 [Worker-41: Building] INFO  o.a.m.s.f.DefaultMavenResourcesFiltering - Copying 0 resource from src\main\resources to target\classes
2025-10-08 18:45:12,500 [Worker-41: Building] INFO  o.a.m.s.f.DefaultMavenResourcesFiltering - Copying 0 resource from src\main\resources to target\classes
2025-10-08 18:45:12,506 [Worker-41: Building] INFO  o.a.m.s.f.DefaultMavenResourcesFiltering - skip non existing resourceDirectory C:\Users\irene\eclipse-workspace\E-Comm_Appln\product-service\src\test\resources
2025-10-08 18:45:13,097 [Worker-41: Building] INFO  o.a.m.s.f.DefaultMavenResourcesFiltering - Copying 1 resource from src\main\resources to target\classes
2025-10-08 18:45:13,123 [Worker-41: Building] INFO  o.a.m.s.f.DefaultMavenResourcesFiltering - Copying 0 resource from src\main\resources to target\classes
2025-10-08 18:45:13,127 [Worker-41: Building] INFO  o.a.m.s.f.DefaultMavenResourcesFiltering - skip non existing resourceDirectory C:\Users\irene\eclipse-workspace\E-Comm_Appln\product-service\src\test\resources
2025-10-08 18:51:16,255 [Worker-52: Updating Maven Project] INFO  o.e.m.c.i.p.ProjectConfigurationManager - Update started
2025-10-08 18:51:16,811 [Worker-52: Updating Maven Project] INFO  o.e.m.c.i.l.LifecycleMappingFactory - Using org.eclipse.m2e.jdt.JarLifecycleMapping lifecycle mapping for MavenProject: com.irene:orderService:0.0.1-SNAPSHOT @ C:\Users\irene\eclipse-workspace\E-Comm_Appln\order-service\pom.xml.
2025-10-08 18:51:19,030 [Worker-52: Updating Maven Project] INFO  o.e.m.j.i.AbstractJavaProjectConfigurator - Adding source folder /order-service/src/main/java
2025-10-08 18:51:19,031 [Worker-52: Updating Maven Project] INFO  o.e.m.j.i.AbstractJavaProjectConfigurator - Adding resource folder /order-service/src/main/resources
2025-10-08 18:51:19,032 [Worker-52: Updating Maven Project] INFO  o.e.m.j.i.AbstractJavaProjectConfigurator - Adding resource folder /order-service/src/main/resources
2025-10-08 18:51:19,033 [Worker-52: Updating Maven Project] INFO  o.e.m.j.i.AbstractJavaProjectConfigurator - Adding source folder /order-service/src/test/java
2025-10-08 18:51:19,035 [Worker-52: Updating Maven Project] INFO  o.e.m.j.i.AbstractJavaProjectConfigurator - Adding resource folder /order-service/src/test/resources
2025-10-08 18:51:20,165 [Worker-52: Updating Maven Project] INFO  o.e.m.c.i.p.ProjectConfigurationManager - Update completed for 1 poms: local refresh takes 0.00 sec, refresh facades takes 2.00 sec, update config takes 1.00 sec 
2025-10-08 18:51:20,668 [Worker-51: Building] INFO  o.a.m.s.f.DefaultMavenResourcesFiltering - Copying 1 resource from src\main\resources to target\classes
2025-10-08 18:51:20,722 [Worker-51: Building] INFO  o.a.m.s.f.DefaultMavenResourcesFiltering - Copying 0 resource from src\main\resources to target\classes
2025-10-08 18:51:20,727 [Worker-51: Building] INFO  o.a.m.s.f.DefaultMavenResourcesFiltering - skip non existing resourceDirectory C:\Users\irene\eclipse-workspace\E-Comm_Appln\order-service\src\test\resources
2025-10-08 18:51:26,093 [Worker-54: Updating Maven Project] INFO  o.e.m.c.i.p.ProjectConfigurationManager - Update started
2025-10-08 18:51:26,642 [Worker-54: Updating Maven Project] INFO  o.e.m.c.i.l.LifecycleMappingFactory - Using org.eclipse.m2e.jdt.JarLifecycleMapping lifecycle mapping for MavenProject: com.irene:productService:0.0.1-SNAPSHOT @ C:\Users\irene\eclipse-workspace\E-Comm_Appln\product-service\pom.xml.
2025-10-08 18:51:28,563 [Worker-54: Updating Maven Project] INFO  o.e.m.j.i.AbstractJavaProjectConfigurator - Adding source folder /product-service/src/main/java
2025-10-08 18:51:28,564 [Worker-54: Updating Maven Project] INFO  o.e.m.j.i.AbstractJavaProjectConfigurator - Adding resource folder /product-service/src/main/resources
2025-10-08 18:51:28,566 [Worker-54: Updating Maven Project] INFO  o.e.m.j.i.AbstractJavaProjectConfigurator - Adding resource folder /product-service/src/main/resources
2025-10-08 18:51:28,566 [Worker-54: Updating Maven Project] INFO  o.e.m.j.i.AbstractJavaProjectConfigurator - Adding source folder /product-service/src/test/java
2025-10-08 18:51:28,567 [Worker-54: Updating Maven Project] INFO  o.e.m.j.i.AbstractJavaProjectConfigurator - Adding resource folder /product-service/src/test/resources
2025-10-08 18:51:29,822 [Worker-54: Updating Maven Project] INFO  o.e.m.c.i.p.ProjectConfigurationManager - Update completed for 1 poms: local refresh takes 0.00 sec, refresh facades takes 2.00 sec, update config takes 1.00 sec 
2025-10-08 18:51:30,401 [Worker-47: Building] INFO  o.a.m.s.f.DefaultMavenResourcesFiltering - Copying 1 resource from src\main\resources to target\classes
2025-10-08 18:51:30,424 [Worker-47: Building] INFO  o.a.m.s.f.DefaultMavenResourcesFiltering - Copying 0 resource from src\main\resources to target\classes
2025-10-08 18:51:30,430 [Worker-47: Building] INFO  o.a.m.s.f.DefaultMavenResourcesFiltering - skip non existing resourceDirectory C:\Users\irene\eclipse-workspace\E-Comm_Appln\product-service\src\test\resources
2025-10-08 18:55:41,108 [Start Help Server] INFO  org.eclipse.jetty.server.Server - jetty-12.0.6; built: 2024-01-30T02:43:24.387Z; git: 78ab6e6ba163f89cdd97f2ae0283fbb5e371cfaf; jvm 17.0.10+7
2025-10-08 18:55:41,265 [Start Help Server] INFO  o.e.j.server.handler.ContextHandler - Started oeje8n.ContextHandler$CoreContextHandler@33428266{/help,/help,b=null,a=AVAILABLE,h=oeje8n.ContextHandler$CoreContextHandler$CoreToNestedHandler@5e56ecb6{STARTED}}
2025-10-08 18:55:41,267 [Start Help Server] INFO  o.e.j.s.DefaultSessionIdManager - Session workerName=node0
2025-10-08 18:55:41,315 [Start Help Server] INFO  o.e.jetty.server.AbstractConnector - Started ServerConnector@18066c6f{HTTP/1.1, (http/1.1)}{127.0.0.1:58160}
2025-10-08 18:55:41,324 [Start Help Server] INFO  org.eclipse.jetty.server.Server - Started oejs.Server@386339c2{STARTING}[12.0.6,sto=0] @3095301ms
2025-10-08 19:02:10,342 [Worker-47: Building] INFO  o.a.m.s.f.DefaultMavenResourcesFiltering - Copying 1 resource from src\main\resources to target\classes
2025-10-08 19:02:10,350 [Worker-47: Building] INFO  o.a.m.s.f.DefaultMavenResourcesFiltering - Copying 0 resource from src\main\resources to target\classes
2025-10-08 19:02:10,355 [Worker-47: Building] INFO  o.a.m.s.f.DefaultMavenResourcesFiltering - skip non existing resourceDirectory C:\Users\irene\eclipse-workspace\E-Comm_Appln\product-service\src\test\resources
2025-10-08 19:02:26,701 [Worker-41: Building] INFO  o.a.m.s.f.DefaultMavenResourcesFiltering - Copying 1 resource from src\main\resources to target\classes
2025-10-08 19:02:26,706 [Worker-41: Building] INFO  o.a.m.s.f.DefaultMavenResourcesFiltering - Copying 0 resource from src\main\resources to target\classes
2025-10-08 19:02:26,710 [Worker-41: Building] INFO  o.a.m.s.f.DefaultMavenResourcesFiltering - skip non existing resourceDirectory C:\Users\irene\eclipse-workspace\E-Comm_Appln\order-service\src\test\resources
2025-10-08 19:02:38,857 [Worker-41: Building] INFO  o.a.m.s.f.DefaultMavenResourcesFiltering - Copying 1 resource from src\main\resources to target\classes
2025-10-08 19:02:38,866 [Worker-41: Building] INFO  o.a.m.s.f.DefaultMavenResourcesFiltering - Copying 0 resource from src\main\resources to target\classes
2025-10-08 19:02:38,872 [Worker-41: Building] INFO  o.a.m.s.f.DefaultMavenResourcesFiltering - skip non existing resourceDirectory C:\Users\irene\eclipse-workspace\E-Comm_Appln\order-service\src\test\resources
2025-10-08 19:09:55,570 [Worker-59: Building] INFO  o.a.m.s.f.DefaultMavenResourcesFiltering - Copying 1 resource from src\main\resources to target\classes
2025-10-08 19:09:55,579 [Worker-59: Building] INFO  o.a.m.s.f.DefaultMavenResourcesFiltering - Copying 0 resource from src\main\resources to target\classes
2025-10-08 19:09:55,583 [Worker-59: Building] INFO  o.a.m.s.f.DefaultMavenResourcesFiltering - skip non existing resourceDirectory C:\Users\irene\eclipse-workspace\E-Comm_Appln\order-service\src\test\resources
2025-10-08 19:17:52,298 [Worker-60: Building] INFO  o.a.m.s.f.DefaultMavenResourcesFiltering - Copying 1 resource from src\main\resources to target\classes
2025-10-08 19:17:52,307 [Worker-60: Building] INFO  o.a.m.s.f.DefaultMavenResourcesFiltering - Copying 0 resource from src\main\resources to target\classes
2025-10-08 19:17:52,311 [Worker-60: Building] INFO  o.a.m.s.f.DefaultMavenResourcesFiltering - skip non existing resourceDirectory C:\Users\irene\eclipse-workspace\E-Comm_Appln\order-service\src\test\resources
2025-10-08 19:18:06,534 [Worker-59: Building] INFO  o.a.m.s.f.DefaultMavenResourcesFiltering - Copying 1 resource from src\main\resources to target\classes
2025-10-08 19:18:06,543 [Worker-59: Building] INFO  o.a.m.s.f.DefaultMavenResourcesFiltering - Copying 0 resource from src\main\resources to target\classes
2025-10-08 19:18:06,546 [Worker-59: Building] INFO  o.a.m.s.f.DefaultMavenResourcesFiltering - skip non existing resourceDirectory C:\Users\irene\eclipse-workspace\E-Comm_Appln\product-service\src\test\resources
2025-10-08 19:20:30,132 [Stop Help Server] INFO  org.eclipse.jetty.server.Server - Stopped oejs.Server@386339c2{STOPPING}[12.0.6,sto=0]
2025-10-08 19:20:30,138 [Stop Help Server] INFO  o.e.jetty.server.AbstractConnector - Stopped ServerConnector@18066c6f{HTTP/1.1, (http/1.1)}{127.0.0.1:0}
2025-10-08 19:32:22,123 [Worker-7: Loading available Gradle versions] INFO  o.e.b.c.i.u.g.PublishedGradleVersions - Gradle version information cache is up-to-date. Trying to read.
2025-10-08 20:53:26,189 [Worker-36: Building] INFO  o.a.m.s.f.DefaultMavenResourcesFiltering - Copying 1 resource from src\main\resources to target\classes
2025-10-08 20:53:26,260 [Worker-36: Building] INFO  o.a.m.s.f.DefaultMavenResourcesFiltering - Copying 0 resource from src\main\resources to target\classes
2025-10-08 20:53:26,272 [Worker-36: Building] INFO  o.a.m.s.f.DefaultMavenResourcesFiltering - skip non existing resourceDirectory C:\Users\irene\eclipse-workspace\E-Comm_Appln\order-service\src\test\resources
2025-10-08 20:54:36,854 [Worker-39: Building] ERROR o.e.m.c.i.p.r.ProjectRegistryManager - Could not read pom.xml
org.eclipse.core.runtime.CoreException: Could not read pom.xml
	at org.eclipse.m2e.core.internal.IMavenToolbox.readModel(IMavenToolbox.java:245)
	at org.eclipse.m2e.core.internal.project.registry.ProjectRegistryManager.refreshPhase2(ProjectRegistryManager.java:587)
	at org.eclipse.m2e.core.internal.project.registry.ProjectRegistryManager.refresh(ProjectRegistryManager.java:487)
	at org.eclipse.m2e.core.internal.project.registry.ProjectRegistryManager.refresh(ProjectRegistryManager.java:366)
	at org.eclipse.m2e.core.internal.project.registry.ProjectRegistryManager.refresh(ProjectRegistryManager.java:318)
	at org.eclipse.m2e.core.internal.builder.MavenBuilder$BuildMethod.getProjectFacade(MavenBuilder.java:146)
	at org.eclipse.m2e.core.internal.builder.MavenBuilder$BuildMethod.lambda$0(MavenBuilder.java:84)
	at org.eclipse.m2e.core.internal.embedder.MavenExecutionContext.executeBare(MavenExecutionContext.java:458)
	at org.eclipse.m2e.core.internal.embedder.MavenExecutionContext.execute(MavenExecutionContext.java:339)
	at org.eclipse.m2e.core.internal.embedder.MavenExecutionContext.execute(MavenExecutionContext.java:278)
	at org.eclipse.m2e.core.internal.builder.MavenBuilder$BuildMethod.execute(MavenBuilder.java:83)
	at org.eclipse.m2e.core.internal.builder.MavenBuilder.build(MavenBuilder.java:192)
	at org.eclipse.core.internal.events.BuildManager$2.run(BuildManager.java:1077)
	at org.eclipse.core.runtime.SafeRunner.run(SafeRunner.java:47)
	at org.eclipse.core.internal.events.BuildManager.basicBuild(BuildManager.java:296)
	at org.eclipse.core.internal.events.BuildManager.basicBuild(BuildManager.java:352)
	at org.eclipse.core.internal.events.BuildManager$1.run(BuildManager.java:441)
	at org.eclipse.core.runtime.SafeRunner.run(SafeRunner.java:47)
	at org.eclipse.core.internal.events.BuildManager.basicBuild(BuildManager.java:444)
	at org.eclipse.core.internal.events.BuildManager.basicBuildLoop(BuildManager.java:555)
	at org.eclipse.core.internal.events.BuildManager.basicBuildLoop(BuildManager.java:503)
	at org.eclipse.core.internal.events.BuildManager.build(BuildManager.java:585)
	at org.eclipse.core.internal.events.AutoBuildJob.doBuild(AutoBuildJob.java:207)
	at org.eclipse.core.internal.events.AutoBuildJob.run(AutoBuildJob.java:300)
	at org.eclipse.core.internal.jobs.Worker.run(Worker.java:63)
Caused by: org.apache.maven.model.io.ModelParseException: Duplicated tag: 'dependencyManagement' (position: START_TAG seen ...</dependencies>\n\t<dependencyManagement>... @60:24) 
	at org.apache.maven.model.io.DefaultModelReader.read(DefaultModelReader.java:96)
	at org.apache.maven.model.io.DefaultModelReader.read(DefaultModelReader.java:74)
	at org.eclipse.m2e.core.internal.IMavenToolbox.readModel(IMavenToolbox.java:243)
	... 24 common frames omitted
Caused by: org.codehaus.plexus.util.xml.pull.XmlPullParserException: Duplicated tag: 'dependencyManagement' (position: START_TAG seen ...</dependencies>\n\t<dependencyManagement>... @60:24) 
	at org.apache.maven.model.io.xpp3.MavenXpp3Reader.checkFieldWithDuplicate(MavenXpp3Reader.java:141)
	at org.apache.maven.model.io.xpp3.MavenXpp3Reader.parseModel(MavenXpp3Reader.java:2310)
	at org.apache.maven.model.io.xpp3.MavenXpp3Reader.read(MavenXpp3Reader.java:623)
	at org.apache.maven.model.io.xpp3.MavenXpp3Reader.read(MavenXpp3Reader.java:654)
	at org.apache.maven.model.io.DefaultModelReader.read(DefaultModelReader.java:93)
	... 26 common frames omitted
2025-10-08 20:54:38,243 [Worker-40: Building] ERROR o.e.m.c.i.p.r.ProjectRegistryManager - Could not read pom.xml
org.eclipse.core.runtime.CoreException: Could not read pom.xml
	at org.eclipse.m2e.core.internal.IMavenToolbox.readModel(IMavenToolbox.java:245)
	at org.eclipse.m2e.core.internal.project.registry.ProjectRegistryManager.refreshPhase2(ProjectRegistryManager.java:587)
	at org.eclipse.m2e.core.internal.project.registry.ProjectRegistryManager.refresh(ProjectRegistryManager.java:487)
	at org.eclipse.m2e.core.internal.project.registry.ProjectRegistryManager.refresh(ProjectRegistryManager.java:366)
	at org.eclipse.m2e.core.internal.project.registry.ProjectRegistryManager.refresh(ProjectRegistryManager.java:318)
	at org.eclipse.m2e.core.internal.builder.MavenBuilder$BuildMethod.getProjectFacade(MavenBuilder.java:146)
	at org.eclipse.m2e.core.internal.builder.MavenBuilder$BuildMethod.lambda$0(MavenBuilder.java:84)
	at org.eclipse.m2e.core.internal.embedder.MavenExecutionContext.executeBare(MavenExecutionContext.java:458)
	at org.eclipse.m2e.core.internal.embedder.MavenExecutionContext.execute(MavenExecutionContext.java:339)
	at org.eclipse.m2e.core.internal.embedder.MavenExecutionContext.execute(MavenExecutionContext.java:278)
	at org.eclipse.m2e.core.internal.builder.MavenBuilder$BuildMethod.execute(MavenBuilder.java:83)
	at org.eclipse.m2e.core.internal.builder.MavenBuilder.build(MavenBuilder.java:192)
	at org.eclipse.core.internal.events.BuildManager$2.run(BuildManager.java:1077)
	at org.eclipse.core.runtime.SafeRunner.run(SafeRunner.java:47)
	at org.eclipse.core.internal.events.BuildManager.basicBuild(BuildManager.java:296)
	at org.eclipse.core.internal.events.BuildManager.basicBuild(BuildManager.java:352)
	at org.eclipse.core.internal.events.BuildManager$1.run(BuildManager.java:441)
	at org.eclipse.core.runtime.SafeRunner.run(SafeRunner.java:47)
	at org.eclipse.core.internal.events.BuildManager.basicBuild(BuildManager.java:444)
	at org.eclipse.core.internal.events.BuildManager.basicBuildLoop(BuildManager.java:555)
	at org.eclipse.core.internal.events.BuildManager.basicBuildLoop(BuildManager.java:503)
	at org.eclipse.core.internal.events.BuildManager.build(BuildManager.java:585)
	at org.eclipse.core.internal.events.AutoBuildJob.doBuild(AutoBuildJob.java:207)
	at org.eclipse.core.internal.events.AutoBuildJob.run(AutoBuildJob.java:300)
	at org.eclipse.core.internal.jobs.Worker.run(Worker.java:63)
Caused by: org.apache.maven.model.io.ModelParseException: Duplicated tag: 'dependencyManagement' (position: START_TAG seen ...</dependencies>\n\t<dependencyManagement>... @60:24) 
	at org.apache.maven.model.io.DefaultModelReader.read(DefaultModelReader.java:96)
	at org.apache.maven.model.io.DefaultModelReader.read(DefaultModelReader.java:74)
	at org.eclipse.m2e.core.internal.IMavenToolbox.readModel(IMavenToolbox.java:243)
	... 24 common frames omitted
Caused by: org.codehaus.plexus.util.xml.pull.XmlPullParserException: Duplicated tag: 'dependencyManagement' (position: START_TAG seen ...</dependencies>\n\t<dependencyManagement>... @60:24) 
	at org.apache.maven.model.io.xpp3.MavenXpp3Reader.checkFieldWithDuplicate(MavenXpp3Reader.java:141)
	at org.apache.maven.model.io.xpp3.MavenXpp3Reader.parseModel(MavenXpp3Reader.java:2310)
	at org.apache.maven.model.io.xpp3.MavenXpp3Reader.read(MavenXpp3Reader.java:623)
	at org.apache.maven.model.io.xpp3.MavenXpp3Reader.read(MavenXpp3Reader.java:654)
	at org.apache.maven.model.io.DefaultModelReader.read(DefaultModelReader.java:93)
	... 26 common frames omitted
2025-10-08 20:54:57,370 [Worker-40: Building] INFO  o.e.m.c.i.l.LifecycleMappingFactory - Using org.eclipse.m2e.jdt.JarLifecycleMapping lifecycle mapping for MavenProject: com.irene:service-registry:0.0.1-SNAPSHOT @ C:\Users\irene\eclipse-workspace\E-Comm_Appln\service-registry\pom.xml.
2025-10-08 20:54:59,515 [Worker-40: Building] INFO  o.a.m.s.f.DefaultMavenResourcesFiltering - Copying 1 resource from src\main\resources to target\classes
2025-10-08 20:54:59,538 [Worker-40: Building] INFO  o.a.m.s.f.DefaultMavenResourcesFiltering - Copying 0 resource from src\main\resources to target\classes
2025-10-08 20:54:59,545 [Worker-40: Building] INFO  o.a.m.s.f.DefaultMavenResourcesFiltering - skip non existing resourceDirectory C:\Users\irene\eclipse-workspace\E-Comm_Appln\service-registry\src\test\resources
2025-10-08 20:55:00,934 [Worker-36: Building] INFO  o.a.m.s.f.DefaultMavenResourcesFiltering - Copying 1 resource from src\main\resources to target\classes
2025-10-08 20:55:00,938 [Worker-36: Building] INFO  o.a.m.s.f.DefaultMavenResourcesFiltering - Copying 0 resource from src\main\resources to target\classes
2025-10-08 20:55:00,943 [Worker-36: Building] INFO  o.a.m.s.f.DefaultMavenResourcesFiltering - skip non existing resourceDirectory C:\Users\irene\eclipse-workspace\E-Comm_Appln\service-registry\src\test\resources
2025-10-08 21:05:56,770 [Worker-36: Building] INFO  o.e.m.c.i.l.LifecycleMappingFactory - Using org.eclipse.m2e.jdt.JarLifecycleMapping lifecycle mapping for MavenProject: com.irene:orderService:0.0.1-SNAPSHOT @ C:\Users\irene\eclipse-workspace\E-Comm_Appln\order-service\pom.xml.
2025-10-08 21:05:59,462 [Worker-36: Building] INFO  o.a.m.s.f.DefaultMavenResourcesFiltering - Copying 0 resource from src\main\resources to target\classes
2025-10-08 21:05:59,464 [Worker-36: Building] INFO  o.a.m.s.f.DefaultMavenResourcesFiltering - Copying 0 resource from src\main\resources to target\classes
2025-10-08 21:05:59,470 [Worker-36: Building] INFO  o.a.m.s.f.DefaultMavenResourcesFiltering - skip non existing resourceDirectory C:\Users\irene\eclipse-workspace\E-Comm_Appln\order-service\src\test\resources
2025-10-08 21:06:01,001 [Worker-42: Building] INFO  o.e.m.c.i.l.LifecycleMappingFactory - Using org.eclipse.m2e.jdt.JarLifecycleMapping lifecycle mapping for MavenProject: com.irene:orderService:0.0.1-SNAPSHOT @ C:\Users\irene\eclipse-workspace\E-Comm_Appln\order-service\pom.xml.
2025-10-08 21:06:03,344 [Worker-42: Building] INFO  o.a.m.s.f.DefaultMavenResourcesFiltering - Copying 1 resource from src\main\resources to target\classes
2025-10-08 21:06:03,367 [Worker-42: Building] INFO  o.a.m.s.f.DefaultMavenResourcesFiltering - Copying 0 resource from src\main\resources to target\classes
2025-10-08 21:06:03,373 [Worker-42: Building] INFO  o.a.m.s.f.DefaultMavenResourcesFiltering - skip non existing resourceDirectory C:\Users\irene\eclipse-workspace\E-Comm_Appln\order-service\src\test\resources
2025-10-08 21:06:47,266 [Worker-41: Launching Executing install in C__Users_irene_eclipse-workspace_E-Comm_Appln_order-service] INFO  o.eclipse.m2e.core.internal.Bundles - getClasspathEntries(Bundle=org.eclipse.m2e.maven.runtime_3.9.600.20231203-1234 [638])
2025-10-08 21:06:47,268 [Worker-41: Launching Executing install in C__Users_irene_eclipse-workspace_E-Comm_Appln_order-service] INFO  o.eclipse.m2e.core.internal.Bundles - 	Entry: C:\Users\irene\Downloads\eclipse-jee-2024-03-R-win32-x86_64\eclipse\plugins\org.eclipse.m2e.maven.runtime_3.9.600.20231203-1234
2025-10-08 21:06:47,269 [Worker-41: Launching Executing install in C__Users_irene_eclipse-workspace_E-Comm_Appln_order-service] INFO  o.eclipse.m2e.core.internal.Bundles - 	Entry: C:\Users\irene\Downloads\eclipse-jee-2024-03-R-win32-x86_64\eclipse\plugins\org.eclipse.m2e.maven.runtime_3.9.600.20231203-1234\jars\aopalliance-1.0.jar
2025-10-08 21:06:47,269 [Worker-41: Launching Executing install in C__Users_irene_eclipse-workspace_E-Comm_Appln_order-service] INFO  o.eclipse.m2e.core.internal.Bundles - 	Entry: C:\Users\irene\Downloads\eclipse-jee-2024-03-R-win32-x86_64\eclipse\plugins\org.eclipse.m2e.maven.runtime_3.9.600.20231203-1234\jars\guice-5.1.0.jar
2025-10-08 21:06:47,270 [Worker-41: Launching Executing install in C__Users_irene_eclipse-workspace_E-Comm_Appln_order-service] INFO  o.eclipse.m2e.core.internal.Bundles - 	Entry: C:\Users\irene\Downloads\eclipse-jee-2024-03-R-win32-x86_64\eclipse\plugins\org.eclipse.m2e.maven.runtime_3.9.600.20231203-1234\jars\httpclient-4.5.14.jar
2025-10-08 21:06:47,270 [Worker-41: Launching Executing install in C__Users_irene_eclipse-workspace_E-Comm_Appln_order-service] INFO  o.eclipse.m2e.core.internal.Bundles - 	Entry: C:\Users\irene\Downloads\eclipse-jee-2024-03-R-win32-x86_64\eclipse\plugins\org.eclipse.m2e.maven.runtime_3.9.600.20231203-1234\jars\httpcore-4.4.16.jar
2025-10-08 21:06:47,270 [Worker-41: Launching Executing install in C__Users_irene_eclipse-workspace_E-Comm_Appln_order-service] INFO  o.eclipse.m2e.core.internal.Bundles - 	Entry: C:\Users\irene\Downloads\eclipse-jee-2024-03-R-win32-x86_64\eclipse\plugins\org.eclipse.m2e.maven.runtime_3.9.600.20231203-1234\jars\jansi-2.4.0.jar
2025-10-08 21:06:47,271 [Worker-41: Launching Executing install in C__Users_irene_eclipse-workspace_E-Comm_Appln_order-service] INFO  o.eclipse.m2e.core.internal.Bundles - 	Entry: C:\Users\irene\Downloads\eclipse-jee-2024-03-R-win32-x86_64\eclipse\plugins\org.eclipse.m2e.maven.runtime_3.9.600.20231203-1234\jars\jcl-over-slf4j-1.7.36.jar
2025-10-08 21:06:47,271 [Worker-41: Launching Executing install in C__Users_irene_eclipse-workspace_E-Comm_Appln_order-service] INFO  o.eclipse.m2e.core.internal.Bundles - 	Entry: C:\Users\irene\Downloads\eclipse-jee-2024-03-R-win32-x86_64\eclipse\plugins\org.eclipse.m2e.maven.runtime_3.9.600.20231203-1234\jars\maven-artifact-3.9.6.jar
2025-10-08 21:06:47,272 [Worker-41: Launching Executing install in C__Users_irene_eclipse-workspace_E-Comm_Appln_order-service] INFO  o.eclipse.m2e.core.internal.Bundles - 	Entry: C:\Users\irene\Downloads\eclipse-jee-2024-03-R-win32-x86_64\eclipse\plugins\org.eclipse.m2e.maven.runtime_3.9.600.20231203-1234\jars\maven-builder-support-3.9.6.jar
2025-10-08 21:06:47,272 [Worker-41: Launching Executing install in C__Users_irene_eclipse-workspace_E-Comm_Appln_order-service] INFO  o.eclipse.m2e.core.internal.Bundles - 	Entry: C:\Users\irene\Downloads\eclipse-jee-2024-03-R-win32-x86_64\eclipse\plugins\org.eclipse.m2e.maven.runtime_3.9.600.20231203-1234\jars\maven-compat-3.9.6.jar
2025-10-08 21:06:47,272 [Worker-41: Launching Executing install in C__Users_irene_eclipse-workspace_E-Comm_Appln_order-service] INFO  o.eclipse.m2e.core.internal.Bundles - 	Entry: C:\Users\irene\Downloads\eclipse-jee-2024-03-R-win32-x86_64\eclipse\plugins\org.eclipse.m2e.maven.runtime_3.9.600.20231203-1234\jars\maven-core-3.9.6.jar
2025-10-08 21:06:47,272 [Worker-41: Launching Executing install in C__Users_irene_eclipse-workspace_E-Comm_Appln_order-service] INFO  o.eclipse.m2e.core.internal.Bundles - 	Entry: C:\Users\irene\Downloads\eclipse-jee-2024-03-R-win32-x86_64\eclipse\plugins\org.eclipse.m2e.maven.runtime_3.9.600.20231203-1234\jars\maven-embedder-3.9.6.jar
2025-10-08 21:06:47,273 [Worker-41: Launching Executing install in C__Users_irene_eclipse-workspace_E-Comm_Appln_order-service] INFO  o.eclipse.m2e.core.internal.Bundles - 	Entry: C:\Users\irene\Downloads\eclipse-jee-2024-03-R-win32-x86_64\eclipse\plugins\org.eclipse.m2e.maven.runtime_3.9.600.20231203-1234\jars\maven-model-3.9.6.jar
2025-10-08 21:06:47,273 [Worker-41: Launching Executing install in C__Users_irene_eclipse-workspace_E-Comm_Appln_order-service] INFO  o.eclipse.m2e.core.internal.Bundles - 	Entry: C:\Users\irene\Downloads\eclipse-jee-2024-03-R-win32-x86_64\eclipse\plugins\org.eclipse.m2e.maven.runtime_3.9.600.20231203-1234\jars\maven-model-builder-3.9.6.jar
2025-10-08 21:06:47,274 [Worker-41: Launching Executing install in C__Users_irene_eclipse-workspace_E-Comm_Appln_order-service] INFO  o.eclipse.m2e.core.internal.Bundles - 	Entry: C:\Users\irene\Downloads\eclipse-jee-2024-03-R-win32-x86_64\eclipse\plugins\org.eclipse.m2e.maven.runtime_3.9.600.20231203-1234\jars\maven-plugin-api-3.9.6.jar
2025-10-08 21:06:47,274 [Worker-41: Launching Executing install in C__Users_irene_eclipse-workspace_E-Comm_Appln_order-service] INFO  o.eclipse.m2e.core.internal.Bundles - 	Entry: C:\Users\irene\Downloads\eclipse-jee-2024-03-R-win32-x86_64\eclipse\plugins\org.eclipse.m2e.maven.runtime_3.9.600.20231203-1234\jars\maven-repository-metadata-3.9.6.jar
2025-10-08 21:06:47,274 [Worker-41: Launching Executing install in C__Users_irene_eclipse-workspace_E-Comm_Appln_order-service] INFO  o.eclipse.m2e.core.internal.Bundles - 	Entry: C:\Users\irene\Downloads\eclipse-jee-2024-03-R-win32-x86_64\eclipse\plugins\org.eclipse.m2e.maven.runtime_3.9.600.20231203-1234\jars\maven-resolver-api-1.9.18.jar
2025-10-08 21:06:47,274 [Worker-41: Launching Executing install in C__Users_irene_eclipse-workspace_E-Comm_Appln_order-service] INFO  o.eclipse.m2e.core.internal.Bundles - 	Entry: C:\Users\irene\Downloads\eclipse-jee-2024-03-R-win32-x86_64\eclipse\plugins\org.eclipse.m2e.maven.runtime_3.9.600.20231203-1234\jars\maven-resolver-connector-basic-1.9.18.jar
2025-10-08 21:06:47,275 [Worker-41: Launching Executing install in C__Users_irene_eclipse-workspace_E-Comm_Appln_order-service] INFO  o.eclipse.m2e.core.internal.Bundles - 	Entry: C:\Users\irene\Downloads\eclipse-jee-2024-03-R-win32-x86_64\eclipse\plugins\org.eclipse.m2e.maven.runtime_3.9.600.20231203-1234\jars\maven-resolver-impl-1.9.18.jar
2025-10-08 21:06:47,275 [Worker-41: Launching Executing install in C__Users_irene_eclipse-workspace_E-Comm_Appln_order-service] INFO  o.eclipse.m2e.core.internal.Bundles - 	Entry: C:\Users\irene\Downloads\eclipse-jee-2024-03-R-win32-x86_64\eclipse\plugins\org.eclipse.m2e.maven.runtime_3.9.600.20231203-1234\jars\maven-resolver-named-locks-1.9.18.jar
2025-10-08 21:06:47,275 [Worker-41: Launching Executing install in C__Users_irene_eclipse-workspace_E-Comm_Appln_order-service] INFO  o.eclipse.m2e.core.internal.Bundles - 	Entry: C:\Users\irene\Downloads\eclipse-jee-2024-03-R-win32-x86_64\eclipse\plugins\org.eclipse.m2e.maven.runtime_3.9.600.20231203-1234\jars\maven-resolver-provider-3.9.6.jar
2025-10-08 21:06:47,275 [Worker-41: Launching Executing install in C__Users_irene_eclipse-workspace_E-Comm_Appln_order-service] INFO  o.eclipse.m2e.core.internal.Bundles - 	Entry: C:\Users\irene\Downloads\eclipse-jee-2024-03-R-win32-x86_64\eclipse\plugins\org.eclipse.m2e.maven.runtime_3.9.600.20231203-1234\jars\maven-resolver-spi-1.9.18.jar
2025-10-08 21:06:47,275 [Worker-41: Launching Executing install in C__Users_irene_eclipse-workspace_E-Comm_Appln_order-service] INFO  o.eclipse.m2e.core.internal.Bundles - 	Entry: C:\Users\irene\Downloads\eclipse-jee-2024-03-R-win32-x86_64\eclipse\plugins\org.eclipse.m2e.maven.runtime_3.9.600.20231203-1234\jars\maven-resolver-transport-file-1.9.18.jar
2025-10-08 21:06:47,277 [Worker-41: Launching Executing install in C__Users_irene_eclipse-workspace_E-Comm_Appln_order-service] INFO  o.eclipse.m2e.core.internal.Bundles - 	Entry: C:\Users\irene\Downloads\eclipse-jee-2024-03-R-win32-x86_64\eclipse\plugins\org.eclipse.m2e.maven.runtime_3.9.600.20231203-1234\jars\maven-resolver-transport-http-1.9.18.jar
2025-10-08 21:06:47,277 [Worker-41: Launching Executing install in C__Users_irene_eclipse-workspace_E-Comm_Appln_order-service] INFO  o.eclipse.m2e.core.internal.Bundles - 	Entry: C:\Users\irene\Downloads\eclipse-jee-2024-03-R-win32-x86_64\eclipse\plugins\org.eclipse.m2e.maven.runtime_3.9.600.20231203-1234\jars\maven-resolver-transport-wagon-1.9.18.jar
2025-10-08 21:06:47,277 [Worker-41: Launching Executing install in C__Users_irene_eclipse-workspace_E-Comm_Appln_order-service] INFO  o.eclipse.m2e.core.internal.Bundles - 	Entry: C:\Users\irene\Downloads\eclipse-jee-2024-03-R-win32-x86_64\eclipse\plugins\org.eclipse.m2e.maven.runtime_3.9.600.20231203-1234\jars\maven-resolver-util-1.9.18.jar
2025-10-08 21:06:47,277 [Worker-41: Launching Executing install in C__Users_irene_eclipse-workspace_E-Comm_Appln_order-service] INFO  o.eclipse.m2e.core.internal.Bundles - 	Entry: C:\Users\irene\Downloads\eclipse-jee-2024-03-R-win32-x86_64\eclipse\plugins\org.eclipse.m2e.maven.runtime_3.9.600.20231203-1234\jars\maven-settings-3.9.6.jar
2025-10-08 21:06:47,278 [Worker-41: Launching Executing install in C__Users_irene_eclipse-workspace_E-Comm_Appln_order-service] INFO  o.eclipse.m2e.core.internal.Bundles - 	Entry: C:\Users\irene\Downloads\eclipse-jee-2024-03-R-win32-x86_64\eclipse\plugins\org.eclipse.m2e.maven.runtime_3.9.600.20231203-1234\jars\maven-settings-builder-3.9.6.jar
2025-10-08 21:06:47,278 [Worker-41: Launching Executing install in C__Users_irene_eclipse-workspace_E-Comm_Appln_order-service] INFO  o.eclipse.m2e.core.internal.Bundles - 	Entry: C:\Users\irene\Downloads\eclipse-jee-2024-03-R-win32-x86_64\eclipse\plugins\org.eclipse.m2e.maven.runtime_3.9.600.20231203-1234\jars\maven-shared-utils-3.3.4.jar
2025-10-08 21:06:47,278 [Worker-41: Launching Executing install in C__Users_irene_eclipse-workspace_E-Comm_Appln_order-service] INFO  o.eclipse.m2e.core.internal.Bundles - 	Entry: C:\Users\irene\Downloads\eclipse-jee-2024-03-R-win32-x86_64\eclipse\plugins\org.eclipse.m2e.maven.runtime_3.9.600.20231203-1234\jars\org.eclipse.sisu.inject-0.9.0.M2.jar
2025-10-08 21:06:47,279 [Worker-41: Launching Executing install in C__Users_irene_eclipse-workspace_E-Comm_Appln_order-service] INFO  o.eclipse.m2e.core.internal.Bundles - 	Entry: C:\Users\irene\Downloads\eclipse-jee-2024-03-R-win32-x86_64\eclipse\plugins\org.eclipse.m2e.maven.runtime_3.9.600.20231203-1234\jars\org.eclipse.sisu.plexus-0.9.0.M2.jar
2025-10-08 21:06:47,279 [Worker-41: Launching Executing install in C__Users_irene_eclipse-workspace_E-Comm_Appln_order-service] INFO  o.eclipse.m2e.core.internal.Bundles - 	Entry: C:\Users\irene\Downloads\eclipse-jee-2024-03-R-win32-x86_64\eclipse\plugins\org.eclipse.m2e.maven.runtime_3.9.600.20231203-1234\jars\plexus-build-api-0.0.7.jar
2025-10-08 21:06:47,279 [Worker-41: Launching Executing install in C__Users_irene_eclipse-workspace_E-Comm_Appln_order-service] INFO  o.eclipse.m2e.core.internal.Bundles - 	Entry: C:\Users\irene\Downloads\eclipse-jee-2024-03-R-win32-x86_64\eclipse\plugins\org.eclipse.m2e.maven.runtime_3.9.600.20231203-1234\jars\plexus-cipher-2.0.jar
2025-10-08 21:06:47,279 [Worker-41: Launching Executing install in C__Users_irene_eclipse-workspace_E-Comm_Appln_order-service] INFO  o.eclipse.m2e.core.internal.Bundles - 	Entry: C:\Users\irene\Downloads\eclipse-jee-2024-03-R-win32-x86_64\eclipse\plugins\org.eclipse.m2e.maven.runtime_3.9.600.20231203-1234\jars\plexus-classworlds-2.7.0.jar
2025-10-08 21:06:47,279 [Worker-41: Launching Executing install in C__Users_irene_eclipse-workspace_E-Comm_Appln_order-service] INFO  o.eclipse.m2e.core.internal.Bundles - 	Entry: C:\Users\irene\Downloads\eclipse-jee-2024-03-R-win32-x86_64\eclipse\plugins\org.eclipse.m2e.maven.runtime_3.9.600.20231203-1234\jars\plexus-component-annotations-2.1.0.jar
2025-10-08 21:06:47,280 [Worker-41: Launching Executing install in C__Users_irene_eclipse-workspace_E-Comm_Appln_order-service] INFO  o.eclipse.m2e.core.internal.Bundles - 	Entry: C:\Users\irene\Downloads\eclipse-jee-2024-03-R-win32-x86_64\eclipse\plugins\org.eclipse.m2e.maven.runtime_3.9.600.20231203-1234\jars\plexus-interpolation-1.26.jar
2025-10-08 21:06:47,280 [Worker-41: Launching Executing install in C__Users_irene_eclipse-workspace_E-Comm_Appln_order-service] INFO  o.eclipse.m2e.core.internal.Bundles - 	Entry: C:\Users\irene\Downloads\eclipse-jee-2024-03-R-win32-x86_64\eclipse\plugins\org.eclipse.m2e.maven.runtime_3.9.600.20231203-1234\jars\plexus-sec-dispatcher-2.0.jar
2025-10-08 21:06:47,280 [Worker-41: Launching Executing install in C__Users_irene_eclipse-workspace_E-Comm_Appln_order-service] INFO  o.eclipse.m2e.core.internal.Bundles - 	Entry: C:\Users\irene\Downloads\eclipse-jee-2024-03-R-win32-x86_64\eclipse\plugins\org.eclipse.m2e.maven.runtime_3.9.600.20231203-1234\jars\plexus-utils-3.5.1.jar
2025-10-08 21:06:47,280 [Worker-41: Launching Executing install in C__Users_irene_eclipse-workspace_E-Comm_Appln_order-service] INFO  o.eclipse.m2e.core.internal.Bundles - 	Entry: C:\Users\irene\Downloads\eclipse-jee-2024-03-R-win32-x86_64\eclipse\plugins\org.eclipse.m2e.maven.runtime_3.9.600.20231203-1234\jars\wagon-file-3.5.3.jar
2025-10-08 21:06:47,281 [Worker-41: Launching Executing install in C__Users_irene_eclipse-workspace_E-Comm_Appln_order-service] INFO  o.eclipse.m2e.core.internal.Bundles - 	Entry: C:\Users\irene\Downloads\eclipse-jee-2024-03-R-win32-x86_64\eclipse\plugins\org.eclipse.m2e.maven.runtime_3.9.600.20231203-1234\jars\wagon-http-3.5.3.jar
2025-10-08 21:06:47,281 [Worker-41: Launching Executing install in C__Users_irene_eclipse-workspace_E-Comm_Appln_order-service] INFO  o.eclipse.m2e.core.internal.Bundles - 	Entry: C:\Users\irene\Downloads\eclipse-jee-2024-03-R-win32-x86_64\eclipse\plugins\org.eclipse.m2e.maven.runtime_3.9.600.20231203-1234\jars\wagon-http-shared-3.5.3.jar
2025-10-08 21:06:47,281 [Worker-41: Launching Executing install in C__Users_irene_eclipse-workspace_E-Comm_Appln_order-service] INFO  o.eclipse.m2e.core.internal.Bundles - 	Entry: C:\Users\irene\Downloads\eclipse-jee-2024-03-R-win32-x86_64\eclipse\plugins\org.eclipse.m2e.maven.runtime_3.9.600.20231203-1234\jars\wagon-provider-api-3.5.3.jar
2025-10-08 21:06:47,284 [Worker-41: Launching Executing install in C__Users_irene_eclipse-workspace_E-Comm_Appln_order-service] INFO  o.eclipse.m2e.core.internal.Bundles - getClasspathEntries(Bundle=com.google.guava_33.0.0.jre [14])
2025-10-08 21:06:47,285 [Worker-41: Launching Executing install in C__Users_irene_eclipse-workspace_E-Comm_Appln_order-service] INFO  o.eclipse.m2e.core.internal.Bundles - 	Entry: C:\Users\irene\Downloads\eclipse-jee-2024-03-R-win32-x86_64\eclipse\plugins\com.google.guava_33.0.0.jre.jar
2025-10-08 21:06:47,285 [Worker-41: Launching Executing install in C__Users_irene_eclipse-workspace_E-Comm_Appln_order-service] INFO  o.eclipse.m2e.core.internal.Bundles - getClasspathEntries(Bundle=slf4j.api_2.0.12 [1001])
2025-10-08 21:06:47,286 [Worker-41: Launching Executing install in C__Users_irene_eclipse-workspace_E-Comm_Appln_order-service] INFO  o.eclipse.m2e.core.internal.Bundles - 	Entry: C:\Users\irene\Downloads\eclipse-jee-2024-03-R-win32-x86_64\eclipse\plugins\slf4j.api_2.0.12.jar
2025-10-08 21:06:47,286 [Worker-41: Launching Executing install in C__Users_irene_eclipse-workspace_E-Comm_Appln_order-service] INFO  o.eclipse.m2e.core.internal.Bundles - getClasspathEntries(Bundle=jakarta.inject.jakarta.inject-api_1.0.5 [32])
2025-10-08 21:06:47,287 [Worker-41: Launching Executing install in C__Users_irene_eclipse-workspace_E-Comm_Appln_order-service] INFO  o.eclipse.m2e.core.internal.Bundles - 	Entry: C:\Users\irene\Downloads\eclipse-jee-2024-03-R-win32-x86_64\eclipse\plugins\jakarta.inject.jakarta.inject-api_1.0.5.jar
2025-10-08 21:06:47,287 [Worker-41: Launching Executing install in C__Users_irene_eclipse-workspace_E-Comm_Appln_order-service] INFO  o.eclipse.m2e.core.internal.Bundles - getClasspathEntries(Bundle=jakarta.annotation-api_1.3.5 [27])
2025-10-08 21:06:47,288 [Worker-41: Launching Executing install in C__Users_irene_eclipse-workspace_E-Comm_Appln_order-service] INFO  o.eclipse.m2e.core.internal.Bundles - 	Entry: C:\Users\irene\Downloads\eclipse-jee-2024-03-R-win32-x86_64\eclipse\plugins\jakarta.annotation-api_1.3.5.jar
2025-10-08 21:06:47,288 [Worker-41: Launching Executing install in C__Users_irene_eclipse-workspace_E-Comm_Appln_order-service] INFO  o.eclipse.m2e.core.internal.Bundles - getClasspathEntries(Bundle=org.apache.commons.cli_1.6.0 [75])
2025-10-08 21:06:47,290 [Worker-41: Launching Executing install in C__Users_irene_eclipse-workspace_E-Comm_Appln_order-service] INFO  o.eclipse.m2e.core.internal.Bundles - 	Entry: C:\Users\irene\Downloads\eclipse-jee-2024-03-R-win32-x86_64\eclipse\plugins\org.apache.commons.cli_1.6.0.jar
2025-10-08 21:06:47,290 [Worker-41: Launching Executing install in C__Users_irene_eclipse-workspace_E-Comm_Appln_order-service] INFO  o.eclipse.m2e.core.internal.Bundles - getClasspathEntries(Bundle=org.apache.commons.commons-codec_1.16.0 [78])
2025-10-08 21:06:47,291 [Worker-41: Launching Executing install in C__Users_irene_eclipse-workspace_E-Comm_Appln_order-service] INFO  o.eclipse.m2e.core.internal.Bundles - 	Entry: C:\Users\irene\Downloads\eclipse-jee-2024-03-R-win32-x86_64\eclipse\plugins\org.apache.commons.commons-codec_1.16.0.jar
2025-10-08 21:06:47,291 [Worker-41: Launching Executing install in C__Users_irene_eclipse-workspace_E-Comm_Appln_order-service] INFO  o.eclipse.m2e.core.internal.Bundles - getClasspathEntries(Bundle=org.apache.commons.lang3_3.14.0 [86])
2025-10-08 21:06:47,292 [Worker-41: Launching Executing install in C__Users_irene_eclipse-workspace_E-Comm_Appln_order-service] INFO  o.eclipse.m2e.core.internal.Bundles - 	Entry: C:\Users\irene\Downloads\eclipse-jee-2024-03-R-win32-x86_64\eclipse\plugins\org.apache.commons.lang3_3.14.0.jar
2025-10-08 21:06:47,292 [Worker-41: Launching Executing install in C__Users_irene_eclipse-workspace_E-Comm_Appln_order-service] INFO  o.eclipse.m2e.core.internal.Bundles - getClasspathEntries(Bundle=com.google.guava.failureaccess_1.0.2 [15])
2025-10-08 21:06:47,293 [Worker-41: Launching Executing install in C__Users_irene_eclipse-workspace_E-Comm_Appln_order-service] INFO  o.eclipse.m2e.core.internal.Bundles - 	Entry: C:\Users\irene\Downloads\eclipse-jee-2024-03-R-win32-x86_64\eclipse\plugins\com.google.guava.failureaccess_1.0.2.jar
2025-10-08 21:06:47,299 [Worker-41: Launching Executing install in C__Users_irene_eclipse-workspace_E-Comm_Appln_order-service] INFO  o.e.m.i.launch.MavenLaunchDelegate - Run build in "C:\Users\irene\eclipse-workspace\E-Comm_Appln\order-service":
2025-10-08 21:06:47,304 [Worker-41: Launching Executing install in C__Users_irene_eclipse-workspace_E-Comm_Appln_order-service] INFO  o.e.m.i.launch.MavenLaunchDelegate -  mvn  -B -Dstyle.color=always install
2025-10-08 21:06:47,305 [Worker-41: Launching Executing install in C__Users_irene_eclipse-workspace_E-Comm_Appln_order-service] WARN  o.e.m.i.l.MavenLaunchExtensionsSupport - Unknown or unsupported source locator org.eclipse.jdt.internal.launching.sourcelookup.advanced.AdvancedSourceLookupDirector
2025-10-08 21:07:39,878 [Worker-45: Launching Executing install in C__Users_irene_eclipse-workspace_E-Comm_Appln_service-registry] INFO  o.eclipse.m2e.core.internal.Bundles - getClasspathEntries(Bundle=org.eclipse.m2e.maven.runtime_3.9.600.20231203-1234 [638])
2025-10-08 21:07:39,880 [Worker-45: Launching Executing install in C__Users_irene_eclipse-workspace_E-Comm_Appln_service-registry] INFO  o.eclipse.m2e.core.internal.Bundles - 	Entry: C:\Users\irene\Downloads\eclipse-jee-2024-03-R-win32-x86_64\eclipse\plugins\org.eclipse.m2e.maven.runtime_3.9.600.20231203-1234
2025-10-08 21:07:39,881 [Worker-45: Launching Executing install in C__Users_irene_eclipse-workspace_E-Comm_Appln_service-registry] INFO  o.eclipse.m2e.core.internal.Bundles - 	Entry: C:\Users\irene\Downloads\eclipse-jee-2024-03-R-win32-x86_64\eclipse\plugins\org.eclipse.m2e.maven.runtime_3.9.600.20231203-1234\jars\aopalliance-1.0.jar
2025-10-08 21:07:39,881 [Worker-45: Launching Executing install in C__Users_irene_eclipse-workspace_E-Comm_Appln_service-registry] INFO  o.eclipse.m2e.core.internal.Bundles - 	Entry: C:\Users\irene\Downloads\eclipse-jee-2024-03-R-win32-x86_64\eclipse\plugins\org.eclipse.m2e.maven.runtime_3.9.600.20231203-1234\jars\guice-5.1.0.jar
2025-10-08 21:07:39,881 [Worker-45: Launching Executing install in C__Users_irene_eclipse-workspace_E-Comm_Appln_service-registry] INFO  o.eclipse.m2e.core.internal.Bundles - 	Entry: C:\Users\irene\Downloads\eclipse-jee-2024-03-R-win32-x86_64\eclipse\plugins\org.eclipse.m2e.maven.runtime_3.9.600.20231203-1234\jars\httpclient-4.5.14.jar
2025-10-08 21:07:39,882 [Worker-45: Launching Executing install in C__Users_irene_eclipse-workspace_E-Comm_Appln_service-registry] INFO  o.eclipse.m2e.core.internal.Bundles - 	Entry: C:\Users\irene\Downloads\eclipse-jee-2024-03-R-win32-x86_64\eclipse\plugins\org.eclipse.m2e.maven.runtime_3.9.600.20231203-1234\jars\httpcore-4.4.16.jar
2025-10-08 21:07:39,882 [Worker-45: Launching Executing install in C__Users_irene_eclipse-workspace_E-Comm_Appln_service-registry] INFO  o.eclipse.m2e.core.internal.Bundles - 	Entry: C:\Users\irene\Downloads\eclipse-jee-2024-03-R-win32-x86_64\eclipse\plugins\org.eclipse.m2e.maven.runtime_3.9.600.20231203-1234\jars\jansi-2.4.0.jar
2025-10-08 21:07:39,882 [Worker-45: Launching Executing install in C__Users_irene_eclipse-workspace_E-Comm_Appln_service-registry] INFO  o.eclipse.m2e.core.internal.Bundles - 	Entry: C:\Users\irene\Downloads\eclipse-jee-2024-03-R-win32-x86_64\eclipse\plugins\org.eclipse.m2e.maven.runtime_3.9.600.20231203-1234\jars\jcl-over-slf4j-1.7.36.jar
2025-10-08 21:07:39,883 [Worker-45: Launching Executing install in C__Users_irene_eclipse-workspace_E-Comm_Appln_service-registry] INFO  o.eclipse.m2e.core.internal.Bundles - 	Entry: C:\Users\irene\Downloads\eclipse-jee-2024-03-R-win32-x86_64\eclipse\plugins\org.eclipse.m2e.maven.runtime_3.9.600.20231203-1234\jars\maven-artifact-3.9.6.jar
2025-10-08 21:07:39,883 [Worker-45: Launching Executing install in C__Users_irene_eclipse-workspace_E-Comm_Appln_service-registry] INFO  o.eclipse.m2e.core.internal.Bundles - 	Entry: C:\Users\irene\Downloads\eclipse-jee-2024-03-R-win32-x86_64\eclipse\plugins\org.eclipse.m2e.maven.runtime_3.9.600.20231203-1234\jars\maven-builder-support-3.9.6.jar
2025-10-08 21:07:39,883 [Worker-45: Launching Executing install in C__Users_irene_eclipse-workspace_E-Comm_Appln_service-registry] INFO  o.eclipse.m2e.core.internal.Bundles - 	Entry: C:\Users\irene\Downloads\eclipse-jee-2024-03-R-win32-x86_64\eclipse\plugins\org.eclipse.m2e.maven.runtime_3.9.600.20231203-1234\jars\maven-compat-3.9.6.jar
2025-10-08 21:07:39,883 [Worker-45: Launching Executing install in C__Users_irene_eclipse-workspace_E-Comm_Appln_service-registry] INFO  o.eclipse.m2e.core.internal.Bundles - 	Entry: C:\Users\irene\Downloads\eclipse-jee-2024-03-R-win32-x86_64\eclipse\plugins\org.eclipse.m2e.maven.runtime_3.9.600.20231203-1234\jars\maven-core-3.9.6.jar
2025-10-08 21:07:39,883 [Worker-45: Launching Executing install in C__Users_irene_eclipse-workspace_E-Comm_Appln_service-registry] INFO  o.eclipse.m2e.core.internal.Bundles - 	Entry: C:\Users\irene\Downloads\eclipse-jee-2024-03-R-win32-x86_64\eclipse\plugins\org.eclipse.m2e.maven.runtime_3.9.600.20231203-1234\jars\maven-embedder-3.9.6.jar
2025-10-08 21:07:39,885 [Worker-45: Launching Executing install in C__Users_irene_eclipse-workspace_E-Comm_Appln_service-registry] INFO  o.eclipse.m2e.core.internal.Bundles - 	Entry: C:\Users\irene\Downloads\eclipse-jee-2024-03-R-win32-x86_64\eclipse\plugins\org.eclipse.m2e.maven.runtime_3.9.600.20231203-1234\jars\maven-model-3.9.6.jar
2025-10-08 21:07:39,885 [Worker-45: Launching Executing install in C__Users_irene_eclipse-workspace_E-Comm_Appln_service-registry] INFO  o.eclipse.m2e.core.internal.Bundles - 	Entry: C:\Users\irene\Downloads\eclipse-jee-2024-03-R-win32-x86_64\eclipse\plugins\org.eclipse.m2e.maven.runtime_3.9.600.20231203-1234\jars\maven-model-builder-3.9.6.jar
2025-10-08 21:07:39,886 [Worker-45: Launching Executing install in C__Users_irene_eclipse-workspace_E-Comm_Appln_service-registry] INFO  o.eclipse.m2e.core.internal.Bundles - 	Entry: C:\Users\irene\Downloads\eclipse-jee-2024-03-R-win32-x86_64\eclipse\plugins\org.eclipse.m2e.maven.runtime_3.9.600.20231203-1234\jars\maven-plugin-api-3.9.6.jar
2025-10-08 21:07:39,886 [Worker-45: Launching Executing install in C__Users_irene_eclipse-workspace_E-Comm_Appln_service-registry] INFO  o.eclipse.m2e.core.internal.Bundles - 	Entry: C:\Users\irene\Downloads\eclipse-jee-2024-03-R-win32-x86_64\eclipse\plugins\org.eclipse.m2e.maven.runtime_3.9.600.20231203-1234\jars\maven-repository-metadata-3.9.6.jar
2025-10-08 21:07:39,887 [Worker-45: Launching Executing install in C__Users_irene_eclipse-workspace_E-Comm_Appln_service-registry] INFO  o.eclipse.m2e.core.internal.Bundles - 	Entry: C:\Users\irene\Downloads\eclipse-jee-2024-03-R-win32-x86_64\eclipse\plugins\org.eclipse.m2e.maven.runtime_3.9.600.20231203-1234\jars\maven-resolver-api-1.9.18.jar
2025-10-08 21:07:39,887 [Worker-45: Launching Executing install in C__Users_irene_eclipse-workspace_E-Comm_Appln_service-registry] INFO  o.eclipse.m2e.core.internal.Bundles - 	Entry: C:\Users\irene\Downloads\eclipse-jee-2024-03-R-win32-x86_64\eclipse\plugins\org.eclipse.m2e.maven.runtime_3.9.600.20231203-1234\jars\maven-resolver-connector-basic-1.9.18.jar
2025-10-08 21:07:39,888 [Worker-45: Launching Executing install in C__Users_irene_eclipse-workspace_E-Comm_Appln_service-registry] INFO  o.eclipse.m2e.core.internal.Bundles - 	Entry: C:\Users\irene\Downloads\eclipse-jee-2024-03-R-win32-x86_64\eclipse\plugins\org.eclipse.m2e.maven.runtime_3.9.600.20231203-1234\jars\maven-resolver-impl-1.9.18.jar
2025-10-08 21:07:39,888 [Worker-45: Launching Executing install in C__Users_irene_eclipse-workspace_E-Comm_Appln_service-registry] INFO  o.eclipse.m2e.core.internal.Bundles - 	Entry: C:\Users\irene\Downloads\eclipse-jee-2024-03-R-win32-x86_64\eclipse\plugins\org.eclipse.m2e.maven.runtime_3.9.600.20231203-1234\jars\maven-resolver-named-locks-1.9.18.jar
2025-10-08 21:07:39,888 [Worker-45: Launching Executing install in C__Users_irene_eclipse-workspace_E-Comm_Appln_service-registry] INFO  o.eclipse.m2e.core.internal.Bundles - 	Entry: C:\Users\irene\Downloads\eclipse-jee-2024-03-R-win32-x86_64\eclipse\plugins\org.eclipse.m2e.maven.runtime_3.9.600.20231203-1234\jars\maven-resolver-provider-3.9.6.jar
2025-10-08 21:07:39,889 [Worker-45: Launching Executing install in C__Users_irene_eclipse-workspace_E-Comm_Appln_service-registry] INFO  o.eclipse.m2e.core.internal.Bundles - 	Entry: C:\Users\irene\Downloads\eclipse-jee-2024-03-R-win32-x86_64\eclipse\plugins\org.eclipse.m2e.maven.runtime_3.9.600.20231203-1234\jars\maven-resolver-spi-1.9.18.jar
2025-10-08 21:07:39,889 [Worker-45: Launching Executing install in C__Users_irene_eclipse-workspace_E-Comm_Appln_service-registry] INFO  o.eclipse.m2e.core.internal.Bundles - 	Entry: C:\Users\irene\Downloads\eclipse-jee-2024-03-R-win32-x86_64\eclipse\plugins\org.eclipse.m2e.maven.runtime_3.9.600.20231203-1234\jars\maven-resolver-transport-file-1.9.18.jar
2025-10-08 21:07:39,890 [Worker-45: Launching Executing install in C__Users_irene_eclipse-workspace_E-Comm_Appln_service-registry] INFO  o.eclipse.m2e.core.internal.Bundles - 	Entry: C:\Users\irene\Downloads\eclipse-jee-2024-03-R-win32-x86_64\eclipse\plugins\org.eclipse.m2e.maven.runtime_3.9.600.20231203-1234\jars\maven-resolver-transport-http-1.9.18.jar
2025-10-08 21:07:39,891 [Worker-45: Launching Executing install in C__Users_irene_eclipse-workspace_E-Comm_Appln_service-registry] INFO  o.eclipse.m2e.core.internal.Bundles - 	Entry: C:\Users\irene\Downloads\eclipse-jee-2024-03-R-win32-x86_64\eclipse\plugins\org.eclipse.m2e.maven.runtime_3.9.600.20231203-1234\jars\maven-resolver-transport-wagon-1.9.18.jar
2025-10-08 21:07:39,891 [Worker-45: Launching Executing install in C__Users_irene_eclipse-workspace_E-Comm_Appln_service-registry] INFO  o.eclipse.m2e.core.internal.Bundles - 	Entry: C:\Users\irene\Downloads\eclipse-jee-2024-03-R-win32-x86_64\eclipse\plugins\org.eclipse.m2e.maven.runtime_3.9.600.20231203-1234\jars\maven-resolver-util-1.9.18.jar
2025-10-08 21:07:39,892 [Worker-45: Launching Executing install in C__Users_irene_eclipse-workspace_E-Comm_Appln_service-registry] INFO  o.eclipse.m2e.core.internal.Bundles - 	Entry: C:\Users\irene\Downloads\eclipse-jee-2024-03-R-win32-x86_64\eclipse\plugins\org.eclipse.m2e.maven.runtime_3.9.600.20231203-1234\jars\maven-settings-3.9.6.jar
2025-10-08 21:07:39,892 [Worker-45: Launching Executing install in C__Users_irene_eclipse-workspace_E-Comm_Appln_service-registry] INFO  o.eclipse.m2e.core.internal.Bundles - 	Entry: C:\Users\irene\Downloads\eclipse-jee-2024-03-R-win32-x86_64\eclipse\plugins\org.eclipse.m2e.maven.runtime_3.9.600.20231203-1234\jars\maven-settings-builder-3.9.6.jar
2025-10-08 21:07:39,893 [Worker-45: Launching Executing install in C__Users_irene_eclipse-workspace_E-Comm_Appln_service-registry] INFO  o.eclipse.m2e.core.internal.Bundles - 	Entry: C:\Users\irene\Downloads\eclipse-jee-2024-03-R-win32-x86_64\eclipse\plugins\org.eclipse.m2e.maven.runtime_3.9.600.20231203-1234\jars\maven-shared-utils-3.3.4.jar
2025-10-08 21:07:39,894 [Worker-45: Launching Executing install in C__Users_irene_eclipse-workspace_E-Comm_Appln_service-registry] INFO  o.eclipse.m2e.core.internal.Bundles - 	Entry: C:\Users\irene\Downloads\eclipse-jee-2024-03-R-win32-x86_64\eclipse\plugins\org.eclipse.m2e.maven.runtime_3.9.600.20231203-1234\jars\org.eclipse.sisu.inject-0.9.0.M2.jar
2025-10-08 21:07:39,895 [Worker-45: Launching Executing install in C__Users_irene_eclipse-workspace_E-Comm_Appln_service-registry] INFO  o.eclipse.m2e.core.internal.Bundles - 	Entry: C:\Users\irene\Downloads\eclipse-jee-2024-03-R-win32-x86_64\eclipse\plugins\org.eclipse.m2e.maven.runtime_3.9.600.20231203-1234\jars\org.eclipse.sisu.plexus-0.9.0.M2.jar
2025-10-08 21:07:39,895 [Worker-45: Launching Executing install in C__Users_irene_eclipse-workspace_E-Comm_Appln_service-registry] INFO  o.eclipse.m2e.core.internal.Bundles - 	Entry: C:\Users\irene\Downloads\eclipse-jee-2024-03-R-win32-x86_64\eclipse\plugins\org.eclipse.m2e.maven.runtime_3.9.600.20231203-1234\jars\plexus-build-api-0.0.7.jar
2025-10-08 21:07:39,896 [Worker-45: Launching Executing install in C__Users_irene_eclipse-workspace_E-Comm_Appln_service-registry] INFO  o.eclipse.m2e.core.internal.Bundles - 	Entry: C:\Users\irene\Downloads\eclipse-jee-2024-03-R-win32-x86_64\eclipse\plugins\org.eclipse.m2e.maven.runtime_3.9.600.20231203-1234\jars\plexus-cipher-2.0.jar
2025-10-08 21:07:39,896 [Worker-45: Launching Executing install in C__Users_irene_eclipse-workspace_E-Comm_Appln_service-registry] INFO  o.eclipse.m2e.core.internal.Bundles - 	Entry: C:\Users\irene\Downloads\eclipse-jee-2024-03-R-win32-x86_64\eclipse\plugins\org.eclipse.m2e.maven.runtime_3.9.600.20231203-1234\jars\plexus-classworlds-2.7.0.jar
2025-10-08 21:07:39,897 [Worker-45: Launching Executing install in C__Users_irene_eclipse-workspace_E-Comm_Appln_service-registry] INFO  o.eclipse.m2e.core.internal.Bundles - 	Entry: C:\Users\irene\Downloads\eclipse-jee-2024-03-R-win32-x86_64\eclipse\plugins\org.eclipse.m2e.maven.runtime_3.9.600.20231203-1234\jars\plexus-component-annotations-2.1.0.jar
2025-10-08 21:07:39,897 [Worker-45: Launching Executing install in C__Users_irene_eclipse-workspace_E-Comm_Appln_service-registry] INFO  o.eclipse.m2e.core.internal.Bundles - 	Entry: C:\Users\irene\Downloads\eclipse-jee-2024-03-R-win32-x86_64\eclipse\plugins\org.eclipse.m2e.maven.runtime_3.9.600.20231203-1234\jars\plexus-interpolation-1.26.jar
2025-10-08 21:07:39,897 [Worker-45: Launching Executing install in C__Users_irene_eclipse-workspace_E-Comm_Appln_service-registry] INFO  o.eclipse.m2e.core.internal.Bundles - 	Entry: C:\Users\irene\Downloads\eclipse-jee-2024-03-R-win32-x86_64\eclipse\plugins\org.eclipse.m2e.maven.runtime_3.9.600.20231203-1234\jars\plexus-sec-dispatcher-2.0.jar
2025-10-08 21:07:39,898 [Worker-45: Launching Executing install in C__Users_irene_eclipse-workspace_E-Comm_Appln_service-registry] INFO  o.eclipse.m2e.core.internal.Bundles - 	Entry: C:\Users\irene\Downloads\eclipse-jee-2024-03-R-win32-x86_64\eclipse\plugins\org.eclipse.m2e.maven.runtime_3.9.600.20231203-1234\jars\plexus-utils-3.5.1.jar
2025-10-08 21:07:39,898 [Worker-45: Launching Executing install in C__Users_irene_eclipse-workspace_E-Comm_Appln_service-registry] INFO  o.eclipse.m2e.core.internal.Bundles - 	Entry: C:\Users\irene\Downloads\eclipse-jee-2024-03-R-win32-x86_64\eclipse\plugins\org.eclipse.m2e.maven.runtime_3.9.600.20231203-1234\jars\wagon-file-3.5.3.jar
2025-10-08 21:07:39,899 [Worker-45: Launching Executing install in C__Users_irene_eclipse-workspace_E-Comm_Appln_service-registry] INFO  o.eclipse.m2e.core.internal.Bundles - 	Entry: C:\Users\irene\Downloads\eclipse-jee-2024-03-R-win32-x86_64\eclipse\plugins\org.eclipse.m2e.maven.runtime_3.9.600.20231203-1234\jars\wagon-http-3.5.3.jar
2025-10-08 21:07:39,899 [Worker-45: Launching Executing install in C__Users_irene_eclipse-workspace_E-Comm_Appln_service-registry] INFO  o.eclipse.m2e.core.internal.Bundles - 	Entry: C:\Users\irene\Downloads\eclipse-jee-2024-03-R-win32-x86_64\eclipse\plugins\org.eclipse.m2e.maven.runtime_3.9.600.20231203-1234\jars\wagon-http-shared-3.5.3.jar
2025-10-08 21:07:39,900 [Worker-45: Launching Executing install in C__Users_irene_eclipse-workspace_E-Comm_Appln_service-registry] INFO  o.eclipse.m2e.core.internal.Bundles - 	Entry: C:\Users\irene\Downloads\eclipse-jee-2024-03-R-win32-x86_64\eclipse\plugins\org.eclipse.m2e.maven.runtime_3.9.600.20231203-1234\jars\wagon-provider-api-3.5.3.jar
2025-10-08 21:07:39,901 [Worker-45: Launching Executing install in C__Users_irene_eclipse-workspace_E-Comm_Appln_service-registry] INFO  o.eclipse.m2e.core.internal.Bundles - getClasspathEntries(Bundle=com.google.guava_33.0.0.jre [14])
2025-10-08 21:07:39,902 [Worker-45: Launching Executing install in C__Users_irene_eclipse-workspace_E-Comm_Appln_service-registry] INFO  o.eclipse.m2e.core.internal.Bundles - 	Entry: C:\Users\irene\Downloads\eclipse-jee-2024-03-R-win32-x86_64\eclipse\plugins\com.google.guava_33.0.0.jre.jar
2025-10-08 21:07:39,902 [Worker-45: Launching Executing install in C__Users_irene_eclipse-workspace_E-Comm_Appln_service-registry] INFO  o.eclipse.m2e.core.internal.Bundles - getClasspathEntries(Bundle=slf4j.api_2.0.12 [1001])
2025-10-08 21:07:39,903 [Worker-45: Launching Executing install in C__Users_irene_eclipse-workspace_E-Comm_Appln_service-registry] INFO  o.eclipse.m2e.core.internal.Bundles - 	Entry: C:\Users\irene\Downloads\eclipse-jee-2024-03-R-win32-x86_64\eclipse\plugins\slf4j.api_2.0.12.jar
2025-10-08 21:07:39,903 [Worker-45: Launching Executing install in C__Users_irene_eclipse-workspace_E-Comm_Appln_service-registry] INFO  o.eclipse.m2e.core.internal.Bundles - getClasspathEntries(Bundle=jakarta.inject.jakarta.inject-api_1.0.5 [32])
2025-10-08 21:07:39,904 [Worker-45: Launching Executing install in C__Users_irene_eclipse-workspace_E-Comm_Appln_service-registry] INFO  o.eclipse.m2e.core.internal.Bundles - 	Entry: C:\Users\irene\Downloads\eclipse-jee-2024-03-R-win32-x86_64\eclipse\plugins\jakarta.inject.jakarta.inject-api_1.0.5.jar
2025-10-08 21:07:39,904 [Worker-45: Launching Executing install in C__Users_irene_eclipse-workspace_E-Comm_Appln_service-registry] INFO  o.eclipse.m2e.core.internal.Bundles - getClasspathEntries(Bundle=jakarta.annotation-api_1.3.5 [27])
2025-10-08 21:07:39,905 [Worker-45: Launching Executing install in C__Users_irene_eclipse-workspace_E-Comm_Appln_service-registry] INFO  o.eclipse.m2e.core.internal.Bundles - 	Entry: C:\Users\irene\Downloads\eclipse-jee-2024-03-R-win32-x86_64\eclipse\plugins\jakarta.annotation-api_1.3.5.jar
2025-10-08 21:07:39,905 [Worker-45: Launching Executing install in C__Users_irene_eclipse-workspace_E-Comm_Appln_service-registry] INFO  o.eclipse.m2e.core.internal.Bundles - getClasspathEntries(Bundle=org.apache.commons.cli_1.6.0 [75])
2025-10-08 21:07:39,906 [Worker-45: Launching Executing install in C__Users_irene_eclipse-workspace_E-Comm_Appln_service-registry] INFO  o.eclipse.m2e.core.internal.Bundles - 	Entry: C:\Users\irene\Downloads\eclipse-jee-2024-03-R-win32-x86_64\eclipse\plugins\org.apache.commons.cli_1.6.0.jar
2025-10-08 21:07:39,906 [Worker-45: Launching Executing install in C__Users_irene_eclipse-workspace_E-Comm_Appln_service-registry] INFO  o.eclipse.m2e.core.internal.Bundles - getClasspathEntries(Bundle=org.apache.commons.commons-codec_1.16.0 [78])
2025-10-08 21:07:39,906 [Worker-45: Launching Executing install in C__Users_irene_eclipse-workspace_E-Comm_Appln_service-registry] INFO  o.eclipse.m2e.core.internal.Bundles - 	Entry: C:\Users\irene\Downloads\eclipse-jee-2024-03-R-win32-x86_64\eclipse\plugins\org.apache.commons.commons-codec_1.16.0.jar
2025-10-08 21:07:39,906 [Worker-45: Launching Executing install in C__Users_irene_eclipse-workspace_E-Comm_Appln_service-registry] INFO  o.eclipse.m2e.core.internal.Bundles - getClasspathEntries(Bundle=org.apache.commons.lang3_3.14.0 [86])
2025-10-08 21:07:39,907 [Worker-45: Launching Executing install in C__Users_irene_eclipse-workspace_E-Comm_Appln_service-registry] INFO  o.eclipse.m2e.core.internal.Bundles - 	Entry: C:\Users\irene\Downloads\eclipse-jee-2024-03-R-win32-x86_64\eclipse\plugins\org.apache.commons.lang3_3.14.0.jar
2025-10-08 21:07:39,907 [Worker-45: Launching Executing install in C__Users_irene_eclipse-workspace_E-Comm_Appln_service-registry] INFO  o.eclipse.m2e.core.internal.Bundles - getClasspathEntries(Bundle=com.google.guava.failureaccess_1.0.2 [15])
2025-10-08 21:07:39,908 [Worker-45: Launching Executing install in C__Users_irene_eclipse-workspace_E-Comm_Appln_service-registry] INFO  o.eclipse.m2e.core.internal.Bundles - 	Entry: C:\Users\irene\Downloads\eclipse-jee-2024-03-R-win32-x86_64\eclipse\plugins\com.google.guava.failureaccess_1.0.2.jar
2025-10-08 21:07:39,910 [Worker-45: Launching Executing install in C__Users_irene_eclipse-workspace_E-Comm_Appln_service-registry] INFO  o.e.m.i.launch.MavenLaunchDelegate - Run build in "C:\Users\irene\eclipse-workspace\E-Comm_Appln\service-registry":
2025-10-08 21:07:39,911 [Worker-45: Launching Executing install in C__Users_irene_eclipse-workspace_E-Comm_Appln_service-registry] INFO  o.e.m.i.launch.MavenLaunchDelegate -  mvn  -B -Dstyle.color=always install
2025-10-08 21:10:00,163 [Worker-43: Updating Maven Project] INFO  o.e.m.c.i.p.ProjectConfigurationManager - Update started
2025-10-08 21:10:01,282 [Worker-43: Updating Maven Project] INFO  o.e.m.c.i.l.LifecycleMappingFactory - Using org.eclipse.m2e.jdt.JarLifecycleMapping lifecycle mapping for MavenProject: com.irene:orderService:0.0.1-SNAPSHOT @ C:\Users\irene\eclipse-workspace\E-Comm_Appln\order-service\pom.xml.
2025-10-08 21:10:02,617 [Worker-43: Updating Maven Project] INFO  o.e.m.c.i.l.LifecycleMappingFactory - Using org.eclipse.m2e.jdt.JarLifecycleMapping lifecycle mapping for MavenProject: com.irene:service-registry:0.0.1-SNAPSHOT @ C:\Users\irene\eclipse-workspace\E-Comm_Appln\service-registry\pom.xml.
2025-10-08 21:10:04,852 [Worker-43: Updating Maven Project] INFO  o.e.m.j.i.AbstractJavaProjectConfigurator - Adding source folder /order-service/src/main/java
2025-10-08 21:10:04,856 [Worker-43: Updating Maven Project] INFO  o.e.m.j.i.AbstractJavaProjectConfigurator - Adding resource folder /order-service/src/main/resources
2025-10-08 21:10:04,859 [Worker-43: Updating Maven Project] INFO  o.e.m.j.i.AbstractJavaProjectConfigurator - Adding resource folder /order-service/src/main/resources
2025-10-08 21:10:04,860 [Worker-43: Updating Maven Project] INFO  o.e.m.j.i.AbstractJavaProjectConfigurator - Adding source folder /order-service/src/test/java
2025-10-08 21:10:04,862 [Worker-43: Updating Maven Project] INFO  o.e.m.j.i.AbstractJavaProjectConfigurator - Adding resource folder /order-service/src/test/resources
2025-10-08 21:10:05,965 [Worker-43: Updating Maven Project] INFO  o.e.m.j.i.AbstractJavaProjectConfigurator - Adding source folder /service-registry/src/main/java
2025-10-08 21:10:05,967 [Worker-43: Updating Maven Project] INFO  o.e.m.j.i.AbstractJavaProjectConfigurator - Adding resource folder /service-registry/src/main/resources
2025-10-08 21:10:05,968 [Worker-43: Updating Maven Project] INFO  o.e.m.j.i.AbstractJavaProjectConfigurator - Adding resource folder /service-registry/src/main/resources
2025-10-08 21:10:05,968 [Worker-43: Updating Maven Project] INFO  o.e.m.j.i.AbstractJavaProjectConfigurator - Adding source folder /service-registry/src/test/java
2025-10-08 21:10:05,970 [Worker-43: Updating Maven Project] INFO  o.e.m.j.i.AbstractJavaProjectConfigurator - Adding resource folder /service-registry/src/test/resources
2025-10-08 21:10:07,016 [Worker-43: Updating Maven Project] INFO  o.e.m.c.i.p.ProjectConfigurationManager - Update completed for 2 poms: local refresh takes 0.00 sec, refresh facades takes 4.00 sec, update config takes 2.00 sec 
2025-10-08 21:10:07,553 [Worker-48: Building] INFO  o.a.m.s.f.DefaultMavenResourcesFiltering - Copying 1 resource from src\main\resources to target\classes
2025-10-08 21:10:07,577 [Worker-48: Building] INFO  o.a.m.s.f.DefaultMavenResourcesFiltering - Copying 0 resource from src\main\resources to target\classes
2025-10-08 21:10:07,583 [Worker-48: Building] INFO  o.a.m.s.f.DefaultMavenResourcesFiltering - skip non existing resourceDirectory C:\Users\irene\eclipse-workspace\E-Comm_Appln\order-service\src\test\resources
2025-10-08 21:10:07,931 [Worker-48: Building] INFO  o.a.m.s.f.DefaultMavenResourcesFiltering - Copying 1 resource from src\main\resources to target\classes
2025-10-08 21:10:07,952 [Worker-48: Building] INFO  o.a.m.s.f.DefaultMavenResourcesFiltering - Copying 0 resource from src\main\resources to target\classes
2025-10-08 21:10:07,958 [Worker-48: Building] INFO  o.a.m.s.f.DefaultMavenResourcesFiltering - skip non existing resourceDirectory C:\Users\irene\eclipse-workspace\E-Comm_Appln\service-registry\src\test\resources
2025-10-08 21:15:37,243 [Worker-53: Building] INFO  o.e.m.c.i.l.LifecycleMappingFactory - Using org.eclipse.m2e.jdt.JarLifecycleMapping lifecycle mapping for MavenProject: com.irene:productService:0.0.1-SNAPSHOT @ C:\Users\irene\eclipse-workspace\E-Comm_Appln\product-service\pom.xml.
2025-10-08 21:15:39,574 [Worker-53: Building] INFO  o.a.m.s.f.DefaultMavenResourcesFiltering - Copying 1 resource from src\main\resources to target\classes
2025-10-08 21:15:39,591 [Worker-53: Building] INFO  o.a.m.s.f.DefaultMavenResourcesFiltering - Copying 0 resource from src\main\resources to target\classes
2025-10-08 21:15:39,597 [Worker-53: Building] INFO  o.a.m.s.f.DefaultMavenResourcesFiltering - skip non existing resourceDirectory C:\Users\irene\eclipse-workspace\E-Comm_Appln\product-service\src\test\resources
2025-10-08 21:15:40,158 [Worker-47: Building] INFO  o.a.m.s.f.DefaultMavenResourcesFiltering - Copying 1 resource from src\main\resources to target\classes
2025-10-08 21:15:40,168 [Worker-47: Building] INFO  o.a.m.s.f.DefaultMavenResourcesFiltering - Copying 0 resource from src\main\resources to target\classes
2025-10-08 21:15:40,171 [Worker-47: Building] INFO  o.a.m.s.f.DefaultMavenResourcesFiltering - skip non existing resourceDirectory C:\Users\irene\eclipse-workspace\E-Comm_Appln\product-service\src\test\resources
2025-10-08 21:15:52,498 [Worker-47: Launching Executing install in C__Users_irene_eclipse-workspace_E-Comm_Appln_product-service] INFO  o.eclipse.m2e.core.internal.Bundles - getClasspathEntries(Bundle=org.eclipse.m2e.maven.runtime_3.9.600.20231203-1234 [638])
2025-10-08 21:15:52,500 [Worker-47: Launching Executing install in C__Users_irene_eclipse-workspace_E-Comm_Appln_product-service] INFO  o.eclipse.m2e.core.internal.Bundles - 	Entry: C:\Users\irene\Downloads\eclipse-jee-2024-03-R-win32-x86_64\eclipse\plugins\org.eclipse.m2e.maven.runtime_3.9.600.20231203-1234
2025-10-08 21:15:52,500 [Worker-47: Launching Executing install in C__Users_irene_eclipse-workspace_E-Comm_Appln_product-service] INFO  o.eclipse.m2e.core.internal.Bundles - 	Entry: C:\Users\irene\Downloads\eclipse-jee-2024-03-R-win32-x86_64\eclipse\plugins\org.eclipse.m2e.maven.runtime_3.9.600.20231203-1234\jars\aopalliance-1.0.jar
2025-10-08 21:15:52,500 [Worker-47: Launching Executing install in C__Users_irene_eclipse-workspace_E-Comm_Appln_product-service] INFO  o.eclipse.m2e.core.internal.Bundles - 	Entry: C:\Users\irene\Downloads\eclipse-jee-2024-03-R-win32-x86_64\eclipse\plugins\org.eclipse.m2e.maven.runtime_3.9.600.20231203-1234\jars\guice-5.1.0.jar
2025-10-08 21:15:52,500 [Worker-47: Launching Executing install in C__Users_irene_eclipse-workspace_E-Comm_Appln_product-service] INFO  o.eclipse.m2e.core.internal.Bundles - 	Entry: C:\Users\irene\Downloads\eclipse-jee-2024-03-R-win32-x86_64\eclipse\plugins\org.eclipse.m2e.maven.runtime_3.9.600.20231203-1234\jars\httpclient-4.5.14.jar
2025-10-08 21:15:52,500 [Worker-47: Launching Executing install in C__Users_irene_eclipse-workspace_E-Comm_Appln_product-service] INFO  o.eclipse.m2e.core.internal.Bundles - 	Entry: C:\Users\irene\Downloads\eclipse-jee-2024-03-R-win32-x86_64\eclipse\plugins\org.eclipse.m2e.maven.runtime_3.9.600.20231203-1234\jars\httpcore-4.4.16.jar
2025-10-08 21:15:52,501 [Worker-47: Launching Executing install in C__Users_irene_eclipse-workspace_E-Comm_Appln_product-service] INFO  o.eclipse.m2e.core.internal.Bundles - 	Entry: C:\Users\irene\Downloads\eclipse-jee-2024-03-R-win32-x86_64\eclipse\plugins\org.eclipse.m2e.maven.runtime_3.9.600.20231203-1234\jars\jansi-2.4.0.jar
2025-10-08 21:15:52,501 [Worker-47: Launching Executing install in C__Users_irene_eclipse-workspace_E-Comm_Appln_product-service] INFO  o.eclipse.m2e.core.internal.Bundles - 	Entry: C:\Users\irene\Downloads\eclipse-jee-2024-03-R-win32-x86_64\eclipse\plugins\org.eclipse.m2e.maven.runtime_3.9.600.20231203-1234\jars\jcl-over-slf4j-1.7.36.jar
2025-10-08 21:15:52,501 [Worker-47: Launching Executing install in C__Users_irene_eclipse-workspace_E-Comm_Appln_product-service] INFO  o.eclipse.m2e.core.internal.Bundles - 	Entry: C:\Users\irene\Downloads\eclipse-jee-2024-03-R-win32-x86_64\eclipse\plugins\org.eclipse.m2e.maven.runtime_3.9.600.20231203-1234\jars\maven-artifact-3.9.6.jar
2025-10-08 21:15:52,501 [Worker-47: Launching Executing install in C__Users_irene_eclipse-workspace_E-Comm_Appln_product-service] INFO  o.eclipse.m2e.core.internal.Bundles - 	Entry: C:\Users\irene\Downloads\eclipse-jee-2024-03-R-win32-x86_64\eclipse\plugins\org.eclipse.m2e.maven.runtime_3.9.600.20231203-1234\jars\maven-builder-support-3.9.6.jar
2025-10-08 21:15:52,501 [Worker-47: Launching Executing install in C__Users_irene_eclipse-workspace_E-Comm_Appln_product-service] INFO  o.eclipse.m2e.core.internal.Bundles - 	Entry: C:\Users\irene\Downloads\eclipse-jee-2024-03-R-win32-x86_64\eclipse\plugins\org.eclipse.m2e.maven.runtime_3.9.600.20231203-1234\jars\maven-compat-3.9.6.jar
2025-10-08 21:15:52,501 [Worker-47: Launching Executing install in C__Users_irene_eclipse-workspace_E-Comm_Appln_product-service] INFO  o.eclipse.m2e.core.internal.Bundles - 	Entry: C:\Users\irene\Downloads\eclipse-jee-2024-03-R-win32-x86_64\eclipse\plugins\org.eclipse.m2e.maven.runtime_3.9.600.20231203-1234\jars\maven-core-3.9.6.jar
2025-10-08 21:15:52,501 [Worker-47: Launching Executing install in C__Users_irene_eclipse-workspace_E-Comm_Appln_product-service] INFO  o.eclipse.m2e.core.internal.Bundles - 	Entry: C:\Users\irene\Downloads\eclipse-jee-2024-03-R-win32-x86_64\eclipse\plugins\org.eclipse.m2e.maven.runtime_3.9.600.20231203-1234\jars\maven-embedder-3.9.6.jar
2025-10-08 21:15:52,503 [Worker-47: Launching Executing install in C__Users_irene_eclipse-workspace_E-Comm_Appln_product-service] INFO  o.eclipse.m2e.core.internal.Bundles - 	Entry: C:\Users\irene\Downloads\eclipse-jee-2024-03-R-win32-x86_64\eclipse\plugins\org.eclipse.m2e.maven.runtime_3.9.600.20231203-1234\jars\maven-model-3.9.6.jar
2025-10-08 21:15:52,503 [Worker-47: Launching Executing install in C__Users_irene_eclipse-workspace_E-Comm_Appln_product-service] INFO  o.eclipse.m2e.core.internal.Bundles - 	Entry: C:\Users\irene\Downloads\eclipse-jee-2024-03-R-win32-x86_64\eclipse\plugins\org.eclipse.m2e.maven.runtime_3.9.600.20231203-1234\jars\maven-model-builder-3.9.6.jar
2025-10-08 21:15:52,503 [Worker-47: Launching Executing install in C__Users_irene_eclipse-workspace_E-Comm_Appln_product-service] INFO  o.eclipse.m2e.core.internal.Bundles - 	Entry: C:\Users\irene\Downloads\eclipse-jee-2024-03-R-win32-x86_64\eclipse\plugins\org.eclipse.m2e.maven.runtime_3.9.600.20231203-1234\jars\maven-plugin-api-3.9.6.jar
2025-10-08 21:15:52,503 [Worker-47: Launching Executing install in C__Users_irene_eclipse-workspace_E-Comm_Appln_product-service] INFO  o.eclipse.m2e.core.internal.Bundles - 	Entry: C:\Users\irene\Downloads\eclipse-jee-2024-03-R-win32-x86_64\eclipse\plugins\org.eclipse.m2e.maven.runtime_3.9.600.20231203-1234\jars\maven-repository-metadata-3.9.6.jar
2025-10-08 21:15:52,503 [Worker-47: Launching Executing install in C__Users_irene_eclipse-workspace_E-Comm_Appln_product-service] INFO  o.eclipse.m2e.core.internal.Bundles - 	Entry: C:\Users\irene\Downloads\eclipse-jee-2024-03-R-win32-x86_64\eclipse\plugins\org.eclipse.m2e.maven.runtime_3.9.600.20231203-1234\jars\maven-resolver-api-1.9.18.jar
2025-10-08 21:15:52,503 [Worker-47: Launching Executing install in C__Users_irene_eclipse-workspace_E-Comm_Appln_product-service] INFO  o.eclipse.m2e.core.internal.Bundles - 	Entry: C:\Users\irene\Downloads\eclipse-jee-2024-03-R-win32-x86_64\eclipse\plugins\org.eclipse.m2e.maven.runtime_3.9.600.20231203-1234\jars\maven-resolver-connector-basic-1.9.18.jar
2025-10-08 21:15:52,503 [Worker-47: Launching Executing install in C__Users_irene_eclipse-workspace_E-Comm_Appln_product-service] INFO  o.eclipse.m2e.core.internal.Bundles - 	Entry: C:\Users\irene\Downloads\eclipse-jee-2024-03-R-win32-x86_64\eclipse\plugins\org.eclipse.m2e.maven.runtime_3.9.600.20231203-1234\jars\maven-resolver-impl-1.9.18.jar
2025-10-08 21:15:52,504 [Worker-47: Launching Executing install in C__Users_irene_eclipse-workspace_E-Comm_Appln_product-service] INFO  o.eclipse.m2e.core.internal.Bundles - 	Entry: C:\Users\irene\Downloads\eclipse-jee-2024-03-R-win32-x86_64\eclipse\plugins\org.eclipse.m2e.maven.runtime_3.9.600.20231203-1234\jars\maven-resolver-named-locks-1.9.18.jar
2025-10-08 21:15:52,504 [Worker-47: Launching Executing install in C__Users_irene_eclipse-workspace_E-Comm_Appln_product-service] INFO  o.eclipse.m2e.core.internal.Bundles - 	Entry: C:\Users\irene\Downloads\eclipse-jee-2024-03-R-win32-x86_64\eclipse\plugins\org.eclipse.m2e.maven.runtime_3.9.600.20231203-1234\jars\maven-resolver-provider-3.9.6.jar
2025-10-08 21:15:52,504 [Worker-47: Launching Executing install in C__Users_irene_eclipse-workspace_E-Comm_Appln_product-service] INFO  o.eclipse.m2e.core.internal.Bundles - 	Entry: C:\Users\irene\Downloads\eclipse-jee-2024-03-R-win32-x86_64\eclipse\plugins\org.eclipse.m2e.maven.runtime_3.9.600.20231203-1234\jars\maven-resolver-spi-1.9.18.jar
2025-10-08 21:15:52,504 [Worker-47: Launching Executing install in C__Users_irene_eclipse-workspace_E-Comm_Appln_product-service] INFO  o.eclipse.m2e.core.internal.Bundles - 	Entry: C:\Users\irene\Downloads\eclipse-jee-2024-03-R-win32-x86_64\eclipse\plugins\org.eclipse.m2e.maven.runtime_3.9.600.20231203-1234\jars\maven-resolver-transport-file-1.9.18.jar
2025-10-08 21:15:52,504 [Worker-47: Launching Executing install in C__Users_irene_eclipse-workspace_E-Comm_Appln_product-service] INFO  o.eclipse.m2e.core.internal.Bundles - 	Entry: C:\Users\irene\Downloads\eclipse-jee-2024-03-R-win32-x86_64\eclipse\plugins\org.eclipse.m2e.maven.runtime_3.9.600.20231203-1234\jars\maven-resolver-transport-http-1.9.18.jar
2025-10-08 21:15:52,504 [Worker-47: Launching Executing install in C__Users_irene_eclipse-workspace_E-Comm_Appln_product-service] INFO  o.eclipse.m2e.core.internal.Bundles - 	Entry: C:\Users\irene\Downloads\eclipse-jee-2024-03-R-win32-x86_64\eclipse\plugins\org.eclipse.m2e.maven.runtime_3.9.600.20231203-1234\jars\maven-resolver-transport-wagon-1.9.18.jar
2025-10-08 21:15:52,504 [Worker-47: Launching Executing install in C__Users_irene_eclipse-workspace_E-Comm_Appln_product-service] INFO  o.eclipse.m2e.core.internal.Bundles - 	Entry: C:\Users\irene\Downloads\eclipse-jee-2024-03-R-win32-x86_64\eclipse\plugins\org.eclipse.m2e.maven.runtime_3.9.600.20231203-1234\jars\maven-resolver-util-1.9.18.jar
2025-10-08 21:15:52,506 [Worker-47: Launching Executing install in C__Users_irene_eclipse-workspace_E-Comm_Appln_product-service] INFO  o.eclipse.m2e.core.internal.Bundles - 	Entry: C:\Users\irene\Downloads\eclipse-jee-2024-03-R-win32-x86_64\eclipse\plugins\org.eclipse.m2e.maven.runtime_3.9.600.20231203-1234\jars\maven-settings-3.9.6.jar
2025-10-08 21:15:52,506 [Worker-47: Launching Executing install in C__Users_irene_eclipse-workspace_E-Comm_Appln_product-service] INFO  o.eclipse.m2e.core.internal.Bundles - 	Entry: C:\Users\irene\Downloads\eclipse-jee-2024-03-R-win32-x86_64\eclipse\plugins\org.eclipse.m2e.maven.runtime_3.9.600.20231203-1234\jars\maven-settings-builder-3.9.6.jar
2025-10-08 21:15:52,506 [Worker-47: Launching Executing install in C__Users_irene_eclipse-workspace_E-Comm_Appln_product-service] INFO  o.eclipse.m2e.core.internal.Bundles - 	Entry: C:\Users\irene\Downloads\eclipse-jee-2024-03-R-win32-x86_64\eclipse\plugins\org.eclipse.m2e.maven.runtime_3.9.600.20231203-1234\jars\maven-shared-utils-3.3.4.jar
2025-10-08 21:15:52,506 [Worker-47: Launching Executing install in C__Users_irene_eclipse-workspace_E-Comm_Appln_product-service] INFO  o.eclipse.m2e.core.internal.Bundles - 	Entry: C:\Users\irene\Downloads\eclipse-jee-2024-03-R-win32-x86_64\eclipse\plugins\org.eclipse.m2e.maven.runtime_3.9.600.20231203-1234\jars\org.eclipse.sisu.inject-0.9.0.M2.jar
2025-10-08 21:15:52,506 [Worker-47: Launching Executing install in C__Users_irene_eclipse-workspace_E-Comm_Appln_product-service] INFO  o.eclipse.m2e.core.internal.Bundles - 	Entry: C:\Users\irene\Downloads\eclipse-jee-2024-03-R-win32-x86_64\eclipse\plugins\org.eclipse.m2e.maven.runtime_3.9.600.20231203-1234\jars\org.eclipse.sisu.plexus-0.9.0.M2.jar
2025-10-08 21:15:52,506 [Worker-47: Launching Executing install in C__Users_irene_eclipse-workspace_E-Comm_Appln_product-service] INFO  o.eclipse.m2e.core.internal.Bundles - 	Entry: C:\Users\irene\Downloads\eclipse-jee-2024-03-R-win32-x86_64\eclipse\plugins\org.eclipse.m2e.maven.runtime_3.9.600.20231203-1234\jars\plexus-build-api-0.0.7.jar
2025-10-08 21:15:52,506 [Worker-47: Launching Executing install in C__Users_irene_eclipse-workspace_E-Comm_Appln_product-service] INFO  o.eclipse.m2e.core.internal.Bundles - 	Entry: C:\Users\irene\Downloads\eclipse-jee-2024-03-R-win32-x86_64\eclipse\plugins\org.eclipse.m2e.maven.runtime_3.9.600.20231203-1234\jars\plexus-cipher-2.0.jar
2025-10-08 21:15:52,506 [Worker-47: Launching Executing install in C__Users_irene_eclipse-workspace_E-Comm_Appln_product-service] INFO  o.eclipse.m2e.core.internal.Bundles - 	Entry: C:\Users\irene\Downloads\eclipse-jee-2024-03-R-win32-x86_64\eclipse\plugins\org.eclipse.m2e.maven.runtime_3.9.600.20231203-1234\jars\plexus-classworlds-2.7.0.jar
2025-10-08 21:15:52,507 [Worker-47: Launching Executing install in C__Users_irene_eclipse-workspace_E-Comm_Appln_product-service] INFO  o.eclipse.m2e.core.internal.Bundles - 	Entry: C:\Users\irene\Downloads\eclipse-jee-2024-03-R-win32-x86_64\eclipse\plugins\org.eclipse.m2e.maven.runtime_3.9.600.20231203-1234\jars\plexus-component-annotations-2.1.0.jar
2025-10-08 21:15:52,507 [Worker-47: Launching Executing install in C__Users_irene_eclipse-workspace_E-Comm_Appln_product-service] INFO  o.eclipse.m2e.core.internal.Bundles - 	Entry: C:\Users\irene\Downloads\eclipse-jee-2024-03-R-win32-x86_64\eclipse\plugins\org.eclipse.m2e.maven.runtime_3.9.600.20231203-1234\jars\plexus-interpolation-1.26.jar
2025-10-08 21:15:52,507 [Worker-47: Launching Executing install in C__Users_irene_eclipse-workspace_E-Comm_Appln_product-service] INFO  o.eclipse.m2e.core.internal.Bundles - 	Entry: C:\Users\irene\Downloads\eclipse-jee-2024-03-R-win32-x86_64\eclipse\plugins\org.eclipse.m2e.maven.runtime_3.9.600.20231203-1234\jars\plexus-sec-dispatcher-2.0.jar
2025-10-08 21:15:52,507 [Worker-47: Launching Executing install in C__Users_irene_eclipse-workspace_E-Comm_Appln_product-service] INFO  o.eclipse.m2e.core.internal.Bundles - 	Entry: C:\Users\irene\Downloads\eclipse-jee-2024-03-R-win32-x86_64\eclipse\plugins\org.eclipse.m2e.maven.runtime_3.9.600.20231203-1234\jars\plexus-utils-3.5.1.jar
2025-10-08 21:15:52,507 [Worker-47: Launching Executing install in C__Users_irene_eclipse-workspace_E-Comm_Appln_product-service] INFO  o.eclipse.m2e.core.internal.Bundles - 	Entry: C:\Users\irene\Downloads\eclipse-jee-2024-03-R-win32-x86_64\eclipse\plugins\org.eclipse.m2e.maven.runtime_3.9.600.20231203-1234\jars\wagon-file-3.5.3.jar
2025-10-08 21:15:52,507 [Worker-47: Launching Executing install in C__Users_irene_eclipse-workspace_E-Comm_Appln_product-service] INFO  o.eclipse.m2e.core.internal.Bundles - 	Entry: C:\Users\irene\Downloads\eclipse-jee-2024-03-R-win32-x86_64\eclipse\plugins\org.eclipse.m2e.maven.runtime_3.9.600.20231203-1234\jars\wagon-http-3.5.3.jar
2025-10-08 21:15:52,507 [Worker-47: Launching Executing install in C__Users_irene_eclipse-workspace_E-Comm_Appln_product-service] INFO  o.eclipse.m2e.core.internal.Bundles - 	Entry: C:\Users\irene\Downloads\eclipse-jee-2024-03-R-win32-x86_64\eclipse\plugins\org.eclipse.m2e.maven.runtime_3.9.600.20231203-1234\jars\wagon-http-shared-3.5.3.jar
2025-10-08 21:15:52,507 [Worker-47: Launching Executing install in C__Users_irene_eclipse-workspace_E-Comm_Appln_product-service] INFO  o.eclipse.m2e.core.internal.Bundles - 	Entry: C:\Users\irene\Downloads\eclipse-jee-2024-03-R-win32-x86_64\eclipse\plugins\org.eclipse.m2e.maven.runtime_3.9.600.20231203-1234\jars\wagon-provider-api-3.5.3.jar
2025-10-08 21:15:52,509 [Worker-47: Launching Executing install in C__Users_irene_eclipse-workspace_E-Comm_Appln_product-service] INFO  o.eclipse.m2e.core.internal.Bundles - getClasspathEntries(Bundle=com.google.guava_33.0.0.jre [14])
2025-10-08 21:15:52,509 [Worker-47: Launching Executing install in C__Users_irene_eclipse-workspace_E-Comm_Appln_product-service] INFO  o.eclipse.m2e.core.internal.Bundles - 	Entry: C:\Users\irene\Downloads\eclipse-jee-2024-03-R-win32-x86_64\eclipse\plugins\com.google.guava_33.0.0.jre.jar
2025-10-08 21:15:52,509 [Worker-47: Launching Executing install in C__Users_irene_eclipse-workspace_E-Comm_Appln_product-service] INFO  o.eclipse.m2e.core.internal.Bundles - getClasspathEntries(Bundle=slf4j.api_2.0.12 [1001])
2025-10-08 21:15:52,511 [Worker-47: Launching Executing install in C__Users_irene_eclipse-workspace_E-Comm_Appln_product-service] INFO  o.eclipse.m2e.core.internal.Bundles - 	Entry: C:\Users\irene\Downloads\eclipse-jee-2024-03-R-win32-x86_64\eclipse\plugins\slf4j.api_2.0.12.jar
2025-10-08 21:15:52,511 [Worker-47: Launching Executing install in C__Users_irene_eclipse-workspace_E-Comm_Appln_product-service] INFO  o.eclipse.m2e.core.internal.Bundles - getClasspathEntries(Bundle=jakarta.inject.jakarta.inject-api_1.0.5 [32])
2025-10-08 21:15:52,511 [Worker-47: Launching Executing install in C__Users_irene_eclipse-workspace_E-Comm_Appln_product-service] INFO  o.eclipse.m2e.core.internal.Bundles - 	Entry: C:\Users\irene\Downloads\eclipse-jee-2024-03-R-win32-x86_64\eclipse\plugins\jakarta.inject.jakarta.inject-api_1.0.5.jar
2025-10-08 21:15:52,511 [Worker-47: Launching Executing install in C__Users_irene_eclipse-workspace_E-Comm_Appln_product-service] INFO  o.eclipse.m2e.core.internal.Bundles - getClasspathEntries(Bundle=jakarta.annotation-api_1.3.5 [27])
2025-10-08 21:15:52,512 [Worker-47: Launching Executing install in C__Users_irene_eclipse-workspace_E-Comm_Appln_product-service] INFO  o.eclipse.m2e.core.internal.Bundles - 	Entry: C:\Users\irene\Downloads\eclipse-jee-2024-03-R-win32-x86_64\eclipse\plugins\jakarta.annotation-api_1.3.5.jar
2025-10-08 21:15:52,512 [Worker-47: Launching Executing install in C__Users_irene_eclipse-workspace_E-Comm_Appln_product-service] INFO  o.eclipse.m2e.core.internal.Bundles - getClasspathEntries(Bundle=org.apache.commons.cli_1.6.0 [75])
2025-10-08 21:15:52,512 [Worker-47: Launching Executing install in C__Users_irene_eclipse-workspace_E-Comm_Appln_product-service] INFO  o.eclipse.m2e.core.internal.Bundles - 	Entry: C:\Users\irene\Downloads\eclipse-jee-2024-03-R-win32-x86_64\eclipse\plugins\org.apache.commons.cli_1.6.0.jar
2025-10-08 21:15:52,512 [Worker-47: Launching Executing install in C__Users_irene_eclipse-workspace_E-Comm_Appln_product-service] INFO  o.eclipse.m2e.core.internal.Bundles - getClasspathEntries(Bundle=org.apache.commons.commons-codec_1.16.0 [78])
2025-10-08 21:15:52,514 [Worker-47: Launching Executing install in C__Users_irene_eclipse-workspace_E-Comm_Appln_product-service] INFO  o.eclipse.m2e.core.internal.Bundles - 	Entry: C:\Users\irene\Downloads\eclipse-jee-2024-03-R-win32-x86_64\eclipse\plugins\org.apache.commons.commons-codec_1.16.0.jar
2025-10-08 21:15:52,514 [Worker-47: Launching Executing install in C__Users_irene_eclipse-workspace_E-Comm_Appln_product-service] INFO  o.eclipse.m2e.core.internal.Bundles - getClasspathEntries(Bundle=org.apache.commons.lang3_3.14.0 [86])
2025-10-08 21:15:52,514 [Worker-47: Launching Executing install in C__Users_irene_eclipse-workspace_E-Comm_Appln_product-service] INFO  o.eclipse.m2e.core.internal.Bundles - 	Entry: C:\Users\irene\Downloads\eclipse-jee-2024-03-R-win32-x86_64\eclipse\plugins\org.apache.commons.lang3_3.14.0.jar
2025-10-08 21:15:52,514 [Worker-47: Launching Executing install in C__Users_irene_eclipse-workspace_E-Comm_Appln_product-service] INFO  o.eclipse.m2e.core.internal.Bundles - getClasspathEntries(Bundle=com.google.guava.failureaccess_1.0.2 [15])
2025-10-08 21:15:52,515 [Worker-47: Launching Executing install in C__Users_irene_eclipse-workspace_E-Comm_Appln_product-service] INFO  o.eclipse.m2e.core.internal.Bundles - 	Entry: C:\Users\irene\Downloads\eclipse-jee-2024-03-R-win32-x86_64\eclipse\plugins\com.google.guava.failureaccess_1.0.2.jar
2025-10-08 21:15:52,518 [Worker-47: Launching Executing install in C__Users_irene_eclipse-workspace_E-Comm_Appln_product-service] INFO  o.e.m.i.launch.MavenLaunchDelegate - Run build in "C:\Users\irene\eclipse-workspace\E-Comm_Appln\product-service":
2025-10-08 21:15:52,518 [Worker-47: Launching Executing install in C__Users_irene_eclipse-workspace_E-Comm_Appln_product-service] INFO  o.e.m.i.launch.MavenLaunchDelegate -  mvn  -B -Dstyle.color=always install
2025-10-08 21:17:16,315 [Worker-52: Launching Executing install in C__Users_irene_eclipse-workspace_E-Comm_Appln_product-service] INFO  o.eclipse.m2e.core.internal.Bundles - getClasspathEntries(Bundle=org.eclipse.m2e.maven.runtime_3.9.600.20231203-1234 [638])
2025-10-08 21:17:16,317 [Worker-52: Launching Executing install in C__Users_irene_eclipse-workspace_E-Comm_Appln_product-service] INFO  o.eclipse.m2e.core.internal.Bundles - 	Entry: C:\Users\irene\Downloads\eclipse-jee-2024-03-R-win32-x86_64\eclipse\plugins\org.eclipse.m2e.maven.runtime_3.9.600.20231203-1234
2025-10-08 21:17:16,317 [Worker-52: Launching Executing install in C__Users_irene_eclipse-workspace_E-Comm_Appln_product-service] INFO  o.eclipse.m2e.core.internal.Bundles - 	Entry: C:\Users\irene\Downloads\eclipse-jee-2024-03-R-win32-x86_64\eclipse\plugins\org.eclipse.m2e.maven.runtime_3.9.600.20231203-1234\jars\aopalliance-1.0.jar
2025-10-08 21:17:16,317 [Worker-52: Launching Executing install in C__Users_irene_eclipse-workspace_E-Comm_Appln_product-service] INFO  o.eclipse.m2e.core.internal.Bundles - 	Entry: C:\Users\irene\Downloads\eclipse-jee-2024-03-R-win32-x86_64\eclipse\plugins\org.eclipse.m2e.maven.runtime_3.9.600.20231203-1234\jars\guice-5.1.0.jar
2025-10-08 21:17:16,318 [Worker-52: Launching Executing install in C__Users_irene_eclipse-workspace_E-Comm_Appln_product-service] INFO  o.eclipse.m2e.core.internal.Bundles - 	Entry: C:\Users\irene\Downloads\eclipse-jee-2024-03-R-win32-x86_64\eclipse\plugins\org.eclipse.m2e.maven.runtime_3.9.600.20231203-1234\jars\httpclient-4.5.14.jar
2025-10-08 21:17:16,318 [Worker-52: Launching Executing install in C__Users_irene_eclipse-workspace_E-Comm_Appln_product-service] INFO  o.eclipse.m2e.core.internal.Bundles - 	Entry: C:\Users\irene\Downloads\eclipse-jee-2024-03-R-win32-x86_64\eclipse\plugins\org.eclipse.m2e.maven.runtime_3.9.600.20231203-1234\jars\httpcore-4.4.16.jar
2025-10-08 21:17:16,318 [Worker-52: Launching Executing install in C__Users_irene_eclipse-workspace_E-Comm_Appln_product-service] INFO  o.eclipse.m2e.core.internal.Bundles - 	Entry: C:\Users\irene\Downloads\eclipse-jee-2024-03-R-win32-x86_64\eclipse\plugins\org.eclipse.m2e.maven.runtime_3.9.600.20231203-1234\jars\jansi-2.4.0.jar
2025-10-08 21:17:16,318 [Worker-52: Launching Executing install in C__Users_irene_eclipse-workspace_E-Comm_Appln_product-service] INFO  o.eclipse.m2e.core.internal.Bundles - 	Entry: C:\Users\irene\Downloads\eclipse-jee-2024-03-R-win32-x86_64\eclipse\plugins\org.eclipse.m2e.maven.runtime_3.9.600.20231203-1234\jars\jcl-over-slf4j-1.7.36.jar
2025-10-08 21:17:16,318 [Worker-52: Launching Executing install in C__Users_irene_eclipse-workspace_E-Comm_Appln_product-service] INFO  o.eclipse.m2e.core.internal.Bundles - 	Entry: C:\Users\irene\Downloads\eclipse-jee-2024-03-R-win32-x86_64\eclipse\plugins\org.eclipse.m2e.maven.runtime_3.9.600.20231203-1234\jars\maven-artifact-3.9.6.jar
2025-10-08 21:17:16,319 [Worker-52: Launching Executing install in C__Users_irene_eclipse-workspace_E-Comm_Appln_product-service] INFO  o.eclipse.m2e.core.internal.Bundles - 	Entry: C:\Users\irene\Downloads\eclipse-jee-2024-03-R-win32-x86_64\eclipse\plugins\org.eclipse.m2e.maven.runtime_3.9.600.20231203-1234\jars\maven-builder-support-3.9.6.jar
2025-10-08 21:17:16,319 [Worker-52: Launching Executing install in C__Users_irene_eclipse-workspace_E-Comm_Appln_product-service] INFO  o.eclipse.m2e.core.internal.Bundles - 	Entry: C:\Users\irene\Downloads\eclipse-jee-2024-03-R-win32-x86_64\eclipse\plugins\org.eclipse.m2e.maven.runtime_3.9.600.20231203-1234\jars\maven-compat-3.9.6.jar
2025-10-08 21:17:16,319 [Worker-52: Launching Executing install in C__Users_irene_eclipse-workspace_E-Comm_Appln_product-service] INFO  o.eclipse.m2e.core.internal.Bundles - 	Entry: C:\Users\irene\Downloads\eclipse-jee-2024-03-R-win32-x86_64\eclipse\plugins\org.eclipse.m2e.maven.runtime_3.9.600.20231203-1234\jars\maven-core-3.9.6.jar
2025-10-08 21:17:16,320 [Worker-52: Launching Executing install in C__Users_irene_eclipse-workspace_E-Comm_Appln_product-service] INFO  o.eclipse.m2e.core.internal.Bundles - 	Entry: C:\Users\irene\Downloads\eclipse-jee-2024-03-R-win32-x86_64\eclipse\plugins\org.eclipse.m2e.maven.runtime_3.9.600.20231203-1234\jars\maven-embedder-3.9.6.jar
2025-10-08 21:17:16,320 [Worker-52: Launching Executing install in C__Users_irene_eclipse-workspace_E-Comm_Appln_product-service] INFO  o.eclipse.m2e.core.internal.Bundles - 	Entry: C:\Users\irene\Downloads\eclipse-jee-2024-03-R-win32-x86_64\eclipse\plugins\org.eclipse.m2e.maven.runtime_3.9.600.20231203-1234\jars\maven-model-3.9.6.jar
2025-10-08 21:17:16,320 [Worker-52: Launching Executing install in C__Users_irene_eclipse-workspace_E-Comm_Appln_product-service] INFO  o.eclipse.m2e.core.internal.Bundles - 	Entry: C:\Users\irene\Downloads\eclipse-jee-2024-03-R-win32-x86_64\eclipse\plugins\org.eclipse.m2e.maven.runtime_3.9.600.20231203-1234\jars\maven-model-builder-3.9.6.jar
2025-10-08 21:17:16,321 [Worker-52: Launching Executing install in C__Users_irene_eclipse-workspace_E-Comm_Appln_product-service] INFO  o.eclipse.m2e.core.internal.Bundles - 	Entry: C:\Users\irene\Downloads\eclipse-jee-2024-03-R-win32-x86_64\eclipse\plugins\org.eclipse.m2e.maven.runtime_3.9.600.20231203-1234\jars\maven-plugin-api-3.9.6.jar
2025-10-08 21:17:16,321 [Worker-52: Launching Executing install in C__Users_irene_eclipse-workspace_E-Comm_Appln_product-service] INFO  o.eclipse.m2e.core.internal.Bundles - 	Entry: C:\Users\irene\Downloads\eclipse-jee-2024-03-R-win32-x86_64\eclipse\plugins\org.eclipse.m2e.maven.runtime_3.9.600.20231203-1234\jars\maven-repository-metadata-3.9.6.jar
2025-10-08 21:17:16,322 [Worker-52: Launching Executing install in C__Users_irene_eclipse-workspace_E-Comm_Appln_product-service] INFO  o.eclipse.m2e.core.internal.Bundles - 	Entry: C:\Users\irene\Downloads\eclipse-jee-2024-03-R-win32-x86_64\eclipse\plugins\org.eclipse.m2e.maven.runtime_3.9.600.20231203-1234\jars\maven-resolver-api-1.9.18.jar
2025-10-08 21:17:16,322 [Worker-52: Launching Executing install in C__Users_irene_eclipse-workspace_E-Comm_Appln_product-service] INFO  o.eclipse.m2e.core.internal.Bundles - 	Entry: C:\Users\irene\Downloads\eclipse-jee-2024-03-R-win32-x86_64\eclipse\plugins\org.eclipse.m2e.maven.runtime_3.9.600.20231203-1234\jars\maven-resolver-connector-basic-1.9.18.jar
2025-10-08 21:17:16,322 [Worker-52: Launching Executing install in C__Users_irene_eclipse-workspace_E-Comm_Appln_product-service] INFO  o.eclipse.m2e.core.internal.Bundles - 	Entry: C:\Users\irene\Downloads\eclipse-jee-2024-03-R-win32-x86_64\eclipse\plugins\org.eclipse.m2e.maven.runtime_3.9.600.20231203-1234\jars\maven-resolver-impl-1.9.18.jar
2025-10-08 21:17:16,323 [Worker-52: Launching Executing install in C__Users_irene_eclipse-workspace_E-Comm_Appln_product-service] INFO  o.eclipse.m2e.core.internal.Bundles - 	Entry: C:\Users\irene\Downloads\eclipse-jee-2024-03-R-win32-x86_64\eclipse\plugins\org.eclipse.m2e.maven.runtime_3.9.600.20231203-1234\jars\maven-resolver-named-locks-1.9.18.jar
2025-10-08 21:17:16,323 [Worker-52: Launching Executing install in C__Users_irene_eclipse-workspace_E-Comm_Appln_product-service] INFO  o.eclipse.m2e.core.internal.Bundles - 	Entry: C:\Users\irene\Downloads\eclipse-jee-2024-03-R-win32-x86_64\eclipse\plugins\org.eclipse.m2e.maven.runtime_3.9.600.20231203-1234\jars\maven-resolver-provider-3.9.6.jar
2025-10-08 21:17:16,323 [Worker-52: Launching Executing install in C__Users_irene_eclipse-workspace_E-Comm_Appln_product-service] INFO  o.eclipse.m2e.core.internal.Bundles - 	Entry: C:\Users\irene\Downloads\eclipse-jee-2024-03-R-win32-x86_64\eclipse\plugins\org.eclipse.m2e.maven.runtime_3.9.600.20231203-1234\jars\maven-resolver-spi-1.9.18.jar
2025-10-08 21:17:16,324 [Worker-52: Launching Executing install in C__Users_irene_eclipse-workspace_E-Comm_Appln_product-service] INFO  o.eclipse.m2e.core.internal.Bundles - 	Entry: C:\Users\irene\Downloads\eclipse-jee-2024-03-R-win32-x86_64\eclipse\plugins\org.eclipse.m2e.maven.runtime_3.9.600.20231203-1234\jars\maven-resolver-transport-file-1.9.18.jar
2025-10-08 21:17:16,324 [Worker-52: Launching Executing install in C__Users_irene_eclipse-workspace_E-Comm_Appln_product-service] INFO  o.eclipse.m2e.core.internal.Bundles - 	Entry: C:\Users\irene\Downloads\eclipse-jee-2024-03-R-win32-x86_64\eclipse\plugins\org.eclipse.m2e.maven.runtime_3.9.600.20231203-1234\jars\maven-resolver-transport-http-1.9.18.jar
2025-10-08 21:17:16,325 [Worker-52: Launching Executing install in C__Users_irene_eclipse-workspace_E-Comm_Appln_product-service] INFO  o.eclipse.m2e.core.internal.Bundles - 	Entry: C:\Users\irene\Downloads\eclipse-jee-2024-03-R-win32-x86_64\eclipse\plugins\org.eclipse.m2e.maven.runtime_3.9.600.20231203-1234\jars\maven-resolver-transport-wagon-1.9.18.jar
2025-10-08 21:17:16,325 [Worker-52: Launching Executing install in C__Users_irene_eclipse-workspace_E-Comm_Appln_product-service] INFO  o.eclipse.m2e.core.internal.Bundles - 	Entry: C:\Users\irene\Downloads\eclipse-jee-2024-03-R-win32-x86_64\eclipse\plugins\org.eclipse.m2e.maven.runtime_3.9.600.20231203-1234\jars\maven-resolver-util-1.9.18.jar
2025-10-08 21:17:16,325 [Worker-52: Launching Executing install in C__Users_irene_eclipse-workspace_E-Comm_Appln_product-service] INFO  o.eclipse.m2e.core.internal.Bundles - 	Entry: C:\Users\irene\Downloads\eclipse-jee-2024-03-R-win32-x86_64\eclipse\plugins\org.eclipse.m2e.maven.runtime_3.9.600.20231203-1234\jars\maven-settings-3.9.6.jar
2025-10-08 21:17:16,326 [Worker-52: Launching Executing install in C__Users_irene_eclipse-workspace_E-Comm_Appln_product-service] INFO  o.eclipse.m2e.core.internal.Bundles - 	Entry: C:\Users\irene\Downloads\eclipse-jee-2024-03-R-win32-x86_64\eclipse\plugins\org.eclipse.m2e.maven.runtime_3.9.600.20231203-1234\jars\maven-settings-builder-3.9.6.jar
2025-10-08 21:17:16,326 [Worker-52: Launching Executing install in C__Users_irene_eclipse-workspace_E-Comm_Appln_product-service] INFO  o.eclipse.m2e.core.internal.Bundles - 	Entry: C:\Users\irene\Downloads\eclipse-jee-2024-03-R-win32-x86_64\eclipse\plugins\org.eclipse.m2e.maven.runtime_3.9.600.20231203-1234\jars\maven-shared-utils-3.3.4.jar
2025-10-08 21:17:16,326 [Worker-52: Launching Executing install in C__Users_irene_eclipse-workspace_E-Comm_Appln_product-service] INFO  o.eclipse.m2e.core.internal.Bundles - 	Entry: C:\Users\irene\Downloads\eclipse-jee-2024-03-R-win32-x86_64\eclipse\plugins\org.eclipse.m2e.maven.runtime_3.9.600.20231203-1234\jars\org.eclipse.sisu.inject-0.9.0.M2.jar
2025-10-08 21:17:16,326 [Worker-52: Launching Executing install in C__Users_irene_eclipse-workspace_E-Comm_Appln_product-service] INFO  o.eclipse.m2e.core.internal.Bundles - 	Entry: C:\Users\irene\Downloads\eclipse-jee-2024-03-R-win32-x86_64\eclipse\plugins\org.eclipse.m2e.maven.runtime_3.9.600.20231203-1234\jars\org.eclipse.sisu.plexus-0.9.0.M2.jar
2025-10-08 21:17:16,327 [Worker-52: Launching Executing install in C__Users_irene_eclipse-workspace_E-Comm_Appln_product-service] INFO  o.eclipse.m2e.core.internal.Bundles - 	Entry: C:\Users\irene\Downloads\eclipse-jee-2024-03-R-win32-x86_64\eclipse\plugins\org.eclipse.m2e.maven.runtime_3.9.600.20231203-1234\jars\plexus-build-api-0.0.7.jar
2025-10-08 21:17:16,327 [Worker-52: Launching Executing install in C__Users_irene_eclipse-workspace_E-Comm_Appln_product-service] INFO  o.eclipse.m2e.core.internal.Bundles - 	Entry: C:\Users\irene\Downloads\eclipse-jee-2024-03-R-win32-x86_64\eclipse\plugins\org.eclipse.m2e.maven.runtime_3.9.600.20231203-1234\jars\plexus-cipher-2.0.jar
2025-10-08 21:17:16,328 [Worker-52: Launching Executing install in C__Users_irene_eclipse-workspace_E-Comm_Appln_product-service] INFO  o.eclipse.m2e.core.internal.Bundles - 	Entry: C:\Users\irene\Downloads\eclipse-jee-2024-03-R-win32-x86_64\eclipse\plugins\org.eclipse.m2e.maven.runtime_3.9.600.20231203-1234\jars\plexus-classworlds-2.7.0.jar
2025-10-08 21:17:16,328 [Worker-52: Launching Executing install in C__Users_irene_eclipse-workspace_E-Comm_Appln_product-service] INFO  o.eclipse.m2e.core.internal.Bundles - 	Entry: C:\Users\irene\Downloads\eclipse-jee-2024-03-R-win32-x86_64\eclipse\plugins\org.eclipse.m2e.maven.runtime_3.9.600.20231203-1234\jars\plexus-component-annotations-2.1.0.jar
2025-10-08 21:17:16,328 [Worker-52: Launching Executing install in C__Users_irene_eclipse-workspace_E-Comm_Appln_product-service] INFO  o.eclipse.m2e.core.internal.Bundles - 	Entry: C:\Users\irene\Downloads\eclipse-jee-2024-03-R-win32-x86_64\eclipse\plugins\org.eclipse.m2e.maven.runtime_3.9.600.20231203-1234\jars\plexus-interpolation-1.26.jar
2025-10-08 21:17:16,329 [Worker-52: Launching Executing install in C__Users_irene_eclipse-workspace_E-Comm_Appln_product-service] INFO  o.eclipse.m2e.core.internal.Bundles - 	Entry: C:\Users\irene\Downloads\eclipse-jee-2024-03-R-win32-x86_64\eclipse\plugins\org.eclipse.m2e.maven.runtime_3.9.600.20231203-1234\jars\plexus-sec-dispatcher-2.0.jar
2025-10-08 21:17:16,329 [Worker-52: Launching Executing install in C__Users_irene_eclipse-workspace_E-Comm_Appln_product-service] INFO  o.eclipse.m2e.core.internal.Bundles - 	Entry: C:\Users\irene\Downloads\eclipse-jee-2024-03-R-win32-x86_64\eclipse\plugins\org.eclipse.m2e.maven.runtime_3.9.600.20231203-1234\jars\plexus-utils-3.5.1.jar
2025-10-08 21:17:16,329 [Worker-52: Launching Executing install in C__Users_irene_eclipse-workspace_E-Comm_Appln_product-service] INFO  o.eclipse.m2e.core.internal.Bundles - 	Entry: C:\Users\irene\Downloads\eclipse-jee-2024-03-R-win32-x86_64\eclipse\plugins\org.eclipse.m2e.maven.runtime_3.9.600.20231203-1234\jars\wagon-file-3.5.3.jar
2025-10-08 21:17:16,330 [Worker-52: Launching Executing install in C__Users_irene_eclipse-workspace_E-Comm_Appln_product-service] INFO  o.eclipse.m2e.core.internal.Bundles - 	Entry: C:\Users\irene\Downloads\eclipse-jee-2024-03-R-win32-x86_64\eclipse\plugins\org.eclipse.m2e.maven.runtime_3.9.600.20231203-1234\jars\wagon-http-3.5.3.jar
2025-10-08 21:17:16,330 [Worker-52: Launching Executing install in C__Users_irene_eclipse-workspace_E-Comm_Appln_product-service] INFO  o.eclipse.m2e.core.internal.Bundles - 	Entry: C:\Users\irene\Downloads\eclipse-jee-2024-03-R-win32-x86_64\eclipse\plugins\org.eclipse.m2e.maven.runtime_3.9.600.20231203-1234\jars\wagon-http-shared-3.5.3.jar
2025-10-08 21:17:16,330 [Worker-52: Launching Executing install in C__Users_irene_eclipse-workspace_E-Comm_Appln_product-service] INFO  o.eclipse.m2e.core.internal.Bundles - 	Entry: C:\Users\irene\Downloads\eclipse-jee-2024-03-R-win32-x86_64\eclipse\plugins\org.eclipse.m2e.maven.runtime_3.9.600.20231203-1234\jars\wagon-provider-api-3.5.3.jar
2025-10-08 21:17:16,330 [Worker-52: Launching Executing install in C__Users_irene_eclipse-workspace_E-Comm_Appln_product-service] INFO  o.eclipse.m2e.core.internal.Bundles - getClasspathEntries(Bundle=com.google.guava_33.0.0.jre [14])
2025-10-08 21:17:16,332 [Worker-52: Launching Executing install in C__Users_irene_eclipse-workspace_E-Comm_Appln_product-service] INFO  o.eclipse.m2e.core.internal.Bundles - 	Entry: C:\Users\irene\Downloads\eclipse-jee-2024-03-R-win32-x86_64\eclipse\plugins\com.google.guava_33.0.0.jre.jar
2025-10-08 21:17:16,332 [Worker-52: Launching Executing install in C__Users_irene_eclipse-workspace_E-Comm_Appln_product-service] INFO  o.eclipse.m2e.core.internal.Bundles - getClasspathEntries(Bundle=slf4j.api_2.0.12 [1001])
2025-10-08 21:17:16,333 [Worker-52: Launching Executing install in C__Users_irene_eclipse-workspace_E-Comm_Appln_product-service] INFO  o.eclipse.m2e.core.internal.Bundles - 	Entry: C:\Users\irene\Downloads\eclipse-jee-2024-03-R-win32-x86_64\eclipse\plugins\slf4j.api_2.0.12.jar
2025-10-08 21:17:16,333 [Worker-52: Launching Executing install in C__Users_irene_eclipse-workspace_E-Comm_Appln_product-service] INFO  o.eclipse.m2e.core.internal.Bundles - getClasspathEntries(Bundle=jakarta.inject.jakarta.inject-api_1.0.5 [32])
2025-10-08 21:17:16,334 [Worker-52: Launching Executing install in C__Users_irene_eclipse-workspace_E-Comm_Appln_product-service] INFO  o.eclipse.m2e.core.internal.Bundles - 	Entry: C:\Users\irene\Downloads\eclipse-jee-2024-03-R-win32-x86_64\eclipse\plugins\jakarta.inject.jakarta.inject-api_1.0.5.jar
2025-10-08 21:17:16,334 [Worker-52: Launching Executing install in C__Users_irene_eclipse-workspace_E-Comm_Appln_product-service] INFO  o.eclipse.m2e.core.internal.Bundles - getClasspathEntries(Bundle=jakarta.annotation-api_1.3.5 [27])
2025-10-08 21:17:16,335 [Worker-52: Launching Executing install in C__Users_irene_eclipse-workspace_E-Comm_Appln_product-service] INFO  o.eclipse.m2e.core.internal.Bundles - 	Entry: C:\Users\irene\Downloads\eclipse-jee-2024-03-R-win32-x86_64\eclipse\plugins\jakarta.annotation-api_1.3.5.jar
2025-10-08 21:17:16,335 [Worker-52: Launching Executing install in C__Users_irene_eclipse-workspace_E-Comm_Appln_product-service] INFO  o.eclipse.m2e.core.internal.Bundles - getClasspathEntries(Bundle=org.apache.commons.cli_1.6.0 [75])
2025-10-08 21:17:16,336 [Worker-52: Launching Executing install in C__Users_irene_eclipse-workspace_E-Comm_Appln_product-service] INFO  o.eclipse.m2e.core.internal.Bundles - 	Entry: C:\Users\irene\Downloads\eclipse-jee-2024-03-R-win32-x86_64\eclipse\plugins\org.apache.commons.cli_1.6.0.jar
2025-10-08 21:17:16,336 [Worker-52: Launching Executing install in C__Users_irene_eclipse-workspace_E-Comm_Appln_product-service] INFO  o.eclipse.m2e.core.internal.Bundles - getClasspathEntries(Bundle=org.apache.commons.commons-codec_1.16.0 [78])
2025-10-08 21:17:16,337 [Worker-52: Launching Executing install in C__Users_irene_eclipse-workspace_E-Comm_Appln_product-service] INFO  o.eclipse.m2e.core.internal.Bundles - 	Entry: C:\Users\irene\Downloads\eclipse-jee-2024-03-R-win32-x86_64\eclipse\plugins\org.apache.commons.commons-codec_1.16.0.jar
2025-10-08 21:17:16,337 [Worker-52: Launching Executing install in C__Users_irene_eclipse-workspace_E-Comm_Appln_product-service] INFO  o.eclipse.m2e.core.internal.Bundles - getClasspathEntries(Bundle=org.apache.commons.lang3_3.14.0 [86])
2025-10-08 21:17:16,338 [Worker-52: Launching Executing install in C__Users_irene_eclipse-workspace_E-Comm_Appln_product-service] INFO  o.eclipse.m2e.core.internal.Bundles - 	Entry: C:\Users\irene\Downloads\eclipse-jee-2024-03-R-win32-x86_64\eclipse\plugins\org.apache.commons.lang3_3.14.0.jar
2025-10-08 21:17:16,338 [Worker-52: Launching Executing install in C__Users_irene_eclipse-workspace_E-Comm_Appln_product-service] INFO  o.eclipse.m2e.core.internal.Bundles - getClasspathEntries(Bundle=com.google.guava.failureaccess_1.0.2 [15])
2025-10-08 21:17:16,339 [Worker-52: Launching Executing install in C__Users_irene_eclipse-workspace_E-Comm_Appln_product-service] INFO  o.eclipse.m2e.core.internal.Bundles - 	Entry: C:\Users\irene\Downloads\eclipse-jee-2024-03-R-win32-x86_64\eclipse\plugins\com.google.guava.failureaccess_1.0.2.jar
2025-10-08 21:17:16,340 [Worker-52: Launching Executing install in C__Users_irene_eclipse-workspace_E-Comm_Appln_product-service] INFO  o.e.m.i.launch.MavenLaunchDelegate - Run build in "C:\Users\irene\eclipse-workspace\E-Comm_Appln\product-service":
2025-10-08 21:17:16,342 [Worker-52: Launching Executing install in C__Users_irene_eclipse-workspace_E-Comm_Appln_product-service] INFO  o.e.m.i.launch.MavenLaunchDelegate -  mvn  -B -Dstyle.color=always install
2025-10-08 21:18:25,035 [Worker-57: Updating Maven Project] INFO  o.e.m.c.i.p.ProjectConfigurationManager - Update started
2025-10-08 21:18:25,596 [Worker-57: Updating Maven Project] INFO  o.e.m.c.i.l.LifecycleMappingFactory - Using org.eclipse.m2e.jdt.JarLifecycleMapping lifecycle mapping for MavenProject: com.irene:productService:0.0.1-SNAPSHOT @ C:\Users\irene\eclipse-workspace\E-Comm_Appln\product-service\pom.xml.
2025-10-08 21:18:27,773 [Worker-57: Updating Maven Project] INFO  o.e.m.j.i.AbstractJavaProjectConfigurator - Adding source folder /product-service/src/main/java
2025-10-08 21:18:27,774 [Worker-57: Updating Maven Project] INFO  o.e.m.j.i.AbstractJavaProjectConfigurator - Adding resource folder /product-service/src/main/resources
2025-10-08 21:18:27,775 [Worker-57: Updating Maven Project] INFO  o.e.m.j.i.AbstractJavaProjectConfigurator - Adding resource folder /product-service/src/main/resources
2025-10-08 21:18:27,776 [Worker-57: Updating Maven Project] INFO  o.e.m.j.i.AbstractJavaProjectConfigurator - Adding source folder /product-service/src/test/java
2025-10-08 21:18:27,777 [Worker-57: Updating Maven Project] INFO  o.e.m.j.i.AbstractJavaProjectConfigurator - Adding resource folder /product-service/src/test/resources
2025-10-08 21:18:28,837 [Worker-57: Updating Maven Project] INFO  o.e.m.c.i.p.ProjectConfigurationManager - Update completed for 1 poms: local refresh takes 0.00 sec, refresh facades takes 2.00 sec, update config takes 1.00 sec 
2025-10-08 21:18:29,314 [Worker-56: Building] INFO  o.a.m.s.f.DefaultMavenResourcesFiltering - Copying 1 resource from src\main\resources to target\classes
2025-10-08 21:18:29,341 [Worker-56: Building] INFO  o.a.m.s.f.DefaultMavenResourcesFiltering - Copying 0 resource from src\main\resources to target\classes
2025-10-08 21:18:29,347 [Worker-56: Building] INFO  o.a.m.s.f.DefaultMavenResourcesFiltering - skip non existing resourceDirectory C:\Users\irene\eclipse-workspace\E-Comm_Appln\product-service\src\test\resources
2025-10-08 21:18:50,865 [Worker-59: Building] INFO  o.e.m.c.i.l.LifecycleMappingFactory - Using org.eclipse.m2e.jdt.JarLifecycleMapping lifecycle mapping for MavenProject: com.irene:productService:0.0.1-SNAPSHOT @ C:\Users\irene\eclipse-workspace\E-Comm_Appln\product-service\pom.xml.
2025-10-08 21:18:52,992 [Worker-59: Building] INFO  o.a.m.s.f.DefaultMavenResourcesFiltering - Copying 0 resource from src\main\resources to target\classes
2025-10-08 21:18:52,994 [Worker-59: Building] INFO  o.a.m.s.f.DefaultMavenResourcesFiltering - Copying 0 resource from src\main\resources to target\classes
2025-10-08 21:18:53,000 [Worker-59: Building] INFO  o.a.m.s.f.DefaultMavenResourcesFiltering - skip non existing resourceDirectory C:\Users\irene\eclipse-workspace\E-Comm_Appln\product-service\src\test\resources
2025-10-08 21:42:10,628 [Worker-57: Building] INFO  o.a.m.s.f.DefaultMavenResourcesFiltering - Copying 1 resource from src\main\resources to target\classes
2025-10-08 21:42:10,639 [Worker-57: Building] INFO  o.a.m.s.f.DefaultMavenResourcesFiltering - Copying 0 resource from src\main\resources to target\classes
2025-10-08 21:42:10,645 [Worker-57: Building] INFO  o.a.m.s.f.DefaultMavenResourcesFiltering - skip non existing resourceDirectory C:\Users\irene\eclipse-workspace\E-Comm_Appln\order-service\src\test\resources
2025-10-08 21:42:36,435 [Worker-53: Building] INFO  o.e.m.c.i.l.LifecycleMappingFactory - Using org.eclipse.m2e.jdt.JarLifecycleMapping lifecycle mapping for MavenProject: com.irene:orderService:0.0.1-SNAPSHOT @ C:\Users\irene\eclipse-workspace\E-Comm_Appln\order-service\pom.xml.
2025-10-08 21:42:38,898 [Worker-53: Building] INFO  o.a.m.s.f.DefaultMavenResourcesFiltering - Copying 0 resource from src\main\resources to target\classes
2025-10-08 21:42:38,899 [Worker-53: Building] INFO  o.a.m.s.f.DefaultMavenResourcesFiltering - Copying 0 resource from src\main\resources to target\classes
2025-10-08 21:42:38,905 [Worker-53: Building] INFO  o.a.m.s.f.DefaultMavenResourcesFiltering - skip non existing resourceDirectory C:\Users\irene\eclipse-workspace\E-Comm_Appln\order-service\src\test\resources
2025-10-08 21:42:39,560 [Worker-61: Building] INFO  o.a.m.s.f.DefaultMavenResourcesFiltering - Copying 1 resource from src\main\resources to target\classes
2025-10-08 21:42:39,611 [Worker-61: Building] INFO  o.a.m.s.f.DefaultMavenResourcesFiltering - Copying 0 resource from src\main\resources to target\classes
2025-10-08 21:42:39,617 [Worker-61: Building] INFO  o.a.m.s.f.DefaultMavenResourcesFiltering - skip non existing resourceDirectory C:\Users\irene\eclipse-workspace\E-Comm_Appln\order-service\src\test\resources
2025-10-08 21:45:28,320 [Start Help Server] INFO  org.eclipse.jetty.server.Server - jetty-12.0.6; built: 2024-01-30T02:43:24.387Z; git: 78ab6e6ba163f89cdd97f2ae0283fbb5e371cfaf; jvm 17.0.10+7
2025-10-08 21:45:28,410 [Start Help Server] INFO  o.e.j.server.handler.ContextHandler - Started oeje8n.ContextHandler$CoreContextHandler@50944de7{/help,/help,b=null,a=AVAILABLE,h=oeje8n.ContextHandler$CoreContextHandler$CoreToNestedHandler@6e3aa427{STARTED}}
2025-10-08 21:45:28,411 [Start Help Server] INFO  o.e.j.s.DefaultSessionIdManager - Session workerName=node0
2025-10-08 21:45:28,455 [Start Help Server] INFO  o.e.jetty.server.AbstractConnector - Started ServerConnector@7fbfbf3e{HTTP/1.1, (http/1.1)}{127.0.0.1:57988}
2025-10-08 21:45:28,486 [Start Help Server] INFO  org.eclipse.jetty.server.Server - Started oejs.Server@589d6026{STARTING}[12.0.6,sto=0] @8007358ms
2025-10-08 21:45:43,602 [Worker-62: Building] INFO  o.a.m.s.f.DefaultMavenResourcesFiltering - Copying 1 resource from src\main\resources to target\classes
2025-10-08 21:45:43,609 [Worker-62: Building] INFO  o.a.m.s.f.DefaultMavenResourcesFiltering - Copying 0 resource from src\main\resources to target\classes
2025-10-08 21:45:43,614 [Worker-62: Building] INFO  o.a.m.s.f.DefaultMavenResourcesFiltering - skip non existing resourceDirectory C:\Users\irene\eclipse-workspace\E-Comm_Appln\order-service\src\test\resources
2025-10-08 21:46:04,949 [Worker-53: Building] INFO  o.a.m.s.f.DefaultMavenResourcesFiltering - Copying 1 resource from src\main\resources to target\classes
2025-10-08 21:46:04,970 [Worker-53: Building] INFO  o.a.m.s.f.DefaultMavenResourcesFiltering - Copying 0 resource from src\main\resources to target\classes
2025-10-08 21:46:04,977 [Worker-53: Building] INFO  o.a.m.s.f.DefaultMavenResourcesFiltering - skip non existing resourceDirectory C:\Users\irene\eclipse-workspace\E-Comm_Appln\order-service\src\test\resources
2025-10-08 21:46:31,599 [Worker-61: Building] INFO  o.a.m.s.f.DefaultMavenResourcesFiltering - Copying 1 resource from src\main\resources to target\classes
2025-10-08 21:46:31,608 [Worker-61: Building] INFO  o.a.m.s.f.DefaultMavenResourcesFiltering - Copying 0 resource from src\main\resources to target\classes
2025-10-08 21:46:31,612 [Worker-61: Building] INFO  o.a.m.s.f.DefaultMavenResourcesFiltering - skip non existing resourceDirectory C:\Users\irene\eclipse-workspace\E-Comm_Appln\order-service\src\test\resources
2025-10-08 21:48:15,635 [Worker-60: Building] INFO  o.e.m.c.i.l.LifecycleMappingFactory - Using org.eclipse.m2e.jdt.JarLifecycleMapping lifecycle mapping for MavenProject: com.irene:orderService:0.0.1-SNAPSHOT @ C:\Users\irene\eclipse-workspace\E-Comm_Appln\order-service\pom.xml.
2025-10-08 21:48:16,943 [Worker-60: Building] INFO  o.e.m.c.i.p.WorkspaceClassifierResolverManager - Resolving P/product-service: com.irene:productService:0.0.1-SNAPSHOT with classifier  to /product-service/target/classes
2025-10-08 21:48:18,047 [Worker-60: Building] INFO  o.a.m.s.f.DefaultMavenResourcesFiltering - Copying 0 resource from src\main\resources to target\classes
2025-10-08 21:48:18,049 [Worker-60: Building] INFO  o.a.m.s.f.DefaultMavenResourcesFiltering - Copying 0 resource from src\main\resources to target\classes
2025-10-08 21:48:18,055 [Worker-60: Building] INFO  o.a.m.s.f.DefaultMavenResourcesFiltering - skip non existing resourceDirectory C:\Users\irene\eclipse-workspace\E-Comm_Appln\order-service\src\test\resources
2025-10-08 21:48:18,753 [Worker-65: Building] INFO  o.a.m.s.f.DefaultMavenResourcesFiltering - Copying 1 resource from src\main\resources to target\classes
2025-10-08 21:48:18,781 [Worker-65: Building] INFO  o.a.m.s.f.DefaultMavenResourcesFiltering - Copying 0 resource from src\main\resources to target\classes
2025-10-08 21:48:18,785 [Worker-65: Building] INFO  o.a.m.s.f.DefaultMavenResourcesFiltering - skip non existing resourceDirectory C:\Users\irene\eclipse-workspace\E-Comm_Appln\order-service\src\test\resources
2025-10-08 21:53:22,420 [Worker-67: Building] INFO  o.a.m.s.f.DefaultMavenResourcesFiltering - Copying 1 resource from src\main\resources to target\classes
2025-10-08 21:53:22,430 [Worker-67: Building] INFO  o.a.m.s.f.DefaultMavenResourcesFiltering - Copying 0 resource from src\main\resources to target\classes
2025-10-08 21:53:22,499 [Worker-67: Building] INFO  o.a.m.s.f.DefaultMavenResourcesFiltering - skip non existing resourceDirectory C:\Users\irene\eclipse-workspace\E-Comm_Appln\order-service\src\test\resources
2025-10-08 21:53:26,752 [Worker-64: Building] INFO  o.a.m.s.f.DefaultMavenResourcesFiltering - Copying 1 resource from src\main\resources to target\classes
2025-10-08 21:53:26,763 [Worker-64: Building] INFO  o.a.m.s.f.DefaultMavenResourcesFiltering - Copying 0 resource from src\main\resources to target\classes
2025-10-08 21:53:26,768 [Worker-64: Building] INFO  o.a.m.s.f.DefaultMavenResourcesFiltering - skip non existing resourceDirectory C:\Users\irene\eclipse-workspace\E-Comm_Appln\order-service\src\test\resources
2025-10-08 21:53:41,304 [Worker-67: Building] INFO  o.a.m.s.f.DefaultMavenResourcesFiltering - Copying 1 resource from src\main\resources to target\classes
2025-10-08 21:53:41,320 [Worker-67: Building] INFO  o.a.m.s.f.DefaultMavenResourcesFiltering - Copying 0 resource from src\main\resources to target\classes
2025-10-08 21:53:41,324 [Worker-67: Building] INFO  o.a.m.s.f.DefaultMavenResourcesFiltering - skip non existing resourceDirectory C:\Users\irene\eclipse-workspace\E-Comm_Appln\order-service\src\test\resources
2025-10-08 22:02:17,567 [Worker-63: Building] INFO  o.a.m.s.f.DefaultMavenResourcesFiltering - Copying 1 resource from src\main\resources to target\classes
2025-10-08 22:02:17,574 [Worker-63: Building] INFO  o.a.m.s.f.DefaultMavenResourcesFiltering - Copying 0 resource from src\main\resources to target\classes
2025-10-08 22:02:17,580 [Worker-63: Building] INFO  o.a.m.s.f.DefaultMavenResourcesFiltering - skip non existing resourceDirectory C:\Users\irene\eclipse-workspace\E-Comm_Appln\order-service\src\test\resources
2025-10-08 22:02:44,643 [Worker-70: Building] INFO  o.a.m.s.f.DefaultMavenResourcesFiltering - Copying 1 resource from src\main\resources to target\classes
2025-10-08 22:02:44,652 [Worker-70: Building] INFO  o.a.m.s.f.DefaultMavenResourcesFiltering - Copying 0 resource from src\main\resources to target\classes
2025-10-08 22:02:44,657 [Worker-70: Building] INFO  o.a.m.s.f.DefaultMavenResourcesFiltering - skip non existing resourceDirectory C:\Users\irene\eclipse-workspace\E-Comm_Appln\order-service\src\test\resources
2025-10-08 22:02:49,573 [Worker-68: Building] INFO  o.a.m.s.f.DefaultMavenResourcesFiltering - Copying 1 resource from src\main\resources to target\classes
2025-10-08 22:02:49,581 [Worker-68: Building] INFO  o.a.m.s.f.DefaultMavenResourcesFiltering - Copying 0 resource from src\main\resources to target\classes
2025-10-08 22:02:49,589 [Worker-68: Building] INFO  o.a.m.s.f.DefaultMavenResourcesFiltering - skip non existing resourceDirectory C:\Users\irene\eclipse-workspace\E-Comm_Appln\order-service\src\test\resources
2025-10-08 22:02:53,218 [Worker-68: Building] INFO  o.a.m.s.f.DefaultMavenResourcesFiltering - Copying 1 resource from src\main\resources to target\classes
2025-10-08 22:02:53,226 [Worker-68: Building] INFO  o.a.m.s.f.DefaultMavenResourcesFiltering - Copying 0 resource from src\main\resources to target\classes
2025-10-08 22:02:53,230 [Worker-68: Building] INFO  o.a.m.s.f.DefaultMavenResourcesFiltering - skip non existing resourceDirectory C:\Users\irene\eclipse-workspace\E-Comm_Appln\order-service\src\test\resources
2025-10-08 22:27:46,629 [Worker-70: Building] INFO  o.a.m.s.f.DefaultMavenResourcesFiltering - Copying 1 resource from src\main\resources to target\classes
2025-10-08 22:27:46,638 [Worker-70: Building] INFO  o.a.m.s.f.DefaultMavenResourcesFiltering - Copying 0 resource from src\main\resources to target\classes
2025-10-08 22:27:46,644 [Worker-70: Building] INFO  o.a.m.s.f.DefaultMavenResourcesFiltering - skip non existing resourceDirectory C:\Users\irene\eclipse-workspace\E-Comm_Appln\order-service\src\test\resources
2025-10-08 22:28:00,282 [Worker-72: Building] INFO  o.a.m.s.f.DefaultMavenResourcesFiltering - Copying 1 resource from src\main\resources to target\classes
2025-10-08 22:28:00,291 [Worker-72: Building] INFO  o.a.m.s.f.DefaultMavenResourcesFiltering - Copying 0 resource from src\main\resources to target\classes
2025-10-08 22:28:00,296 [Worker-72: Building] INFO  o.a.m.s.f.DefaultMavenResourcesFiltering - skip non existing resourceDirectory C:\Users\irene\eclipse-workspace\E-Comm_Appln\order-service\src\test\resources
2025-10-08 22:29:15,747 [Worker-43: Building] INFO  o.a.m.s.f.DefaultMavenResourcesFiltering - Copying 1 resource from src\main\resources to target\classes
2025-10-08 22:29:15,755 [Worker-43: Building] INFO  o.a.m.s.f.DefaultMavenResourcesFiltering - Copying 0 resource from src\main\resources to target\classes
2025-10-08 22:29:15,762 [Worker-43: Building] INFO  o.a.m.s.f.DefaultMavenResourcesFiltering - skip non existing resourceDirectory C:\Users\irene\eclipse-workspace\E-Comm_Appln\order-service\src\test\resources
2025-10-08 22:32:59,317 [Worker-49: Building] INFO  o.a.m.s.f.DefaultMavenResourcesFiltering - Copying 1 resource from src\main\resources to target\classes
2025-10-08 22:32:59,341 [Worker-49: Building] INFO  o.a.m.s.f.DefaultMavenResourcesFiltering - Copying 0 resource from src\main\resources to target\classes
2025-10-08 22:32:59,347 [Worker-49: Building] INFO  o.a.m.s.f.DefaultMavenResourcesFiltering - skip non existing resourceDirectory C:\Users\irene\eclipse-workspace\E-Comm_Appln\product-service\src\test\resources
2025-10-08 22:33:04,690 [Worker-49: Building] INFO  o.a.m.s.f.DefaultMavenResourcesFiltering - Copying 1 resource from src\main\resources to target\classes
2025-10-08 22:33:04,701 [Worker-49: Building] INFO  o.a.m.s.f.DefaultMavenResourcesFiltering - Copying 0 resource from src\main\resources to target\classes
2025-10-08 22:33:04,708 [Worker-49: Building] INFO  o.a.m.s.f.DefaultMavenResourcesFiltering - skip non existing resourceDirectory C:\Users\irene\eclipse-workspace\E-Comm_Appln\product-service\src\test\resources
2025-10-08 22:34:04,527 [Worker-72: Building] INFO  o.a.m.s.f.DefaultMavenResourcesFiltering - Copying 1 resource from src\main\resources to target\classes
2025-10-08 22:34:04,534 [Worker-72: Building] INFO  o.a.m.s.f.DefaultMavenResourcesFiltering - Copying 0 resource from src\main\resources to target\classes
2025-10-08 22:34:04,539 [Worker-72: Building] INFO  o.a.m.s.f.DefaultMavenResourcesFiltering - skip non existing resourceDirectory C:\Users\irene\eclipse-workspace\E-Comm_Appln\product-service\src\test\resources
2025-10-08 22:34:36,231 [Worker-49: Building] INFO  o.a.m.s.f.DefaultMavenResourcesFiltering - Copying 1 resource from src\main\resources to target\classes
2025-10-08 22:34:36,238 [Worker-49: Building] INFO  o.a.m.s.f.DefaultMavenResourcesFiltering - Copying 0 resource from src\main\resources to target\classes
2025-10-08 22:34:36,243 [Worker-49: Building] INFO  o.a.m.s.f.DefaultMavenResourcesFiltering - skip non existing resourceDirectory C:\Users\irene\eclipse-workspace\E-Comm_Appln\product-service\src\test\resources
2025-10-08 22:34:46,253 [Worker-63: Building] INFO  o.a.m.s.f.DefaultMavenResourcesFiltering - Copying 1 resource from src\main\resources to target\classes
2025-10-08 22:34:46,261 [Worker-63: Building] INFO  o.a.m.s.f.DefaultMavenResourcesFiltering - Copying 0 resource from src\main\resources to target\classes
2025-10-08 22:34:46,266 [Worker-63: Building] INFO  o.a.m.s.f.DefaultMavenResourcesFiltering - skip non existing resourceDirectory C:\Users\irene\eclipse-workspace\E-Comm_Appln\product-service\src\test\resources
2025-10-08 22:35:52,541 [Worker-43: Building] INFO  o.a.m.s.f.DefaultMavenResourcesFiltering - Copying 1 resource from src\main\resources to target\classes
2025-10-08 22:35:52,551 [Worker-43: Building] INFO  o.a.m.s.f.DefaultMavenResourcesFiltering - Copying 0 resource from src\main\resources to target\classes
2025-10-08 22:35:52,555 [Worker-43: Building] INFO  o.a.m.s.f.DefaultMavenResourcesFiltering - skip non existing resourceDirectory C:\Users\irene\eclipse-workspace\E-Comm_Appln\product-service\src\test\resources
2025-10-08 22:36:00,299 [Worker-63: Building] INFO  o.a.m.s.f.DefaultMavenResourcesFiltering - Copying 1 resource from src\main\resources to target\classes
2025-10-08 22:36:00,309 [Worker-63: Building] INFO  o.a.m.s.f.DefaultMavenResourcesFiltering - Copying 0 resource from src\main\resources to target\classes
2025-10-08 22:36:00,314 [Worker-63: Building] INFO  o.a.m.s.f.DefaultMavenResourcesFiltering - skip non existing resourceDirectory C:\Users\irene\eclipse-workspace\E-Comm_Appln\product-service\src\test\resources
2025-10-08 22:36:34,215 [Worker-63: Building] INFO  o.a.m.s.f.DefaultMavenResourcesFiltering - Copying 1 resource from src\main\resources to target\classes
2025-10-08 22:36:34,223 [Worker-63: Building] INFO  o.a.m.s.f.DefaultMavenResourcesFiltering - Copying 0 resource from src\main\resources to target\classes
2025-10-08 22:36:34,228 [Worker-63: Building] INFO  o.a.m.s.f.DefaultMavenResourcesFiltering - skip non existing resourceDirectory C:\Users\irene\eclipse-workspace\E-Comm_Appln\order-service\src\test\resources
2025-10-08 22:37:05,360 [Worker-70: Building] INFO  o.a.m.s.f.DefaultMavenResourcesFiltering - Copying 1 resource from src\main\resources to target\classes
2025-10-08 22:37:05,367 [Worker-70: Building] INFO  o.a.m.s.f.DefaultMavenResourcesFiltering - Copying 0 resource from src\main\resources to target\classes
2025-10-08 22:37:05,372 [Worker-70: Building] INFO  o.a.m.s.f.DefaultMavenResourcesFiltering - skip non existing resourceDirectory C:\Users\irene\eclipse-workspace\E-Comm_Appln\order-service\src\test\resources
2025-10-08 22:37:27,366 [Worker-73: Building] INFO  o.a.m.s.f.DefaultMavenResourcesFiltering - Copying 1 resource from src\main\resources to target\classes
2025-10-08 22:37:27,373 [Worker-73: Building] INFO  o.a.m.s.f.DefaultMavenResourcesFiltering - Copying 0 resource from src\main\resources to target\classes
2025-10-08 22:37:27,378 [Worker-73: Building] INFO  o.a.m.s.f.DefaultMavenResourcesFiltering - skip non existing resourceDirectory C:\Users\irene\eclipse-workspace\E-Comm_Appln\order-service\src\test\resources
2025-10-08 22:37:32,993 [Worker-70: Building] INFO  o.a.m.s.f.DefaultMavenResourcesFiltering - Copying 1 resource from src\main\resources to target\classes
2025-10-08 22:37:32,998 [Worker-70: Building] INFO  o.a.m.s.f.DefaultMavenResourcesFiltering - Copying 0 resource from src\main\resources to target\classes
2025-10-08 22:37:33,004 [Worker-70: Building] INFO  o.a.m.s.f.DefaultMavenResourcesFiltering - skip non existing resourceDirectory C:\Users\irene\eclipse-workspace\E-Comm_Appln\order-service\src\test\resources
2025-10-08 22:38:16,712 [Worker-63: Updating Maven Project] INFO  o.e.m.c.i.p.ProjectConfigurationManager - Update started
2025-10-08 22:38:17,320 [Worker-63: Updating Maven Project] INFO  o.e.m.c.i.l.LifecycleMappingFactory - Using org.eclipse.m2e.jdt.JarLifecycleMapping lifecycle mapping for MavenProject: com.irene:productService:0.0.1-SNAPSHOT @ C:\Users\irene\eclipse-workspace\E-Comm_Appln\product-service\pom.xml.
2025-10-08 22:38:19,723 [Worker-63: Updating Maven Project] INFO  o.e.m.j.i.AbstractJavaProjectConfigurator - Adding source folder /product-service/src/main/java
2025-10-08 22:38:19,725 [Worker-63: Updating Maven Project] INFO  o.e.m.j.i.AbstractJavaProjectConfigurator - Adding resource folder /product-service/src/main/resources
2025-10-08 22:38:19,726 [Worker-63: Updating Maven Project] INFO  o.e.m.j.i.AbstractJavaProjectConfigurator - Adding resource folder /product-service/src/main/resources
2025-10-08 22:38:19,726 [Worker-63: Updating Maven Project] INFO  o.e.m.j.i.AbstractJavaProjectConfigurator - Adding source folder /product-service/src/test/java
2025-10-08 22:38:19,727 [Worker-63: Updating Maven Project] INFO  o.e.m.j.i.AbstractJavaProjectConfigurator - Adding resource folder /product-service/src/test/resources
2025-10-08 22:38:20,925 [Worker-63: Updating Maven Project] INFO  o.e.m.c.i.p.ProjectConfigurationManager - Update completed for 1 poms: local refresh takes 0.00 sec, refresh facades takes 2.00 sec, update config takes 1.00 sec 
2025-10-08 22:38:21,447 [Worker-43: Building] INFO  o.a.m.s.f.DefaultMavenResourcesFiltering - Copying 1 resource from src\main\resources to target\classes
2025-10-08 22:38:21,477 [Worker-43: Building] INFO  o.a.m.s.f.DefaultMavenResourcesFiltering - Copying 0 resource from src\main\resources to target\classes
2025-10-08 22:38:21,485 [Worker-43: Building] INFO  o.a.m.s.f.DefaultMavenResourcesFiltering - skip non existing resourceDirectory C:\Users\irene\eclipse-workspace\E-Comm_Appln\product-service\src\test\resources
2025-10-08 22:38:29,315 [Worker-74: Updating Maven Project] INFO  o.e.m.c.i.p.ProjectConfigurationManager - Update started
2025-10-08 22:38:29,925 [Worker-74: Updating Maven Project] INFO  o.e.m.c.i.l.LifecycleMappingFactory - Using org.eclipse.m2e.jdt.JarLifecycleMapping lifecycle mapping for MavenProject: com.irene:orderService:0.0.1-SNAPSHOT @ C:\Users\irene\eclipse-workspace\E-Comm_Appln\order-service\pom.xml.
2025-10-08 22:38:31,145 [Worker-74: Updating Maven Project] INFO  o.e.m.c.i.p.WorkspaceClassifierResolverManager - Resolving P/product-service: com.irene:productService:0.0.1-SNAPSHOT with classifier  to /product-service/target/classes
2025-10-08 22:38:32,210 [Worker-74: Updating Maven Project] INFO  o.e.m.j.i.AbstractJavaProjectConfigurator - Adding source folder /order-service/src/main/java
2025-10-08 22:38:32,211 [Worker-74: Updating Maven Project] INFO  o.e.m.j.i.AbstractJavaProjectConfigurator - Adding resource folder /order-service/src/main/resources
2025-10-08 22:38:32,212 [Worker-74: Updating Maven Project] INFO  o.e.m.j.i.AbstractJavaProjectConfigurator - Adding resource folder /order-service/src/main/resources
2025-10-08 22:38:32,212 [Worker-74: Updating Maven Project] INFO  o.e.m.j.i.AbstractJavaProjectConfigurator - Adding source folder /order-service/src/test/java
2025-10-08 22:38:32,214 [Worker-74: Updating Maven Project] INFO  o.e.m.j.i.AbstractJavaProjectConfigurator - Adding resource folder /order-service/src/test/resources
2025-10-08 22:38:33,568 [Worker-74: Updating Maven Project] INFO  o.e.m.c.i.p.ProjectConfigurationManager - Update completed for 1 poms: local refresh takes 0.00 sec, refresh facades takes 2.00 sec, update config takes 1.00 sec 
2025-10-08 22:38:34,218 [Worker-74: Building] INFO  o.a.m.s.f.DefaultMavenResourcesFiltering - Copying 1 resource from src\main\resources to target\classes
2025-10-08 22:38:34,239 [Worker-74: Building] INFO  o.a.m.s.f.DefaultMavenResourcesFiltering - Copying 0 resource from src\main\resources to target\classes
2025-10-08 22:38:34,244 [Worker-74: Building] INFO  o.a.m.s.f.DefaultMavenResourcesFiltering - skip non existing resourceDirectory C:\Users\irene\eclipse-workspace\E-Comm_Appln\order-service\src\test\resources
2025-10-08 22:39:05,205 [Worker-43: Building] INFO  o.a.m.s.f.DefaultMavenResourcesFiltering - Copying 1 resource from src\main\resources to target\classes
2025-10-08 22:39:05,213 [Worker-43: Building] INFO  o.a.m.s.f.DefaultMavenResourcesFiltering - Copying 0 resource from src\main\resources to target\classes
2025-10-08 22:39:05,217 [Worker-43: Building] INFO  o.a.m.s.f.DefaultMavenResourcesFiltering - skip non existing resourceDirectory C:\Users\irene\eclipse-workspace\E-Comm_Appln\order-service\src\test\resources
2025-10-08 22:41:54,037 [Worker-74: Building] INFO  o.a.m.s.f.DefaultMavenResourcesFiltering - Copying 1 resource from src\main\resources to target\classes
2025-10-08 22:41:54,047 [Worker-74: Building] INFO  o.a.m.s.f.DefaultMavenResourcesFiltering - Copying 0 resource from src\main\resources to target\classes
2025-10-08 22:41:54,053 [Worker-74: Building] INFO  o.a.m.s.f.DefaultMavenResourcesFiltering - skip non existing resourceDirectory C:\Users\irene\eclipse-workspace\E-Comm_Appln\order-service\src\test\resources
2025-10-08 22:42:13,116 [Worker-74: Building] INFO  o.a.m.s.f.DefaultMavenResourcesFiltering - Copying 1 resource from src\main\resources to target\classes
2025-10-08 22:42:13,123 [Worker-74: Building] INFO  o.a.m.s.f.DefaultMavenResourcesFiltering - Copying 0 resource from src\main\resources to target\classes
2025-10-08 22:42:13,127 [Worker-74: Building] INFO  o.a.m.s.f.DefaultMavenResourcesFiltering - skip non existing resourceDirectory C:\Users\irene\eclipse-workspace\E-Comm_Appln\order-service\src\test\resources
2025-10-08 22:42:30,310 [Worker-74: Building] INFO  o.a.m.s.f.DefaultMavenResourcesFiltering - Copying 1 resource from src\main\resources to target\classes
2025-10-08 22:42:30,317 [Worker-74: Building] INFO  o.a.m.s.f.DefaultMavenResourcesFiltering - Copying 0 resource from src\main\resources to target\classes
2025-10-08 22:42:30,322 [Worker-74: Building] INFO  o.a.m.s.f.DefaultMavenResourcesFiltering - skip non existing resourceDirectory C:\Users\irene\eclipse-workspace\E-Comm_Appln\order-service\src\test\resources
2025-10-08 22:42:46,544 [Worker-43: Building] INFO  o.a.m.s.f.DefaultMavenResourcesFiltering - Copying 1 resource from src\main\resources to target\classes
2025-10-08 22:42:46,553 [Worker-43: Building] INFO  o.a.m.s.f.DefaultMavenResourcesFiltering - Copying 0 resource from src\main\resources to target\classes
2025-10-08 22:42:46,557 [Worker-43: Building] INFO  o.a.m.s.f.DefaultMavenResourcesFiltering - skip non existing resourceDirectory C:\Users\irene\eclipse-workspace\E-Comm_Appln\order-service\src\test\resources
2025-10-08 22:43:12,532 [Worker-76: Building] INFO  o.a.m.s.f.DefaultMavenResourcesFiltering - Copying 1 resource from src\main\resources to target\classes
2025-10-08 22:43:12,540 [Worker-76: Building] INFO  o.a.m.s.f.DefaultMavenResourcesFiltering - Copying 0 resource from src\main\resources to target\classes
2025-10-08 22:43:12,544 [Worker-76: Building] INFO  o.a.m.s.f.DefaultMavenResourcesFiltering - skip non existing resourceDirectory C:\Users\irene\eclipse-workspace\E-Comm_Appln\order-service\src\test\resources
2025-10-08 22:48:30,257 [Worker-80: Building] INFO  o.a.m.s.f.DefaultMavenResourcesFiltering - Copying 1 resource from src\main\resources to target\classes
2025-10-08 22:48:30,266 [Worker-80: Building] INFO  o.a.m.s.f.DefaultMavenResourcesFiltering - Copying 0 resource from src\main\resources to target\classes
2025-10-08 22:48:30,276 [Worker-80: Building] INFO  o.a.m.s.f.DefaultMavenResourcesFiltering - skip non existing resourceDirectory C:\Users\irene\eclipse-workspace\E-Comm_Appln\order-service\src\test\resources
2025-10-08 22:49:46,717 [Stop Help Server] INFO  org.eclipse.jetty.server.Server - Stopped oejs.Server@589d6026{STOPPING}[12.0.6,sto=0]
2025-10-08 22:49:46,727 [Stop Help Server] INFO  o.e.jetty.server.AbstractConnector - Stopped ServerConnector@7fbfbf3e{HTTP/1.1, (http/1.1)}{127.0.0.1:0}
2025-10-09 21:37:15,634 [Worker-9: Loading available Gradle versions] INFO  o.e.b.c.i.u.g.PublishedGradleVersions - Gradle version information cache is out-of-date. Trying to update.
2025-10-09 21:40:24,752 [Worker-31: Building] INFO  o.e.m.c.i.p.WorkspaceClassifierResolverManager - Resolving P/product-service: com.irene:productService:0.0.1-SNAPSHOT with classifier  to /product-service/target/classes
2025-10-09 21:40:25,395 [Worker-31: Building] INFO  o.a.m.s.f.DefaultMavenResourcesFiltering - Copying 1 resource from src\main\resources to target\classes
2025-10-09 21:40:25,420 [Worker-31: Building] INFO  o.a.m.s.f.DefaultMavenResourcesFiltering - Copying 0 resource from src\main\resources to target\classes
2025-10-09 21:40:25,428 [Worker-31: Building] INFO  o.a.m.s.f.DefaultMavenResourcesFiltering - skip non existing resourceDirectory C:\Users\irene\eclipse-workspace\E-Comm_Appln\order-service\src\test\resources
2025-10-09 21:43:31,237 [Start Help Server] INFO  org.eclipse.jetty.server.Server - jetty-12.0.6; built: 2024-01-30T02:43:24.387Z; git: 78ab6e6ba163f89cdd97f2ae0283fbb5e371cfaf; jvm 17.0.10+7
2025-10-09 21:43:31,339 [Start Help Server] INFO  o.e.j.server.handler.ContextHandler - Started oeje8n.ContextHandler$CoreContextHandler@13cbfaba{/help,/help,b=null,a=AVAILABLE,h=oeje8n.ContextHandler$CoreContextHandler$CoreToNestedHandler@54a4d2c1{STARTED}}
2025-10-09 21:43:31,341 [Start Help Server] INFO  o.e.j.s.DefaultSessionIdManager - Session workerName=node0
2025-10-09 21:43:31,401 [Start Help Server] INFO  o.e.jetty.server.AbstractConnector - Started ServerConnector@3fee682f{HTTP/1.1, (http/1.1)}{127.0.0.1:61204}
2025-10-09 21:43:31,439 [Start Help Server] INFO  org.eclipse.jetty.server.Server - Started oejs.Server@baa470c{STARTING}[12.0.6,sto=0] @403647ms
2025-10-09 22:30:25,351 [Worker-41: Building] INFO  o.a.m.s.f.DefaultMavenResourcesFiltering - Copying 1 resource from src\main\resources to target\classes
2025-10-09 22:30:25,374 [Worker-41: Building] INFO  o.a.m.s.f.DefaultMavenResourcesFiltering - Copying 0 resource from src\main\resources to target\classes
2025-10-09 22:30:25,381 [Worker-41: Building] INFO  o.a.m.s.f.DefaultMavenResourcesFiltering - skip non existing resourceDirectory C:\Users\irene\eclipse-workspace\E-Comm_Appln\order-service\src\test\resources
2025-10-09 22:35:35,834 [Worker-42: Building] INFO  o.a.m.s.f.DefaultMavenResourcesFiltering - Copying 1 resource from src\main\resources to target\classes
2025-10-09 22:35:35,872 [Worker-42: Building] INFO  o.a.m.s.f.DefaultMavenResourcesFiltering - Copying 0 resource from src\main\resources to target\classes
2025-10-09 22:35:35,877 [Worker-42: Building] INFO  o.a.m.s.f.DefaultMavenResourcesFiltering - skip non existing resourceDirectory C:\Users\irene\eclipse-workspace\E-Comm_Appln\order-service\src\test\resources
2025-10-09 22:35:52,679 [Worker-44: Building] INFO  o.a.m.s.f.DefaultMavenResourcesFiltering - Copying 1 resource from src\main\resources to target\classes
2025-10-09 22:35:52,686 [Worker-44: Building] INFO  o.a.m.s.f.DefaultMavenResourcesFiltering - Copying 0 resource from src\main\resources to target\classes
2025-10-09 22:35:52,692 [Worker-44: Building] INFO  o.a.m.s.f.DefaultMavenResourcesFiltering - skip non existing resourceDirectory C:\Users\irene\eclipse-workspace\E-Comm_Appln\order-service\src\test\resources
2025-10-09 22:35:57,083 [Worker-45: Building] INFO  o.a.m.s.f.DefaultMavenResourcesFiltering - Copying 1 resource from src\main\resources to target\classes
2025-10-09 22:35:57,089 [Worker-45: Building] INFO  o.a.m.s.f.DefaultMavenResourcesFiltering - Copying 0 resource from src\main\resources to target\classes
2025-10-09 22:35:57,094 [Worker-45: Building] INFO  o.a.m.s.f.DefaultMavenResourcesFiltering - skip non existing resourceDirectory C:\Users\irene\eclipse-workspace\E-Comm_Appln\order-service\src\test\resources
2025-10-09 22:36:15,867 [Stop Help Server] INFO  org.eclipse.jetty.server.Server - Stopped oejs.Server@baa470c{STOPPING}[12.0.6,sto=0]
2025-10-09 22:36:15,908 [Stop Help Server] INFO  o.e.jetty.server.AbstractConnector - Stopped ServerConnector@3fee682f{HTTP/1.1, (http/1.1)}{127.0.0.1:0}
2025-10-12 18:53:02,189 [Worker-5: Loading available Gradle versions] INFO  o.e.b.c.i.u.g.PublishedGradleVersions - Gradle version information cache is out-of-date. Trying to update.
2025-10-12 18:53:59,556 [Start Help Server] INFO  org.eclipse.jetty.server.Server - jetty-12.0.6; built: 2024-01-30T02:43:24.387Z; git: 78ab6e6ba163f89cdd97f2ae0283fbb5e371cfaf; jvm 17.0.10+7
2025-10-12 18:53:59,653 [Start Help Server] INFO  o.e.j.server.handler.ContextHandler - Started oeje8n.ContextHandler$CoreContextHandler@2cba3e9d{/help,/help,b=null,a=AVAILABLE,h=oeje8n.ContextHandler$CoreContextHandler$CoreToNestedHandler@2bad3bff{STARTED}}
2025-10-12 18:53:59,654 [Start Help Server] INFO  o.e.j.s.DefaultSessionIdManager - Session workerName=node0
2025-10-12 18:53:59,702 [Start Help Server] INFO  o.e.jetty.server.AbstractConnector - Started ServerConnector@273be9c3{HTTP/1.1, (http/1.1)}{127.0.0.1:55989}
2025-10-12 18:53:59,754 [Start Help Server] INFO  org.eclipse.jetty.server.Server - Started oejs.Server@2e4d459a{STARTING}[12.0.6,sto=0] @628657ms
2025-10-12 18:54:00,266 [Worker-20: Building] INFO  o.e.m.c.i.p.WorkspaceClassifierResolverManager - Resolving P/product-service: com.irene:productService:0.0.1-SNAPSHOT with classifier  to /product-service/target/classes
2025-10-12 18:54:02,333 [Worker-20: Building] INFO  o.a.m.s.f.DefaultMavenResourcesFiltering - Copying 1 resource from src\main\resources to target\classes
2025-10-12 18:54:02,428 [Worker-20: Building] INFO  o.a.m.s.f.DefaultMavenResourcesFiltering - Copying 0 resource from src\main\resources to target\classes
2025-10-12 18:54:02,438 [Worker-20: Building] INFO  o.a.m.s.f.DefaultMavenResourcesFiltering - skip non existing resourceDirectory C:\Users\irene\eclipse-workspace\E-Comm_Appln\order-service\src\test\resources
2025-10-12 20:55:18,546 [Worker-41: Building] INFO  o.a.m.s.f.DefaultMavenResourcesFiltering - Copying 1 resource from src\main\resources to target\classes
2025-10-12 20:55:18,566 [Worker-41: Building] INFO  o.a.m.s.f.DefaultMavenResourcesFiltering - Copying 0 resource from src\main\resources to target\classes
2025-10-12 20:55:18,573 [Worker-41: Building] INFO  o.a.m.s.f.DefaultMavenResourcesFiltering - skip non existing resourceDirectory C:\Users\irene\eclipse-workspace\E-Comm_Appln\order-service\src\test\resources
2025-10-12 20:58:22,642 [Worker-41: Building] INFO  o.a.m.s.f.DefaultMavenResourcesFiltering - Copying 1 resource from src\main\resources to target\classes
2025-10-12 20:58:22,656 [Worker-41: Building] INFO  o.a.m.s.f.DefaultMavenResourcesFiltering - Copying 0 resource from src\main\resources to target\classes
2025-10-12 20:58:22,665 [Worker-41: Building] INFO  o.a.m.s.f.DefaultMavenResourcesFiltering - skip non existing resourceDirectory C:\Users\irene\eclipse-workspace\E-Comm_Appln\order-service\src\test\resources
2025-10-12 21:09:04,777 [Worker-46: Building] INFO  o.a.m.s.f.DefaultMavenResourcesFiltering - Copying 1 resource from src\main\resources to target\classes
2025-10-12 21:09:04,787 [Worker-46: Building] INFO  o.a.m.s.f.DefaultMavenResourcesFiltering - Copying 0 resource from src\main\resources to target\classes
2025-10-12 21:09:04,793 [Worker-46: Building] INFO  o.a.m.s.f.DefaultMavenResourcesFiltering - skip non existing resourceDirectory C:\Users\irene\eclipse-workspace\E-Comm_Appln\order-service\src\test\resources
2025-10-12 21:19:52,354 [Worker-49: Building] INFO  o.a.m.s.f.DefaultMavenResourcesFiltering - Copying 1 resource from src\main\resources to target\classes
2025-10-12 21:19:52,389 [Worker-49: Building] INFO  o.a.m.s.f.DefaultMavenResourcesFiltering - Copying 0 resource from src\main\resources to target\classes
2025-10-12 21:19:52,395 [Worker-49: Building] INFO  o.a.m.s.f.DefaultMavenResourcesFiltering - skip non existing resourceDirectory C:\Users\irene\eclipse-workspace\E-Comm_Appln\order-service\src\test\resources
2025-10-12 21:20:25,612 [Worker-49: Building] INFO  o.a.m.s.f.DefaultMavenResourcesFiltering - Copying 1 resource from src\main\resources to target\classes
2025-10-12 21:20:25,624 [Worker-49: Building] INFO  o.a.m.s.f.DefaultMavenResourcesFiltering - Copying 0 resource from src\main\resources to target\classes
2025-10-12 21:20:25,630 [Worker-49: Building] INFO  o.a.m.s.f.DefaultMavenResourcesFiltering - skip non existing resourceDirectory C:\Users\irene\eclipse-workspace\E-Comm_Appln\order-service\src\test\resources
2025-10-12 21:20:43,160 [Worker-46: Building] INFO  o.a.m.s.f.DefaultMavenResourcesFiltering - Copying 1 resource from src\main\resources to target\classes
2025-10-12 21:20:43,170 [Worker-46: Building] INFO  o.a.m.s.f.DefaultMavenResourcesFiltering - Copying 0 resource from src\main\resources to target\classes
2025-10-12 21:20:43,176 [Worker-46: Building] INFO  o.a.m.s.f.DefaultMavenResourcesFiltering - skip non existing resourceDirectory C:\Users\irene\eclipse-workspace\E-Comm_Appln\order-service\src\test\resources
2025-10-12 21:21:05,095 [Worker-50: Building] INFO  o.a.m.s.f.DefaultMavenResourcesFiltering - Copying 1 resource from src\main\resources to target\classes
2025-10-12 21:21:05,102 [Worker-50: Building] INFO  o.a.m.s.f.DefaultMavenResourcesFiltering - Copying 0 resource from src\main\resources to target\classes
2025-10-12 21:21:05,112 [Worker-50: Building] INFO  o.a.m.s.f.DefaultMavenResourcesFiltering - skip non existing resourceDirectory C:\Users\irene\eclipse-workspace\E-Comm_Appln\order-service\src\test\resources
2025-10-12 21:21:18,077 [Worker-49: Building] INFO  o.a.m.s.f.DefaultMavenResourcesFiltering - Copying 1 resource from src\main\resources to target\classes
2025-10-12 21:21:18,084 [Worker-49: Building] INFO  o.a.m.s.f.DefaultMavenResourcesFiltering - Copying 0 resource from src\main\resources to target\classes
2025-10-12 21:21:18,090 [Worker-49: Building] INFO  o.a.m.s.f.DefaultMavenResourcesFiltering - skip non existing resourceDirectory C:\Users\irene\eclipse-workspace\E-Comm_Appln\order-service\src\test\resources
2025-10-12 21:39:07,197 [Worker-53: Building] INFO  o.a.m.s.f.DefaultMavenResourcesFiltering - Copying 1 resource from src\main\resources to target\classes
2025-10-12 21:39:07,208 [Worker-53: Building] INFO  o.a.m.s.f.DefaultMavenResourcesFiltering - Copying 0 resource from src\main\resources to target\classes
2025-10-12 21:39:07,213 [Worker-53: Building] INFO  o.a.m.s.f.DefaultMavenResourcesFiltering - skip non existing resourceDirectory C:\Users\irene\eclipse-workspace\E-Comm_Appln\order-service\src\test\resources
2025-10-12 21:41:40,779 [Worker-52: Building] INFO  o.a.m.s.f.DefaultMavenResourcesFiltering - Copying 1 resource from src\main\resources to target\classes
2025-10-12 21:41:40,787 [Worker-52: Building] INFO  o.a.m.s.f.DefaultMavenResourcesFiltering - Copying 0 resource from src\main\resources to target\classes
2025-10-12 21:41:40,792 [Worker-52: Building] INFO  o.a.m.s.f.DefaultMavenResourcesFiltering - skip non existing resourceDirectory C:\Users\irene\eclipse-workspace\E-Comm_Appln\order-service\src\test\resources
2025-10-12 22:13:02,654 [Worker-59: Building] INFO  o.a.m.s.f.DefaultMavenResourcesFiltering - Copying 1 resource from src\main\resources to target\classes
2025-10-12 22:13:02,764 [Worker-59: Building] INFO  o.a.m.s.f.DefaultMavenResourcesFiltering - Copying 0 resource from src\main\resources to target\classes
2025-10-12 22:13:02,771 [Worker-59: Building] INFO  o.a.m.s.f.DefaultMavenResourcesFiltering - skip non existing resourceDirectory C:\Users\irene\eclipse-workspace\E-Comm_Appln\product-service\src\test\resources
2025-10-12 22:14:30,144 [Worker-60: Building] INFO  o.a.m.s.f.DefaultMavenResourcesFiltering - Copying 1 resource from src\main\resources to target\classes
2025-10-12 22:14:30,227 [Worker-60: Building] INFO  o.a.m.s.f.DefaultMavenResourcesFiltering - Copying 0 resource from src\main\resources to target\classes
2025-10-12 22:14:30,233 [Worker-60: Building] INFO  o.a.m.s.f.DefaultMavenResourcesFiltering - skip non existing resourceDirectory C:\Users\irene\eclipse-workspace\E-Comm_Appln\order-service\src\test\resources
2025-10-12 22:19:52,619 [Worker-59: Building] INFO  o.a.m.s.f.DefaultMavenResourcesFiltering - Copying 1 resource from src\main\resources to target\classes
2025-10-12 22:19:52,629 [Worker-59: Building] INFO  o.a.m.s.f.DefaultMavenResourcesFiltering - Copying 0 resource from src\main\resources to target\classes
2025-10-12 22:19:52,636 [Worker-59: Building] INFO  o.a.m.s.f.DefaultMavenResourcesFiltering - skip non existing resourceDirectory C:\Users\irene\eclipse-workspace\E-Comm_Appln\order-service\src\test\resources
2025-10-12 22:20:46,944 [Worker-63: Building] INFO  o.a.m.s.f.DefaultMavenResourcesFiltering - Copying 1 resource from src\main\resources to target\classes
2025-10-12 22:20:46,952 [Worker-63: Building] INFO  o.a.m.s.f.DefaultMavenResourcesFiltering - Copying 0 resource from src\main\resources to target\classes
2025-10-12 22:20:46,959 [Worker-63: Building] INFO  o.a.m.s.f.DefaultMavenResourcesFiltering - skip non existing resourceDirectory C:\Users\irene\eclipse-workspace\E-Comm_Appln\order-service\src\test\resources
2025-10-12 22:22:03,695 [Worker-64: Building] INFO  o.a.m.s.f.DefaultMavenResourcesFiltering - Copying 1 resource from src\main\resources to target\classes
2025-10-12 22:22:03,707 [Worker-64: Building] INFO  o.a.m.s.f.DefaultMavenResourcesFiltering - Copying 0 resource from src\main\resources to target\classes
2025-10-12 22:22:03,714 [Worker-64: Building] INFO  o.a.m.s.f.DefaultMavenResourcesFiltering - skip non existing resourceDirectory C:\Users\irene\eclipse-workspace\E-Comm_Appln\order-service\src\test\resources
2025-10-12 22:22:51,327 [Worker-65: Building] INFO  o.a.m.s.f.DefaultMavenResourcesFiltering - Copying 1 resource from src\main\resources to target\classes
2025-10-12 22:22:51,345 [Worker-65: Building] INFO  o.a.m.s.f.DefaultMavenResourcesFiltering - Copying 0 resource from src\main\resources to target\classes
2025-10-12 22:22:51,350 [Worker-65: Building] INFO  o.a.m.s.f.DefaultMavenResourcesFiltering - skip non existing resourceDirectory C:\Users\irene\eclipse-workspace\E-Comm_Appln\order-service\src\test\resources
2025-10-12 22:23:11,533 [Worker-65: Building] INFO  o.a.m.s.f.DefaultMavenResourcesFiltering - Copying 1 resource from src\main\resources to target\classes
2025-10-12 22:23:11,540 [Worker-65: Building] INFO  o.a.m.s.f.DefaultMavenResourcesFiltering - Copying 0 resource from src\main\resources to target\classes
2025-10-12 22:23:11,548 [Worker-65: Building] INFO  o.a.m.s.f.DefaultMavenResourcesFiltering - skip non existing resourceDirectory C:\Users\irene\eclipse-workspace\E-Comm_Appln\order-service\src\test\resources
2025-10-12 22:23:38,415 [Worker-64: Building] INFO  o.a.m.s.f.DefaultMavenResourcesFiltering - Copying 1 resource from src\main\resources to target\classes
2025-10-12 22:23:38,423 [Worker-64: Building] INFO  o.a.m.s.f.DefaultMavenResourcesFiltering - Copying 0 resource from src\main\resources to target\classes
2025-10-12 22:23:38,429 [Worker-64: Building] INFO  o.a.m.s.f.DefaultMavenResourcesFiltering - skip non existing resourceDirectory C:\Users\irene\eclipse-workspace\E-Comm_Appln\order-service\src\test\resources
2025-10-12 22:24:07,076 [Worker-64: Building] INFO  o.a.m.s.f.DefaultMavenResourcesFiltering - Copying 1 resource from src\main\resources to target\classes
2025-10-12 22:24:07,084 [Worker-64: Building] INFO  o.a.m.s.f.DefaultMavenResourcesFiltering - Copying 0 resource from src\main\resources to target\classes
2025-10-12 22:24:07,091 [Worker-64: Building] INFO  o.a.m.s.f.DefaultMavenResourcesFiltering - skip non existing resourceDirectory C:\Users\irene\eclipse-workspace\E-Comm_Appln\order-service\src\test\resources
2025-10-12 22:24:09,881 [Worker-65: Building] INFO  o.a.m.s.f.DefaultMavenResourcesFiltering - Copying 1 resource from src\main\resources to target\classes
2025-10-12 22:24:09,889 [Worker-65: Building] INFO  o.a.m.s.f.DefaultMavenResourcesFiltering - Copying 0 resource from src\main\resources to target\classes
2025-10-12 22:24:09,895 [Worker-65: Building] INFO  o.a.m.s.f.DefaultMavenResourcesFiltering - skip non existing resourceDirectory C:\Users\irene\eclipse-workspace\E-Comm_Appln\order-service\src\test\resources
2025-10-12 22:24:27,831 [Worker-65: Building] INFO  o.a.m.s.f.DefaultMavenResourcesFiltering - Copying 1 resource from src\main\resources to target\classes
2025-10-12 22:24:27,839 [Worker-65: Building] INFO  o.a.m.s.f.DefaultMavenResourcesFiltering - Copying 0 resource from src\main\resources to target\classes
2025-10-12 22:24:27,845 [Worker-65: Building] INFO  o.a.m.s.f.DefaultMavenResourcesFiltering - skip non existing resourceDirectory C:\Users\irene\eclipse-workspace\E-Comm_Appln\order-service\src\test\resources
2025-10-12 22:24:41,529 [Worker-65: Building] INFO  o.a.m.s.f.DefaultMavenResourcesFiltering - Copying 1 resource from src\main\resources to target\classes
2025-10-12 22:24:41,535 [Worker-65: Building] INFO  o.a.m.s.f.DefaultMavenResourcesFiltering - Copying 0 resource from src\main\resources to target\classes
2025-10-12 22:24:41,540 [Worker-65: Building] INFO  o.a.m.s.f.DefaultMavenResourcesFiltering - skip non existing resourceDirectory C:\Users\irene\eclipse-workspace\E-Comm_Appln\order-service\src\test\resources
2025-10-12 22:25:00,517 [Worker-62: Building] INFO  o.a.m.s.f.DefaultMavenResourcesFiltering - Copying 1 resource from src\main\resources to target\classes
2025-10-12 22:25:00,525 [Worker-62: Building] INFO  o.a.m.s.f.DefaultMavenResourcesFiltering - Copying 0 resource from src\main\resources to target\classes
2025-10-12 22:25:00,530 [Worker-62: Building] INFO  o.a.m.s.f.DefaultMavenResourcesFiltering - skip non existing resourceDirectory C:\Users\irene\eclipse-workspace\E-Comm_Appln\order-service\src\test\resources
2025-10-12 22:25:10,484 [Worker-59: Building] INFO  o.a.m.s.f.DefaultMavenResourcesFiltering - Copying 1 resource from src\main\resources to target\classes
2025-10-12 22:25:10,491 [Worker-59: Building] INFO  o.a.m.s.f.DefaultMavenResourcesFiltering - Copying 0 resource from src\main\resources to target\classes
2025-10-12 22:25:10,496 [Worker-59: Building] INFO  o.a.m.s.f.DefaultMavenResourcesFiltering - skip non existing resourceDirectory C:\Users\irene\eclipse-workspace\E-Comm_Appln\order-service\src\test\resources
2025-10-12 22:25:32,525 [Worker-65: Building] INFO  o.a.m.s.f.DefaultMavenResourcesFiltering - Copying 1 resource from src\main\resources to target\classes
2025-10-12 22:25:32,538 [Worker-65: Building] INFO  o.a.m.s.f.DefaultMavenResourcesFiltering - Copying 0 resource from src\main\resources to target\classes
2025-10-12 22:25:32,543 [Worker-65: Building] INFO  o.a.m.s.f.DefaultMavenResourcesFiltering - skip non existing resourceDirectory C:\Users\irene\eclipse-workspace\E-Comm_Appln\order-service\src\test\resources
2025-10-12 22:25:55,807 [Worker-65: Building] INFO  o.a.m.s.f.DefaultMavenResourcesFiltering - Copying 1 resource from src\main\resources to target\classes
2025-10-12 22:25:55,814 [Worker-65: Building] INFO  o.a.m.s.f.DefaultMavenResourcesFiltering - Copying 0 resource from src\main\resources to target\classes
2025-10-12 22:25:55,820 [Worker-65: Building] INFO  o.a.m.s.f.DefaultMavenResourcesFiltering - skip non existing resourceDirectory C:\Users\irene\eclipse-workspace\E-Comm_Appln\order-service\src\test\resources
2025-10-12 22:26:16,159 [Worker-62: Building] INFO  o.a.m.s.f.DefaultMavenResourcesFiltering - Copying 1 resource from src\main\resources to target\classes
2025-10-12 22:26:16,167 [Worker-62: Building] INFO  o.a.m.s.f.DefaultMavenResourcesFiltering - Copying 0 resource from src\main\resources to target\classes
2025-10-12 22:26:16,173 [Worker-62: Building] INFO  o.a.m.s.f.DefaultMavenResourcesFiltering - skip non existing resourceDirectory C:\Users\irene\eclipse-workspace\E-Comm_Appln\order-service\src\test\resources
2025-10-12 22:26:41,021 [Worker-64: Building] INFO  o.a.m.s.f.DefaultMavenResourcesFiltering - Copying 1 resource from src\main\resources to target\classes
2025-10-12 22:26:41,028 [Worker-64: Building] INFO  o.a.m.s.f.DefaultMavenResourcesFiltering - Copying 0 resource from src\main\resources to target\classes
2025-10-12 22:26:41,035 [Worker-64: Building] INFO  o.a.m.s.f.DefaultMavenResourcesFiltering - skip non existing resourceDirectory C:\Users\irene\eclipse-workspace\E-Comm_Appln\order-service\src\test\resources
2025-10-12 22:26:56,257 [Worker-65: Building] INFO  o.a.m.s.f.DefaultMavenResourcesFiltering - Copying 1 resource from src\main\resources to target\classes
2025-10-12 22:26:56,263 [Worker-65: Building] INFO  o.a.m.s.f.DefaultMavenResourcesFiltering - Copying 0 resource from src\main\resources to target\classes
2025-10-12 22:26:56,269 [Worker-65: Building] INFO  o.a.m.s.f.DefaultMavenResourcesFiltering - skip non existing resourceDirectory C:\Users\irene\eclipse-workspace\E-Comm_Appln\order-service\src\test\resources
2025-10-12 22:27:45,411 [Worker-65: Building] INFO  o.a.m.s.f.DefaultMavenResourcesFiltering - Copying 1 resource from src\main\resources to target\classes
2025-10-12 22:27:45,418 [Worker-65: Building] INFO  o.a.m.s.f.DefaultMavenResourcesFiltering - Copying 0 resource from src\main\resources to target\classes
2025-10-12 22:27:45,422 [Worker-65: Building] INFO  o.a.m.s.f.DefaultMavenResourcesFiltering - skip non existing resourceDirectory C:\Users\irene\eclipse-workspace\E-Comm_Appln\order-service\src\test\resources
2025-10-12 22:28:11,711 [Worker-62: Building] INFO  o.a.m.s.f.DefaultMavenResourcesFiltering - Copying 1 resource from src\main\resources to target\classes
2025-10-12 22:28:11,717 [Worker-62: Building] INFO  o.a.m.s.f.DefaultMavenResourcesFiltering - Copying 0 resource from src\main\resources to target\classes
2025-10-12 22:28:11,722 [Worker-62: Building] INFO  o.a.m.s.f.DefaultMavenResourcesFiltering - skip non existing resourceDirectory C:\Users\irene\eclipse-workspace\E-Comm_Appln\order-service\src\test\resources
2025-10-12 22:28:57,324 [Worker-59: Building] INFO  o.a.m.s.f.DefaultMavenResourcesFiltering - Copying 1 resource from src\main\resources to target\classes
2025-10-12 22:28:57,332 [Worker-59: Building] INFO  o.a.m.s.f.DefaultMavenResourcesFiltering - Copying 0 resource from src\main\resources to target\classes
2025-10-12 22:28:57,338 [Worker-59: Building] INFO  o.a.m.s.f.DefaultMavenResourcesFiltering - skip non existing resourceDirectory C:\Users\irene\eclipse-workspace\E-Comm_Appln\order-service\src\test\resources
2025-10-12 22:29:10,313 [Worker-62: Building] INFO  o.a.m.s.f.DefaultMavenResourcesFiltering - Copying 1 resource from src\main\resources to target\classes
2025-10-12 22:29:10,320 [Worker-62: Building] INFO  o.a.m.s.f.DefaultMavenResourcesFiltering - Copying 0 resource from src\main\resources to target\classes
2025-10-12 22:29:10,324 [Worker-62: Building] INFO  o.a.m.s.f.DefaultMavenResourcesFiltering - skip non existing resourceDirectory C:\Users\irene\eclipse-workspace\E-Comm_Appln\order-service\src\test\resources
2025-10-12 22:29:31,622 [Worker-59: Building] INFO  o.a.m.s.f.DefaultMavenResourcesFiltering - Copying 1 resource from src\main\resources to target\classes
2025-10-12 22:29:31,656 [Worker-59: Building] INFO  o.a.m.s.f.DefaultMavenResourcesFiltering - Copying 0 resource from src\main\resources to target\classes
2025-10-12 22:29:31,661 [Worker-59: Building] INFO  o.a.m.s.f.DefaultMavenResourcesFiltering - skip non existing resourceDirectory C:\Users\irene\eclipse-workspace\E-Comm_Appln\order-service\src\test\resources
2025-10-12 22:31:55,885 [Worker-64: Building] INFO  o.a.m.s.f.DefaultMavenResourcesFiltering - Copying 1 resource from src\main\resources to target\classes
2025-10-12 22:31:55,895 [Worker-64: Building] INFO  o.a.m.s.f.DefaultMavenResourcesFiltering - Copying 0 resource from src\main\resources to target\classes
2025-10-12 22:31:55,902 [Worker-64: Building] INFO  o.a.m.s.f.DefaultMavenResourcesFiltering - skip non existing resourceDirectory C:\Users\irene\eclipse-workspace\E-Comm_Appln\order-service\src\test\resources
2025-10-12 23:14:32,030 [Worker-72: Building] INFO  o.a.m.s.f.DefaultMavenResourcesFiltering - Copying 1 resource from src\main\resources to target\classes
2025-10-12 23:14:32,039 [Worker-72: Building] INFO  o.a.m.s.f.DefaultMavenResourcesFiltering - Copying 0 resource from src\main\resources to target\classes
2025-10-12 23:14:32,045 [Worker-72: Building] INFO  o.a.m.s.f.DefaultMavenResourcesFiltering - skip non existing resourceDirectory C:\Users\irene\eclipse-workspace\E-Comm_Appln\order-service\src\test\resources
2025-10-12 23:17:38,858 [Stop Help Server] INFO  org.eclipse.jetty.server.Server - Stopped oejs.Server@2e4d459a{STOPPING}[12.0.6,sto=0]
2025-10-12 23:17:38,867 [Stop Help Server] INFO  o.e.jetty.server.AbstractConnector - Stopped ServerConnector@273be9c3{HTTP/1.1, (http/1.1)}{127.0.0.1:0}
2025-10-14 21:47:40,243 [Worker-9: Loading available Gradle versions] INFO  o.e.b.c.i.u.g.PublishedGradleVersions - Gradle version information cache is out-of-date. Trying to update.
2025-10-14 21:57:22,218 [Worker-30: Launching OrderServiceApplication] INFO  o.e.m.c.i.p.WorkspaceClassifierResolverManager - Resolving P/product-service: com.irene:productService:0.0.1-SNAPSHOT with classifier  to /product-service/target/classes
2025-10-14 21:57:27,319 [Worker-30: Launching OrderServiceApplication] INFO  o.e.m.c.i.p.WorkspaceClassifierResolverManager - Resolving P/product-service: com.irene:productService:0.0.1-SNAPSHOT with classifier null to /product-service/target/classes
2025-10-14 21:57:27,972 [Worker-30: Launching OrderServiceApplication] INFO  o.e.m.c.i.p.WorkspaceClassifierResolverManager - Resolving P/product-service: com.irene:productService:0.0.1-SNAPSHOT with classifier null to /product-service/target/classes
2025-10-14 21:57:28,509 [Worker-30: Launching OrderServiceApplication] INFO  o.e.m.c.i.p.WorkspaceClassifierResolverManager - Resolving P/product-service: com.irene:productService:0.0.1-SNAPSHOT with classifier null to /product-service/target/classes
2025-10-14 22:16:31,086 [Worker-34: Building] INFO  o.a.m.s.f.DefaultMavenResourcesFiltering - Copying 1 resource from src\main\resources to target\classes
2025-10-14 22:16:31,113 [Worker-34: Building] INFO  o.a.m.s.f.DefaultMavenResourcesFiltering - Copying 0 resource from src\main\resources to target\classes
2025-10-14 22:16:31,119 [Worker-34: Building] INFO  o.a.m.s.f.DefaultMavenResourcesFiltering - skip non existing resourceDirectory C:\Users\irene\eclipse-workspace\E-Comm_Appln\product-service\src\test\resources
2025-10-14 22:18:43,712 [Worker-36: Launching OrderServiceApplication] INFO  o.e.m.c.i.p.WorkspaceClassifierResolverManager - Resolving P/product-service: com.irene:productService:0.0.1-SNAPSHOT with classifier null to /product-service/target/classes
2025-10-14 22:18:44,309 [Worker-36: Launching OrderServiceApplication] INFO  o.e.m.c.i.p.WorkspaceClassifierResolverManager - Resolving P/product-service: com.irene:productService:0.0.1-SNAPSHOT with classifier null to /product-service/target/classes
2025-10-14 22:18:44,840 [Worker-36: Launching OrderServiceApplication] INFO  o.e.m.c.i.p.WorkspaceClassifierResolverManager - Resolving P/product-service: com.irene:productService:0.0.1-SNAPSHOT with classifier null to /product-service/target/classes
2025-10-14 22:23:43,377 [Start Help Server] INFO  org.eclipse.jetty.server.Server - jetty-12.0.6; built: 2024-01-30T02:43:24.387Z; git: 78ab6e6ba163f89cdd97f2ae0283fbb5e371cfaf; jvm 17.0.10+7
2025-10-14 22:23:43,492 [Start Help Server] INFO  o.e.j.server.handler.ContextHandler - Started oeje8n.ContextHandler$CoreContextHandler@5a8c9dc0{/help,/help,b=null,a=AVAILABLE,h=oeje8n.ContextHandler$CoreContextHandler$CoreToNestedHandler@29fd377d{STARTED}}
2025-10-14 22:23:43,494 [Start Help Server] INFO  o.e.j.s.DefaultSessionIdManager - Session workerName=node0
2025-10-14 22:23:43,549 [Start Help Server] INFO  o.e.jetty.server.AbstractConnector - Started ServerConnector@df1b602{HTTP/1.1, (http/1.1)}{127.0.0.1:52443}
2025-10-14 22:23:43,576 [Start Help Server] INFO  org.eclipse.jetty.server.Server - Started oejs.Server@2e5a77a2{STARTING}[12.0.6,sto=0] @2414972ms
2025-10-14 22:23:45,268 [Worker-34: Building] INFO  o.a.m.s.f.DefaultMavenResourcesFiltering - Copying 1 resource from src\main\resources to target\classes
2025-10-14 22:23:45,314 [Worker-34: Building] INFO  o.a.m.s.f.DefaultMavenResourcesFiltering - Copying 0 resource from src\main\resources to target\classes
2025-10-14 22:23:45,326 [Worker-34: Building] INFO  o.a.m.s.f.DefaultMavenResourcesFiltering - skip non existing resourceDirectory C:\Users\irene\eclipse-workspace\E-Comm_Appln\order-service\src\test\resources
2025-10-14 22:23:51,727 [Worker-34: Launching OrderServiceApplication] INFO  o.e.m.c.i.p.WorkspaceClassifierResolverManager - Resolving P/product-service: com.irene:productService:0.0.1-SNAPSHOT with classifier null to /product-service/target/classes
2025-10-14 22:23:52,307 [Worker-34: Launching OrderServiceApplication] INFO  o.e.m.c.i.p.WorkspaceClassifierResolverManager - Resolving P/product-service: com.irene:productService:0.0.1-SNAPSHOT with classifier null to /product-service/target/classes
2025-10-14 22:23:52,936 [Worker-34: Launching OrderServiceApplication] INFO  o.e.m.c.i.p.WorkspaceClassifierResolverManager - Resolving P/product-service: com.irene:productService:0.0.1-SNAPSHOT with classifier null to /product-service/target/classes
2025-10-14 22:30:37,109 [Worker-42: Building] INFO  o.a.m.s.f.DefaultMavenResourcesFiltering - Copying 1 resource from src\main\resources to target\classes
2025-10-14 22:30:37,118 [Worker-42: Building] INFO  o.a.m.s.f.DefaultMavenResourcesFiltering - Copying 0 resource from src\main\resources to target\classes
2025-10-14 22:30:37,126 [Worker-42: Building] INFO  o.a.m.s.f.DefaultMavenResourcesFiltering - skip non existing resourceDirectory C:\Users\irene\eclipse-workspace\E-Comm_Appln\order-service\src\test\resources
2025-10-14 22:37:13,622 [Worker-42: Building] INFO  o.a.m.s.f.DefaultMavenResourcesFiltering - Copying 1 resource from src\main\resources to target\classes
2025-10-14 22:37:13,633 [Worker-42: Building] INFO  o.a.m.s.f.DefaultMavenResourcesFiltering - Copying 0 resource from src\main\resources to target\classes
2025-10-14 22:37:13,639 [Worker-42: Building] INFO  o.a.m.s.f.DefaultMavenResourcesFiltering - skip non existing resourceDirectory C:\Users\irene\eclipse-workspace\E-Comm_Appln\order-service\src\test\resources
2025-10-14 22:40:53,503 [Worker-46: Building] INFO  o.a.m.s.f.DefaultMavenResourcesFiltering - Copying 1 resource from src\main\resources to target\classes
2025-10-14 22:40:53,513 [Worker-46: Building] INFO  o.a.m.s.f.DefaultMavenResourcesFiltering - Copying 0 resource from src\main\resources to target\classes
2025-10-14 22:40:53,521 [Worker-46: Building] INFO  o.a.m.s.f.DefaultMavenResourcesFiltering - skip non existing resourceDirectory C:\Users\irene\eclipse-workspace\E-Comm_Appln\order-service\src\test\resources
2025-10-14 22:41:41,611 [Worker-44: Launching OrderServiceApplication] INFO  o.e.m.c.i.p.WorkspaceClassifierResolverManager - Resolving P/product-service: com.irene:productService:0.0.1-SNAPSHOT with classifier null to /product-service/target/classes
2025-10-14 22:41:42,109 [Worker-44: Launching OrderServiceApplication] INFO  o.e.m.c.i.p.WorkspaceClassifierResolverManager - Resolving P/product-service: com.irene:productService:0.0.1-SNAPSHOT with classifier null to /product-service/target/classes
2025-10-14 22:41:42,616 [Worker-44: Launching OrderServiceApplication] INFO  o.e.m.c.i.p.WorkspaceClassifierResolverManager - Resolving P/product-service: com.irene:productService:0.0.1-SNAPSHOT with classifier null to /product-service/target/classes
2025-10-14 22:43:00,489 [Worker-44: Building] INFO  o.a.m.s.f.DefaultMavenResourcesFiltering - Copying 1 resource from src\main\resources to target\classes
2025-10-14 22:43:00,497 [Worker-44: Building] INFO  o.a.m.s.f.DefaultMavenResourcesFiltering - Copying 0 resource from src\main\resources to target\classes
2025-10-14 22:43:00,504 [Worker-44: Building] INFO  o.a.m.s.f.DefaultMavenResourcesFiltering - skip non existing resourceDirectory C:\Users\irene\eclipse-workspace\E-Comm_Appln\order-service\src\test\resources
2025-10-14 22:43:12,939 [Worker-42: Launching OrderServiceApplication] INFO  o.e.m.c.i.p.WorkspaceClassifierResolverManager - Resolving P/product-service: com.irene:productService:0.0.1-SNAPSHOT with classifier null to /product-service/target/classes
2025-10-14 22:43:13,574 [Worker-42: Launching OrderServiceApplication] INFO  o.e.m.c.i.p.WorkspaceClassifierResolverManager - Resolving P/product-service: com.irene:productService:0.0.1-SNAPSHOT with classifier null to /product-service/target/classes
2025-10-14 22:43:14,059 [Worker-42: Launching OrderServiceApplication] INFO  o.e.m.c.i.p.WorkspaceClassifierResolverManager - Resolving P/product-service: com.irene:productService:0.0.1-SNAPSHOT with classifier null to /product-service/target/classes
2025-10-14 22:43:39,064 [Worker-42: Building] INFO  o.a.m.s.f.DefaultMavenResourcesFiltering - Copying 1 resource from src\main\resources to target\classes
2025-10-14 22:43:39,071 [Worker-42: Building] INFO  o.a.m.s.f.DefaultMavenResourcesFiltering - Copying 0 resource from src\main\resources to target\classes
2025-10-14 22:43:39,077 [Worker-42: Building] INFO  o.a.m.s.f.DefaultMavenResourcesFiltering - skip non existing resourceDirectory C:\Users\irene\eclipse-workspace\E-Comm_Appln\order-service\src\test\resources
2025-10-14 22:43:41,696 [Worker-49: Building] INFO  o.a.m.s.f.DefaultMavenResourcesFiltering - Copying 1 resource from src\main\resources to target\classes
2025-10-14 22:43:41,703 [Worker-49: Building] INFO  o.a.m.s.f.DefaultMavenResourcesFiltering - Copying 0 resource from src\main\resources to target\classes
2025-10-14 22:43:41,713 [Worker-49: Building] INFO  o.a.m.s.f.DefaultMavenResourcesFiltering - skip non existing resourceDirectory C:\Users\irene\eclipse-workspace\E-Comm_Appln\order-service\src\test\resources
2025-10-14 22:43:45,179 [Worker-44: Building] INFO  o.a.m.s.f.DefaultMavenResourcesFiltering - Copying 1 resource from src\main\resources to target\classes
2025-10-14 22:43:45,186 [Worker-44: Building] INFO  o.a.m.s.f.DefaultMavenResourcesFiltering - Copying 0 resource from src\main\resources to target\classes
2025-10-14 22:43:45,194 [Worker-44: Building] INFO  o.a.m.s.f.DefaultMavenResourcesFiltering - skip non existing resourceDirectory C:\Users\irene\eclipse-workspace\E-Comm_Appln\order-service\src\test\resources
2025-10-14 22:43:53,702 [Worker-49: Launching OrderServiceApplication] INFO  o.e.m.c.i.p.WorkspaceClassifierResolverManager - Resolving P/product-service: com.irene:productService:0.0.1-SNAPSHOT with classifier null to /product-service/target/classes
2025-10-14 22:43:54,227 [Worker-49: Launching OrderServiceApplication] INFO  o.e.m.c.i.p.WorkspaceClassifierResolverManager - Resolving P/product-service: com.irene:productService:0.0.1-SNAPSHOT with classifier null to /product-service/target/classes
2025-10-14 22:43:54,825 [Worker-49: Launching OrderServiceApplication] INFO  o.e.m.c.i.p.WorkspaceClassifierResolverManager - Resolving P/product-service: com.irene:productService:0.0.1-SNAPSHOT with classifier null to /product-service/target/classes
2025-10-14 22:51:10,014 [Worker-48: Building] INFO  o.a.m.s.f.DefaultMavenResourcesFiltering - Copying 1 resource from src\main\resources to target\classes
2025-10-14 22:51:10,025 [Worker-48: Building] INFO  o.a.m.s.f.DefaultMavenResourcesFiltering - Copying 0 resource from src\main\resources to target\classes
2025-10-14 22:51:10,032 [Worker-48: Building] INFO  o.a.m.s.f.DefaultMavenResourcesFiltering - skip non existing resourceDirectory C:\Users\irene\eclipse-workspace\E-Comm_Appln\product-service\src\test\resources
2025-10-14 22:51:54,217 [Worker-50: Building] INFO  o.a.m.s.f.DefaultMavenResourcesFiltering - Copying 1 resource from src\main\resources to target\classes
2025-10-14 22:51:54,226 [Worker-50: Building] INFO  o.a.m.s.f.DefaultMavenResourcesFiltering - Copying 0 resource from src\main\resources to target\classes
2025-10-14 22:51:54,233 [Worker-50: Building] INFO  o.a.m.s.f.DefaultMavenResourcesFiltering - skip non existing resourceDirectory C:\Users\irene\eclipse-workspace\E-Comm_Appln\product-service\src\test\resources
2025-10-14 22:54:20,787 [Worker-48: Building] INFO  o.a.m.s.f.DefaultMavenResourcesFiltering - Copying 1 resource from src\main\resources to target\classes
2025-10-14 22:54:20,794 [Worker-48: Building] INFO  o.a.m.s.f.DefaultMavenResourcesFiltering - Copying 0 resource from src\main\resources to target\classes
2025-10-14 22:54:20,801 [Worker-48: Building] INFO  o.a.m.s.f.DefaultMavenResourcesFiltering - skip non existing resourceDirectory C:\Users\irene\eclipse-workspace\E-Comm_Appln\product-service\src\test\resources
2025-10-14 22:54:45,787 [Worker-50: Building] INFO  o.a.m.s.f.DefaultMavenResourcesFiltering - Copying 1 resource from src\main\resources to target\classes
2025-10-14 22:54:45,794 [Worker-50: Building] INFO  o.a.m.s.f.DefaultMavenResourcesFiltering - Copying 0 resource from src\main\resources to target\classes
2025-10-14 22:54:45,801 [Worker-50: Building] INFO  o.a.m.s.f.DefaultMavenResourcesFiltering - skip non existing resourceDirectory C:\Users\irene\eclipse-workspace\E-Comm_Appln\product-service\src\test\resources
2025-10-14 22:59:11,426 [Worker-46: Building] INFO  o.a.m.s.f.DefaultMavenResourcesFiltering - Copying 1 resource from src\main\resources to target\classes
2025-10-14 22:59:11,436 [Worker-46: Building] INFO  o.a.m.s.f.DefaultMavenResourcesFiltering - Copying 0 resource from src\main\resources to target\classes
2025-10-14 22:59:11,442 [Worker-46: Building] INFO  o.a.m.s.f.DefaultMavenResourcesFiltering - skip non existing resourceDirectory C:\Users\irene\eclipse-workspace\E-Comm_Appln\product-service\src\test\resources
2025-10-14 22:59:21,618 [Worker-52: Building] INFO  o.a.m.s.f.DefaultMavenResourcesFiltering - Copying 1 resource from src\main\resources to target\classes
2025-10-14 22:59:21,626 [Worker-52: Building] INFO  o.a.m.s.f.DefaultMavenResourcesFiltering - Copying 0 resource from src\main\resources to target\classes
2025-10-14 22:59:21,631 [Worker-52: Building] INFO  o.a.m.s.f.DefaultMavenResourcesFiltering - skip non existing resourceDirectory C:\Users\irene\eclipse-workspace\E-Comm_Appln\product-service\src\test\resources
2025-10-14 22:59:41,981 [Worker-48: Building] INFO  o.a.m.s.f.DefaultMavenResourcesFiltering - Copying 1 resource from src\main\resources to target\classes
2025-10-14 22:59:41,989 [Worker-48: Building] INFO  o.a.m.s.f.DefaultMavenResourcesFiltering - Copying 0 resource from src\main\resources to target\classes
2025-10-14 22:59:41,996 [Worker-48: Building] INFO  o.a.m.s.f.DefaultMavenResourcesFiltering - skip non existing resourceDirectory C:\Users\irene\eclipse-workspace\E-Comm_Appln\product-service\src\test\resources
2025-10-14 23:11:18,637 [Worker-46: Building] INFO  o.a.m.s.f.DefaultMavenResourcesFiltering - Copying 1 resource from src\main\resources to target\classes
2025-10-14 23:11:18,651 [Worker-46: Building] INFO  o.a.m.s.f.DefaultMavenResourcesFiltering - Copying 0 resource from src\main\resources to target\classes
2025-10-14 23:11:18,659 [Worker-46: Building] INFO  o.a.m.s.f.DefaultMavenResourcesFiltering - skip non existing resourceDirectory C:\Users\irene\eclipse-workspace\E-Comm_Appln\product-service\src\test\resources
2025-10-14 23:27:38,176 [Worker-54: Building] INFO  o.a.m.s.f.DefaultMavenResourcesFiltering - Copying 1 resource from src\main\resources to target\classes
2025-10-14 23:27:38,186 [Worker-54: Building] INFO  o.a.m.s.f.DefaultMavenResourcesFiltering - Copying 0 resource from src\main\resources to target\classes
2025-10-14 23:27:38,192 [Worker-54: Building] INFO  o.a.m.s.f.DefaultMavenResourcesFiltering - skip non existing resourceDirectory C:\Users\irene\eclipse-workspace\E-Comm_Appln\product-service\src\test\resources
2025-10-14 23:27:48,539 [Worker-54: Building] INFO  o.a.m.s.f.DefaultMavenResourcesFiltering - Copying 1 resource from src\main\resources to target\classes
2025-10-14 23:27:48,549 [Worker-54: Building] INFO  o.a.m.s.f.DefaultMavenResourcesFiltering - Copying 0 resource from src\main\resources to target\classes
2025-10-14 23:27:48,555 [Worker-54: Building] INFO  o.a.m.s.f.DefaultMavenResourcesFiltering - skip non existing resourceDirectory C:\Users\irene\eclipse-workspace\E-Comm_Appln\order-service\src\test\resources
2025-10-14 23:47:02,802 [Worker-58: Building] INFO  o.a.m.s.f.DefaultMavenResourcesFiltering - Copying 1 resource from src\main\resources to target\classes
2025-10-14 23:47:02,812 [Worker-58: Building] INFO  o.a.m.s.f.DefaultMavenResourcesFiltering - Copying 0 resource from src\main\resources to target\classes
2025-10-14 23:47:02,818 [Worker-58: Building] INFO  o.a.m.s.f.DefaultMavenResourcesFiltering - skip non existing resourceDirectory C:\Users\irene\eclipse-workspace\E-Comm_Appln\order-service\src\test\resources
2025-10-14 23:52:46,523 [Worker-54: Building] INFO  o.a.m.s.f.DefaultMavenResourcesFiltering - Copying 1 resource from src\main\resources to target\classes
2025-10-14 23:52:46,556 [Worker-54: Building] INFO  o.a.m.s.f.DefaultMavenResourcesFiltering - Copying 0 resource from src\main\resources to target\classes
2025-10-14 23:52:46,563 [Worker-54: Building] INFO  o.a.m.s.f.DefaultMavenResourcesFiltering - skip non existing resourceDirectory C:\Users\irene\eclipse-workspace\E-Comm_Appln\order-service\src\test\resources
2025-10-14 23:53:03,339 [Worker-58: Building] INFO  o.a.m.s.f.DefaultMavenResourcesFiltering - Copying 1 resource from src\main\resources to target\classes
2025-10-14 23:53:03,348 [Worker-58: Building] INFO  o.a.m.s.f.DefaultMavenResourcesFiltering - Copying 0 resource from src\main\resources to target\classes
2025-10-14 23:53:03,353 [Worker-58: Building] INFO  o.a.m.s.f.DefaultMavenResourcesFiltering - skip non existing resourceDirectory C:\Users\irene\eclipse-workspace\E-Comm_Appln\order-service\src\test\resources
2025-10-14 23:53:12,120 [Worker-58: Building] INFO  o.a.m.s.f.DefaultMavenResourcesFiltering - Copying 1 resource from src\main\resources to target\classes
2025-10-14 23:53:12,139 [Worker-58: Building] INFO  o.a.m.s.f.DefaultMavenResourcesFiltering - Copying 0 resource from src\main\resources to target\classes
2025-10-14 23:53:12,147 [Worker-58: Building] INFO  o.a.m.s.f.DefaultMavenResourcesFiltering - skip non existing resourceDirectory C:\Users\irene\eclipse-workspace\E-Comm_Appln\order-service\src\test\resources
2025-10-14 23:54:35,429 [Worker-59: Building] INFO  o.a.m.s.f.DefaultMavenResourcesFiltering - Copying 1 resource from src\main\resources to target\classes
2025-10-14 23:54:35,456 [Worker-59: Building] INFO  o.a.m.s.f.DefaultMavenResourcesFiltering - Copying 0 resource from src\main\resources to target\classes
2025-10-14 23:54:35,462 [Worker-59: Building] INFO  o.a.m.s.f.DefaultMavenResourcesFiltering - skip non existing resourceDirectory C:\Users\irene\eclipse-workspace\E-Comm_Appln\order-service\src\test\resources
2025-10-14 23:54:42,077 [Worker-54: Building] INFO  o.a.m.s.f.DefaultMavenResourcesFiltering - Copying 1 resource from src\main\resources to target\classes
2025-10-14 23:54:42,084 [Worker-54: Building] INFO  o.a.m.s.f.DefaultMavenResourcesFiltering - Copying 0 resource from src\main\resources to target\classes
2025-10-14 23:54:42,091 [Worker-54: Building] INFO  o.a.m.s.f.DefaultMavenResourcesFiltering - skip non existing resourceDirectory C:\Users\irene\eclipse-workspace\E-Comm_Appln\order-service\src\test\resources
2025-10-14 23:56:07,661 [Stop Help Server] INFO  org.eclipse.jetty.server.Server - Stopped oejs.Server@2e5a77a2{STOPPING}[12.0.6,sto=0]
2025-10-14 23:56:07,668 [Stop Help Server] INFO  o.e.jetty.server.AbstractConnector - Stopped ServerConnector@df1b602{HTTP/1.1, (http/1.1)}{127.0.0.1:0}
2025-10-21 11:04:37,803 [Worker-7: Loading available Gradle versions] INFO  o.e.b.c.i.u.g.PublishedGradleVersions - Gradle version information cache is out-of-date. Trying to update.
2025-10-29 20:49:31,281 [Worker-8: Loading available Gradle versions] INFO  o.e.b.c.i.u.g.PublishedGradleVersions - Gradle version information cache is out-of-date. Trying to update.
2025-10-29 20:50:31,218 [Worker-30: Building] INFO  o.e.m.c.i.l.LifecycleMappingFactory - Using org.eclipse.m2e.jdt.JarLifecycleMapping lifecycle mapping for MavenProject: com.irene:productService:0.0.1-SNAPSHOT @ C:\Users\irene\eclipse-workspace\E-Comm_Appln\payment-service\pom.xml.
2025-10-29 20:50:49,094 [Worker-30: Building] INFO  o.e.m.c.i.p.WorkspaceClassifierResolverManager - Resolving P/product-service: com.irene:productService:0.0.1-SNAPSHOT with classifier  to /product-service/target/classes
2025-10-29 20:50:49,208 [Worker-30: Building] INFO  o.e.m.c.i.l.LifecycleMappingFactory - Using org.eclipse.m2e.jdt.JarLifecycleMapping lifecycle mapping for MavenProject: com.irene:orderService:0.0.1-SNAPSHOT @ C:\Users\irene\eclipse-workspace\E-Comm_Appln\order-service\pom.xml.
2025-10-29 20:50:49,486 [Worker-30: Building] INFO  o.e.m.c.i.p.WorkspaceClassifierResolverManager - Resolving P/product-service: com.irene:productService:0.0.1-SNAPSHOT with classifier  to /product-service/target/classes
2025-10-29 20:51:03,527 [Worker-30: Building] INFO  o.a.m.s.f.DefaultMavenResourcesFiltering - Copying 1 resource from src\main\resources to target\classes
2025-10-29 20:51:03,559 [Worker-30: Building] INFO  o.a.m.s.f.DefaultMavenResourcesFiltering - Copying 0 resource from src\main\resources to target\classes
2025-10-29 20:51:03,567 [Worker-30: Building] INFO  o.a.m.s.f.DefaultMavenResourcesFiltering - skip non existing resourceDirectory C:\Users\irene\eclipse-workspace\E-Comm_Appln\payment-service\src\test\resources
2025-10-29 20:51:04,549 [Worker-29: Building] INFO  o.a.m.s.f.DefaultMavenResourcesFiltering - Copying 1 resource from src\main\resources to target\classes
2025-10-29 20:51:04,555 [Worker-29: Building] INFO  o.a.m.s.f.DefaultMavenResourcesFiltering - Copying 0 resource from src\main\resources to target\classes
2025-10-29 20:51:04,562 [Worker-29: Building] INFO  o.a.m.s.f.DefaultMavenResourcesFiltering - skip non existing resourceDirectory C:\Users\irene\eclipse-workspace\E-Comm_Appln\payment-service\src\test\resources
2025-10-29 20:51:07,314 [Worker-29: Building] INFO  o.a.m.s.f.DefaultMavenResourcesFiltering - Copying 1 resource from src\main\resources to target\classes
2025-10-29 20:51:07,346 [Worker-29: Building] INFO  o.a.m.s.f.DefaultMavenResourcesFiltering - Copying 0 resource from src\main\resources to target\classes
2025-10-29 20:51:07,353 [Worker-29: Building] INFO  o.a.m.s.f.DefaultMavenResourcesFiltering - skip non existing resourceDirectory C:\Users\irene\eclipse-workspace\E-Comm_Appln\product-service\src\test\resources
2025-10-29 20:51:08,409 [Worker-19: Building] INFO  o.a.m.s.f.DefaultMavenResourcesFiltering - Copying 1 resource from src\main\resources to target\classes
2025-10-29 20:51:08,462 [Worker-19: Building] INFO  o.a.m.s.f.DefaultMavenResourcesFiltering - Copying 0 resource from src\main\resources to target\classes
2025-10-29 20:51:08,468 [Worker-19: Building] INFO  o.a.m.s.f.DefaultMavenResourcesFiltering - skip non existing resourceDirectory C:\Users\irene\eclipse-workspace\E-Comm_Appln\order-service\src\test\resources
2025-10-29 20:51:22,732 [Worker-27: Building] INFO  o.a.m.s.f.DefaultMavenResourcesFiltering - Copying 1 resource from src\main\resources to target\classes
2025-10-29 20:51:22,778 [Worker-27: Building] INFO  o.a.m.s.f.DefaultMavenResourcesFiltering - Copying 0 resource from src\main\resources to target\classes
2025-10-29 20:51:22,783 [Worker-27: Building] INFO  o.a.m.s.f.DefaultMavenResourcesFiltering - skip non existing resourceDirectory C:\Users\irene\eclipse-workspace\E-Comm_Appln\service-registry\src\test\resources
2025-10-29 20:53:40,469 [Start Help Server] INFO  org.eclipse.jetty.server.Server - jetty-12.0.6; built: 2024-01-30T02:43:24.387Z; git: 78ab6e6ba163f89cdd97f2ae0283fbb5e371cfaf; jvm 17.0.10+7
2025-10-29 20:53:40,583 [Start Help Server] INFO  o.e.j.server.handler.ContextHandler - Started oeje8n.ContextHandler$CoreContextHandler@58a433d2{/help,/help,b=null,a=AVAILABLE,h=oeje8n.ContextHandler$CoreContextHandler$CoreToNestedHandler@7f1653a8{STARTED}}
2025-10-29 20:53:40,585 [Start Help Server] INFO  o.e.j.s.DefaultSessionIdManager - Session workerName=node0
2025-10-29 20:53:40,655 [Start Help Server] INFO  o.e.jetty.server.AbstractConnector - Started ServerConnector@696c7dc8{HTTP/1.1, (http/1.1)}{127.0.0.1:57653}
2025-10-29 20:53:40,721 [Start Help Server] INFO  org.eclipse.jetty.server.Server - Started oejs.Server@22d5dee3{STARTING}[12.0.6,sto=0] @665023ms
2025-10-29 20:56:49,163 [Worker-33: Building] INFO  o.a.m.s.f.DefaultMavenResourcesFiltering - Copying 1 resource from src\main\resources to target\classes
2025-10-29 20:56:49,211 [Worker-33: Building] INFO  o.a.m.s.f.DefaultMavenResourcesFiltering - Copying 0 resource from src\main\resources to target\classes
2025-10-29 20:56:49,218 [Worker-33: Building] INFO  o.a.m.s.f.DefaultMavenResourcesFiltering - skip non existing resourceDirectory C:\Users\irene\eclipse-workspace\E-Comm_Appln\payment-service\src\test\resources
2025-10-29 20:57:13,049 [Worker-12: Building] INFO  o.a.m.s.f.DefaultMavenResourcesFiltering - Copying 1 resource from src\main\resources to target\classes
2025-10-29 20:57:13,055 [Worker-12: Building] INFO  o.a.m.s.f.DefaultMavenResourcesFiltering - Copying 0 resource from src\main\resources to target\classes
2025-10-29 20:57:13,061 [Worker-12: Building] INFO  o.a.m.s.f.DefaultMavenResourcesFiltering - skip non existing resourceDirectory C:\Users\irene\eclipse-workspace\E-Comm_Appln\payment-service\src\test\resources
2025-10-29 20:57:26,840 [Worker-9: Building] INFO  o.a.m.s.f.DefaultMavenResourcesFiltering - Copying 1 resource from src\main\resources to target\classes
2025-10-29 20:57:26,845 [Worker-9: Building] INFO  o.a.m.s.f.DefaultMavenResourcesFiltering - Copying 0 resource from src\main\resources to target\classes
2025-10-29 20:57:26,851 [Worker-9: Building] INFO  o.a.m.s.f.DefaultMavenResourcesFiltering - skip non existing resourceDirectory C:\Users\irene\eclipse-workspace\E-Comm_Appln\payment-service\src\test\resources
2025-10-29 20:57:40,968 [Worker-0: Building] INFO  o.a.m.s.f.DefaultMavenResourcesFiltering - Copying 1 resource from src\main\resources to target\classes
2025-10-29 20:57:40,973 [Worker-0: Building] INFO  o.a.m.s.f.DefaultMavenResourcesFiltering - Copying 0 resource from src\main\resources to target\classes
2025-10-29 20:57:40,979 [Worker-0: Building] INFO  o.a.m.s.f.DefaultMavenResourcesFiltering - skip non existing resourceDirectory C:\Users\irene\eclipse-workspace\E-Comm_Appln\payment-service\src\test\resources
2025-10-29 20:57:53,809 [Worker-32: Building] INFO  o.a.m.s.f.DefaultMavenResourcesFiltering - Copying 1 resource from src\main\resources to target\classes
2025-10-29 20:57:53,815 [Worker-32: Building] INFO  o.a.m.s.f.DefaultMavenResourcesFiltering - Copying 0 resource from src\main\resources to target\classes
2025-10-29 20:57:53,819 [Worker-32: Building] INFO  o.a.m.s.f.DefaultMavenResourcesFiltering - skip non existing resourceDirectory C:\Users\irene\eclipse-workspace\E-Comm_Appln\payment-service\src\test\resources
2025-10-29 20:58:05,365 [Worker-32: Building] INFO  o.a.m.s.f.DefaultMavenResourcesFiltering - Copying 1 resource from src\main\resources to target\classes
2025-10-29 20:58:05,370 [Worker-32: Building] INFO  o.a.m.s.f.DefaultMavenResourcesFiltering - Copying 0 resource from src\main\resources to target\classes
2025-10-29 20:58:05,378 [Worker-32: Building] INFO  o.a.m.s.f.DefaultMavenResourcesFiltering - skip non existing resourceDirectory C:\Users\irene\eclipse-workspace\E-Comm_Appln\payment-service\src\test\resources
2025-10-29 20:58:23,724 [Worker-32: Building] INFO  o.a.m.s.f.DefaultMavenResourcesFiltering - Copying 1 resource from src\main\resources to target\classes
2025-10-29 20:58:23,728 [Worker-32: Building] INFO  o.a.m.s.f.DefaultMavenResourcesFiltering - Copying 0 resource from src\main\resources to target\classes
2025-10-29 20:58:23,732 [Worker-32: Building] INFO  o.a.m.s.f.DefaultMavenResourcesFiltering - skip non existing resourceDirectory C:\Users\irene\eclipse-workspace\E-Comm_Appln\payment-service\src\test\resources
2025-10-29 20:58:38,799 [Worker-9: Building] INFO  o.a.m.s.f.DefaultMavenResourcesFiltering - Copying 1 resource from src\main\resources to target\classes
2025-10-29 20:58:38,804 [Worker-9: Building] INFO  o.a.m.s.f.DefaultMavenResourcesFiltering - Copying 0 resource from src\main\resources to target\classes
2025-10-29 20:58:38,810 [Worker-9: Building] INFO  o.a.m.s.f.DefaultMavenResourcesFiltering - skip non existing resourceDirectory C:\Users\irene\eclipse-workspace\E-Comm_Appln\payment-service\src\test\resources
2025-10-29 21:02:54,412 [Worker-9: Building] INFO  o.a.m.s.f.DefaultMavenResourcesFiltering - Copying 1 resource from src\main\resources to target\classes
2025-10-29 21:02:54,432 [Worker-9: Building] INFO  o.a.m.s.f.DefaultMavenResourcesFiltering - Copying 0 resource from src\main\resources to target\classes
2025-10-29 21:02:54,438 [Worker-9: Building] INFO  o.a.m.s.f.DefaultMavenResourcesFiltering - skip non existing resourceDirectory C:\Users\irene\eclipse-workspace\E-Comm_Appln\payment-service\src\test\resources
2025-10-29 21:03:15,205 [Worker-9: Building] INFO  o.a.m.s.f.DefaultMavenResourcesFiltering - Copying 1 resource from src\main\resources to target\classes
2025-10-29 21:03:15,219 [Worker-9: Building] INFO  o.a.m.s.f.DefaultMavenResourcesFiltering - Copying 0 resource from src\main\resources to target\classes
2025-10-29 21:03:15,226 [Worker-9: Building] INFO  o.a.m.s.f.DefaultMavenResourcesFiltering - skip non existing resourceDirectory C:\Users\irene\eclipse-workspace\E-Comm_Appln\product-service\src\test\resources
2025-10-29 21:03:24,852 [Worker-37: Building] INFO  o.a.m.s.f.DefaultMavenResourcesFiltering - Copying 1 resource from src\main\resources to target\classes
2025-10-29 21:03:24,862 [Worker-37: Building] INFO  o.a.m.s.f.DefaultMavenResourcesFiltering - Copying 0 resource from src\main\resources to target\classes
2025-10-29 21:03:24,870 [Worker-37: Building] INFO  o.a.m.s.f.DefaultMavenResourcesFiltering - skip non existing resourceDirectory C:\Users\irene\eclipse-workspace\E-Comm_Appln\product-service\src\test\resources
2025-10-29 21:04:08,281 [Worker-9: Building] INFO  o.a.m.s.f.DefaultMavenResourcesFiltering - Copying 1 resource from src\main\resources to target\classes
2025-10-29 21:04:08,288 [Worker-9: Building] INFO  o.a.m.s.f.DefaultMavenResourcesFiltering - Copying 0 resource from src\main\resources to target\classes
2025-10-29 21:04:08,294 [Worker-9: Building] INFO  o.a.m.s.f.DefaultMavenResourcesFiltering - skip non existing resourceDirectory C:\Users\irene\eclipse-workspace\E-Comm_Appln\product-service\src\test\resources
2025-10-29 21:04:10,310 [Worker-9: Building] INFO  o.a.m.s.f.DefaultMavenResourcesFiltering - Copying 1 resource from src\main\resources to target\classes
2025-10-29 21:04:10,317 [Worker-9: Building] INFO  o.a.m.s.f.DefaultMavenResourcesFiltering - Copying 0 resource from src\main\resources to target\classes
2025-10-29 21:04:10,322 [Worker-9: Building] INFO  o.a.m.s.f.DefaultMavenResourcesFiltering - skip non existing resourceDirectory C:\Users\irene\eclipse-workspace\E-Comm_Appln\product-service\src\test\resources
2025-10-29 21:04:13,682 [Worker-37: Building] INFO  o.a.m.s.f.DefaultMavenResourcesFiltering - Copying 1 resource from src\main\resources to target\classes
2025-10-29 21:04:13,689 [Worker-37: Building] INFO  o.a.m.s.f.DefaultMavenResourcesFiltering - Copying 0 resource from src\main\resources to target\classes
2025-10-29 21:04:13,695 [Worker-37: Building] INFO  o.a.m.s.f.DefaultMavenResourcesFiltering - skip non existing resourceDirectory C:\Users\irene\eclipse-workspace\E-Comm_Appln\product-service\src\test\resources
2025-10-29 21:07:48,174 [Worker-33: Building] INFO  o.e.m.c.i.l.LifecycleMappingFactory - Using org.eclipse.m2e.jdt.JarLifecycleMapping lifecycle mapping for MavenProject: com.irene:productService:0.0.1-SNAPSHOT @ C:\Users\irene\eclipse-workspace\E-Comm_Appln\product-service\pom.xml.
2025-10-29 21:07:51,761 [Worker-33: Building] INFO  o.e.m.c.i.l.LifecycleMappingFactory - Using org.eclipse.m2e.jdt.JarLifecycleMapping lifecycle mapping for MavenProject: com.irene:orderService:0.0.1-SNAPSHOT @ C:\Users\irene\eclipse-workspace\E-Comm_Appln\order-service\pom.xml.
2025-10-29 21:07:52,313 [Worker-33: Building] INFO  o.e.m.c.i.p.WorkspaceClassifierResolverManager - Resolving P/product-service: com.irene:productService:0.0.1-SNAPSHOT with classifier  to /product-service/target/classes
2025-10-29 21:08:06,109 [Worker-37: Download sources and javadoc] ERROR o.e.m.j.internal.DownloadSourcesJob - Could not download sources for com.irene:productService:0.0.1-SNAPSHOT
org.eclipse.core.runtime.CoreException: Could not resolve artifact com.irene:productService:jar:sources:0.0.1-SNAPSHOT
	at org.eclipse.m2e.core.internal.embedder.MavenImpl.lambda$7(MavenImpl.java:540)
	at org.eclipse.m2e.core.internal.embedder.MavenExecutionContext.executeBare(MavenExecutionContext.java:458)
	at org.eclipse.m2e.core.internal.embedder.MavenExecutionContext.execute(MavenExecutionContext.java:292)
	at org.eclipse.m2e.core.internal.embedder.MavenExecutionContext.execute(MavenExecutionContext.java:278)
	at org.eclipse.m2e.core.internal.embedder.MavenImpl.resolve(MavenImpl.java:509)
	at org.eclipse.m2e.core.internal.embedder.MavenImpl.resolve(MavenImpl.java:494)
	at org.eclipse.m2e.jdt.internal.DownloadSourcesJob.download(DownloadSourcesJob.java:308)
	at org.eclipse.m2e.jdt.internal.DownloadSourcesJob.downloadAttachments(DownloadSourcesJob.java:282)
	at org.eclipse.m2e.jdt.internal.DownloadSourcesJob.downloadMaven(DownloadSourcesJob.java:252)
	at org.eclipse.m2e.jdt.internal.DownloadSourcesJob.downloadFilesAndPopulateToUpdate(DownloadSourcesJob.java:220)
	at org.eclipse.m2e.jdt.internal.DownloadSourcesJob.lambda$0(DownloadSourcesJob.java:149)
	at org.eclipse.m2e.core.internal.embedder.MavenExecutionContext.executeBare(MavenExecutionContext.java:458)
	at org.eclipse.m2e.core.internal.embedder.MavenExecutionContext.execute(MavenExecutionContext.java:339)
	at org.eclipse.m2e.core.internal.embedder.MavenExecutionContext.execute(MavenExecutionContext.java:278)
	at org.eclipse.m2e.core.embedder.IMaven.execute(IMaven.java:300)
	at org.eclipse.m2e.jdt.internal.DownloadSourcesJob.run(DownloadSourcesJob.java:149)
	at org.eclipse.core.internal.jobs.Worker.run(Worker.java:63)
2025-10-29 21:08:07,811 [Worker-33: Building] INFO  o.a.m.s.f.DefaultMavenResourcesFiltering - Copying 0 resource from src\main\resources to target\classes
2025-10-29 21:08:07,813 [Worker-33: Building] INFO  o.a.m.s.f.DefaultMavenResourcesFiltering - Copying 0 resource from src\main\resources to target\classes
2025-10-29 21:08:07,821 [Worker-33: Building] INFO  o.a.m.s.f.DefaultMavenResourcesFiltering - skip non existing resourceDirectory C:\Users\irene\eclipse-workspace\E-Comm_Appln\product-service\src\test\resources
2025-10-29 21:08:08,771 [Worker-38: Building] INFO  o.a.m.s.f.DefaultMavenResourcesFiltering - Copying 1 resource from src\main\resources to target\classes
2025-10-29 21:08:08,798 [Worker-38: Building] INFO  o.a.m.s.f.DefaultMavenResourcesFiltering - Copying 0 resource from src\main\resources to target\classes
2025-10-29 21:08:08,807 [Worker-38: Building] INFO  o.a.m.s.f.DefaultMavenResourcesFiltering - skip non existing resourceDirectory C:\Users\irene\eclipse-workspace\E-Comm_Appln\order-service\src\test\resources
2025-10-29 21:08:09,509 [Worker-38: Building] INFO  o.a.m.s.f.DefaultMavenResourcesFiltering - Copying 1 resource from src\main\resources to target\classes
2025-10-29 21:08:09,542 [Worker-38: Building] INFO  o.a.m.s.f.DefaultMavenResourcesFiltering - Copying 0 resource from src\main\resources to target\classes
2025-10-29 21:08:09,548 [Worker-38: Building] INFO  o.a.m.s.f.DefaultMavenResourcesFiltering - skip non existing resourceDirectory C:\Users\irene\eclipse-workspace\E-Comm_Appln\product-service\src\test\resources
2025-10-29 21:08:44,745 [Worker-38: Updating Maven Project] INFO  o.e.m.c.i.p.ProjectConfigurationManager - Update started
2025-10-29 21:08:45,374 [Worker-38: Updating Maven Project] INFO  o.e.m.c.i.l.LifecycleMappingFactory - Using org.eclipse.m2e.jdt.JarLifecycleMapping lifecycle mapping for MavenProject: com.irene:productService:0.0.1-SNAPSHOT @ C:\Users\irene\eclipse-workspace\E-Comm_Appln\product-service\pom.xml.
2025-10-29 21:08:48,125 [Worker-38: Updating Maven Project] INFO  o.e.m.j.i.AbstractJavaProjectConfigurator - Adding source folder /product-service/src/main/java
2025-10-29 21:08:48,129 [Worker-38: Updating Maven Project] INFO  o.e.m.j.i.AbstractJavaProjectConfigurator - Adding resource folder /product-service/src/main/resources
2025-10-29 21:08:48,130 [Worker-38: Updating Maven Project] INFO  o.e.m.j.i.AbstractJavaProjectConfigurator - Adding resource folder /product-service/src/main/resources
2025-10-29 21:08:48,131 [Worker-38: Updating Maven Project] INFO  o.e.m.j.i.AbstractJavaProjectConfigurator - Adding source folder /product-service/src/test/java
2025-10-29 21:08:48,133 [Worker-38: Updating Maven Project] INFO  o.e.m.j.i.AbstractJavaProjectConfigurator - Adding resource folder /product-service/src/test/resources
2025-10-29 21:08:50,228 [Worker-38: Updating Maven Project] INFO  o.e.m.c.i.p.ProjectConfigurationManager - Update completed for 1 poms: local refresh takes 0.00 sec, refresh facades takes 3.00 sec, update config takes 2.00 sec 
2025-10-29 21:08:51,148 [Worker-38: Building] INFO  o.a.m.s.f.DefaultMavenResourcesFiltering - Copying 1 resource from src\main\resources to target\classes
2025-10-29 21:08:51,170 [Worker-38: Building] INFO  o.a.m.s.f.DefaultMavenResourcesFiltering - Copying 0 resource from src\main\resources to target\classes
2025-10-29 21:08:51,178 [Worker-38: Building] INFO  o.a.m.s.f.DefaultMavenResourcesFiltering - skip non existing resourceDirectory C:\Users\irene\eclipse-workspace\E-Comm_Appln\product-service\src\test\resources
2025-10-29 21:09:08,803 [Worker-44: Launching Executing install in C__Users_irene_eclipse-workspace_E-Comm_Appln_product-service] INFO  o.eclipse.m2e.core.internal.Bundles - getClasspathEntries(Bundle=org.eclipse.m2e.maven.runtime_3.9.600.20231203-1234 [638])
2025-10-29 21:09:08,807 [Worker-44: Launching Executing install in C__Users_irene_eclipse-workspace_E-Comm_Appln_product-service] INFO  o.eclipse.m2e.core.internal.Bundles - 	Entry: C:\Users\irene\Downloads\eclipse-jee-2024-03-R-win32-x86_64\eclipse\plugins\org.eclipse.m2e.maven.runtime_3.9.600.20231203-1234
2025-10-29 21:09:08,808 [Worker-44: Launching Executing install in C__Users_irene_eclipse-workspace_E-Comm_Appln_product-service] INFO  o.eclipse.m2e.core.internal.Bundles - 	Entry: C:\Users\irene\Downloads\eclipse-jee-2024-03-R-win32-x86_64\eclipse\plugins\org.eclipse.m2e.maven.runtime_3.9.600.20231203-1234\jars\aopalliance-1.0.jar
2025-10-29 21:09:08,809 [Worker-44: Launching Executing install in C__Users_irene_eclipse-workspace_E-Comm_Appln_product-service] INFO  o.eclipse.m2e.core.internal.Bundles - 	Entry: C:\Users\irene\Downloads\eclipse-jee-2024-03-R-win32-x86_64\eclipse\plugins\org.eclipse.m2e.maven.runtime_3.9.600.20231203-1234\jars\guice-5.1.0.jar
2025-10-29 21:09:08,809 [Worker-44: Launching Executing install in C__Users_irene_eclipse-workspace_E-Comm_Appln_product-service] INFO  o.eclipse.m2e.core.internal.Bundles - 	Entry: C:\Users\irene\Downloads\eclipse-jee-2024-03-R-win32-x86_64\eclipse\plugins\org.eclipse.m2e.maven.runtime_3.9.600.20231203-1234\jars\httpclient-4.5.14.jar
2025-10-29 21:09:08,809 [Worker-44: Launching Executing install in C__Users_irene_eclipse-workspace_E-Comm_Appln_product-service] INFO  o.eclipse.m2e.core.internal.Bundles - 	Entry: C:\Users\irene\Downloads\eclipse-jee-2024-03-R-win32-x86_64\eclipse\plugins\org.eclipse.m2e.maven.runtime_3.9.600.20231203-1234\jars\httpcore-4.4.16.jar
2025-10-29 21:09:08,810 [Worker-44: Launching Executing install in C__Users_irene_eclipse-workspace_E-Comm_Appln_product-service] INFO  o.eclipse.m2e.core.internal.Bundles - 	Entry: C:\Users\irene\Downloads\eclipse-jee-2024-03-R-win32-x86_64\eclipse\plugins\org.eclipse.m2e.maven.runtime_3.9.600.20231203-1234\jars\jansi-2.4.0.jar
2025-10-29 21:09:08,810 [Worker-44: Launching Executing install in C__Users_irene_eclipse-workspace_E-Comm_Appln_product-service] INFO  o.eclipse.m2e.core.internal.Bundles - 	Entry: C:\Users\irene\Downloads\eclipse-jee-2024-03-R-win32-x86_64\eclipse\plugins\org.eclipse.m2e.maven.runtime_3.9.600.20231203-1234\jars\jcl-over-slf4j-1.7.36.jar
2025-10-29 21:09:08,810 [Worker-44: Launching Executing install in C__Users_irene_eclipse-workspace_E-Comm_Appln_product-service] INFO  o.eclipse.m2e.core.internal.Bundles - 	Entry: C:\Users\irene\Downloads\eclipse-jee-2024-03-R-win32-x86_64\eclipse\plugins\org.eclipse.m2e.maven.runtime_3.9.600.20231203-1234\jars\maven-artifact-3.9.6.jar
2025-10-29 21:09:08,811 [Worker-44: Launching Executing install in C__Users_irene_eclipse-workspace_E-Comm_Appln_product-service] INFO  o.eclipse.m2e.core.internal.Bundles - 	Entry: C:\Users\irene\Downloads\eclipse-jee-2024-03-R-win32-x86_64\eclipse\plugins\org.eclipse.m2e.maven.runtime_3.9.600.20231203-1234\jars\maven-builder-support-3.9.6.jar
2025-10-29 21:09:08,811 [Worker-44: Launching Executing install in C__Users_irene_eclipse-workspace_E-Comm_Appln_product-service] INFO  o.eclipse.m2e.core.internal.Bundles - 	Entry: C:\Users\irene\Downloads\eclipse-jee-2024-03-R-win32-x86_64\eclipse\plugins\org.eclipse.m2e.maven.runtime_3.9.600.20231203-1234\jars\maven-compat-3.9.6.jar
2025-10-29 21:09:08,811 [Worker-44: Launching Executing install in C__Users_irene_eclipse-workspace_E-Comm_Appln_product-service] INFO  o.eclipse.m2e.core.internal.Bundles - 	Entry: C:\Users\irene\Downloads\eclipse-jee-2024-03-R-win32-x86_64\eclipse\plugins\org.eclipse.m2e.maven.runtime_3.9.600.20231203-1234\jars\maven-core-3.9.6.jar
2025-10-29 21:09:08,812 [Worker-44: Launching Executing install in C__Users_irene_eclipse-workspace_E-Comm_Appln_product-service] INFO  o.eclipse.m2e.core.internal.Bundles - 	Entry: C:\Users\irene\Downloads\eclipse-jee-2024-03-R-win32-x86_64\eclipse\plugins\org.eclipse.m2e.maven.runtime_3.9.600.20231203-1234\jars\maven-embedder-3.9.6.jar
2025-10-29 21:09:08,812 [Worker-44: Launching Executing install in C__Users_irene_eclipse-workspace_E-Comm_Appln_product-service] INFO  o.eclipse.m2e.core.internal.Bundles - 	Entry: C:\Users\irene\Downloads\eclipse-jee-2024-03-R-win32-x86_64\eclipse\plugins\org.eclipse.m2e.maven.runtime_3.9.600.20231203-1234\jars\maven-model-3.9.6.jar
2025-10-29 21:09:08,812 [Worker-44: Launching Executing install in C__Users_irene_eclipse-workspace_E-Comm_Appln_product-service] INFO  o.eclipse.m2e.core.internal.Bundles - 	Entry: C:\Users\irene\Downloads\eclipse-jee-2024-03-R-win32-x86_64\eclipse\plugins\org.eclipse.m2e.maven.runtime_3.9.600.20231203-1234\jars\maven-model-builder-3.9.6.jar
2025-10-29 21:09:08,813 [Worker-44: Launching Executing install in C__Users_irene_eclipse-workspace_E-Comm_Appln_product-service] INFO  o.eclipse.m2e.core.internal.Bundles - 	Entry: C:\Users\irene\Downloads\eclipse-jee-2024-03-R-win32-x86_64\eclipse\plugins\org.eclipse.m2e.maven.runtime_3.9.600.20231203-1234\jars\maven-plugin-api-3.9.6.jar
2025-10-29 21:09:08,813 [Worker-44: Launching Executing install in C__Users_irene_eclipse-workspace_E-Comm_Appln_product-service] INFO  o.eclipse.m2e.core.internal.Bundles - 	Entry: C:\Users\irene\Downloads\eclipse-jee-2024-03-R-win32-x86_64\eclipse\plugins\org.eclipse.m2e.maven.runtime_3.9.600.20231203-1234\jars\maven-repository-metadata-3.9.6.jar
2025-10-29 21:09:08,813 [Worker-44: Launching Executing install in C__Users_irene_eclipse-workspace_E-Comm_Appln_product-service] INFO  o.eclipse.m2e.core.internal.Bundles - 	Entry: C:\Users\irene\Downloads\eclipse-jee-2024-03-R-win32-x86_64\eclipse\plugins\org.eclipse.m2e.maven.runtime_3.9.600.20231203-1234\jars\maven-resolver-api-1.9.18.jar
2025-10-29 21:09:08,814 [Worker-44: Launching Executing install in C__Users_irene_eclipse-workspace_E-Comm_Appln_product-service] INFO  o.eclipse.m2e.core.internal.Bundles - 	Entry: C:\Users\irene\Downloads\eclipse-jee-2024-03-R-win32-x86_64\eclipse\plugins\org.eclipse.m2e.maven.runtime_3.9.600.20231203-1234\jars\maven-resolver-connector-basic-1.9.18.jar
2025-10-29 21:09:08,814 [Worker-44: Launching Executing install in C__Users_irene_eclipse-workspace_E-Comm_Appln_product-service] INFO  o.eclipse.m2e.core.internal.Bundles - 	Entry: C:\Users\irene\Downloads\eclipse-jee-2024-03-R-win32-x86_64\eclipse\plugins\org.eclipse.m2e.maven.runtime_3.9.600.20231203-1234\jars\maven-resolver-impl-1.9.18.jar
2025-10-29 21:09:08,814 [Worker-44: Launching Executing install in C__Users_irene_eclipse-workspace_E-Comm_Appln_product-service] INFO  o.eclipse.m2e.core.internal.Bundles - 	Entry: C:\Users\irene\Downloads\eclipse-jee-2024-03-R-win32-x86_64\eclipse\plugins\org.eclipse.m2e.maven.runtime_3.9.600.20231203-1234\jars\maven-resolver-named-locks-1.9.18.jar
2025-10-29 21:09:08,814 [Worker-44: Launching Executing install in C__Users_irene_eclipse-workspace_E-Comm_Appln_product-service] INFO  o.eclipse.m2e.core.internal.Bundles - 	Entry: C:\Users\irene\Downloads\eclipse-jee-2024-03-R-win32-x86_64\eclipse\plugins\org.eclipse.m2e.maven.runtime_3.9.600.20231203-1234\jars\maven-resolver-provider-3.9.6.jar
2025-10-29 21:09:08,815 [Worker-44: Launching Executing install in C__Users_irene_eclipse-workspace_E-Comm_Appln_product-service] INFO  o.eclipse.m2e.core.internal.Bundles - 	Entry: C:\Users\irene\Downloads\eclipse-jee-2024-03-R-win32-x86_64\eclipse\plugins\org.eclipse.m2e.maven.runtime_3.9.600.20231203-1234\jars\maven-resolver-spi-1.9.18.jar
2025-10-29 21:09:08,815 [Worker-44: Launching Executing install in C__Users_irene_eclipse-workspace_E-Comm_Appln_product-service] INFO  o.eclipse.m2e.core.internal.Bundles - 	Entry: C:\Users\irene\Downloads\eclipse-jee-2024-03-R-win32-x86_64\eclipse\plugins\org.eclipse.m2e.maven.runtime_3.9.600.20231203-1234\jars\maven-resolver-transport-file-1.9.18.jar
2025-10-29 21:09:08,815 [Worker-44: Launching Executing install in C__Users_irene_eclipse-workspace_E-Comm_Appln_product-service] INFO  o.eclipse.m2e.core.internal.Bundles - 	Entry: C:\Users\irene\Downloads\eclipse-jee-2024-03-R-win32-x86_64\eclipse\plugins\org.eclipse.m2e.maven.runtime_3.9.600.20231203-1234\jars\maven-resolver-transport-http-1.9.18.jar
2025-10-29 21:09:08,816 [Worker-44: Launching Executing install in C__Users_irene_eclipse-workspace_E-Comm_Appln_product-service] INFO  o.eclipse.m2e.core.internal.Bundles - 	Entry: C:\Users\irene\Downloads\eclipse-jee-2024-03-R-win32-x86_64\eclipse\plugins\org.eclipse.m2e.maven.runtime_3.9.600.20231203-1234\jars\maven-resolver-transport-wagon-1.9.18.jar
2025-10-29 21:09:08,816 [Worker-44: Launching Executing install in C__Users_irene_eclipse-workspace_E-Comm_Appln_product-service] INFO  o.eclipse.m2e.core.internal.Bundles - 	Entry: C:\Users\irene\Downloads\eclipse-jee-2024-03-R-win32-x86_64\eclipse\plugins\org.eclipse.m2e.maven.runtime_3.9.600.20231203-1234\jars\maven-resolver-util-1.9.18.jar
2025-10-29 21:09:08,816 [Worker-44: Launching Executing install in C__Users_irene_eclipse-workspace_E-Comm_Appln_product-service] INFO  o.eclipse.m2e.core.internal.Bundles - 	Entry: C:\Users\irene\Downloads\eclipse-jee-2024-03-R-win32-x86_64\eclipse\plugins\org.eclipse.m2e.maven.runtime_3.9.600.20231203-1234\jars\maven-settings-3.9.6.jar
2025-10-29 21:09:08,817 [Worker-44: Launching Executing install in C__Users_irene_eclipse-workspace_E-Comm_Appln_product-service] INFO  o.eclipse.m2e.core.internal.Bundles - 	Entry: C:\Users\irene\Downloads\eclipse-jee-2024-03-R-win32-x86_64\eclipse\plugins\org.eclipse.m2e.maven.runtime_3.9.600.20231203-1234\jars\maven-settings-builder-3.9.6.jar
2025-10-29 21:09:08,817 [Worker-44: Launching Executing install in C__Users_irene_eclipse-workspace_E-Comm_Appln_product-service] INFO  o.eclipse.m2e.core.internal.Bundles - 	Entry: C:\Users\irene\Downloads\eclipse-jee-2024-03-R-win32-x86_64\eclipse\plugins\org.eclipse.m2e.maven.runtime_3.9.600.20231203-1234\jars\maven-shared-utils-3.3.4.jar
2025-10-29 21:09:08,817 [Worker-44: Launching Executing install in C__Users_irene_eclipse-workspace_E-Comm_Appln_product-service] INFO  o.eclipse.m2e.core.internal.Bundles - 	Entry: C:\Users\irene\Downloads\eclipse-jee-2024-03-R-win32-x86_64\eclipse\plugins\org.eclipse.m2e.maven.runtime_3.9.600.20231203-1234\jars\org.eclipse.sisu.inject-0.9.0.M2.jar
2025-10-29 21:09:08,817 [Worker-44: Launching Executing install in C__Users_irene_eclipse-workspace_E-Comm_Appln_product-service] INFO  o.eclipse.m2e.core.internal.Bundles - 	Entry: C:\Users\irene\Downloads\eclipse-jee-2024-03-R-win32-x86_64\eclipse\plugins\org.eclipse.m2e.maven.runtime_3.9.600.20231203-1234\jars\org.eclipse.sisu.plexus-0.9.0.M2.jar
2025-10-29 21:09:08,818 [Worker-44: Launching Executing install in C__Users_irene_eclipse-workspace_E-Comm_Appln_product-service] INFO  o.eclipse.m2e.core.internal.Bundles - 	Entry: C:\Users\irene\Downloads\eclipse-jee-2024-03-R-win32-x86_64\eclipse\plugins\org.eclipse.m2e.maven.runtime_3.9.600.20231203-1234\jars\plexus-build-api-0.0.7.jar
2025-10-29 21:09:08,818 [Worker-44: Launching Executing install in C__Users_irene_eclipse-workspace_E-Comm_Appln_product-service] INFO  o.eclipse.m2e.core.internal.Bundles - 	Entry: C:\Users\irene\Downloads\eclipse-jee-2024-03-R-win32-x86_64\eclipse\plugins\org.eclipse.m2e.maven.runtime_3.9.600.20231203-1234\jars\plexus-cipher-2.0.jar
2025-10-29 21:09:08,818 [Worker-44: Launching Executing install in C__Users_irene_eclipse-workspace_E-Comm_Appln_product-service] INFO  o.eclipse.m2e.core.internal.Bundles - 	Entry: C:\Users\irene\Downloads\eclipse-jee-2024-03-R-win32-x86_64\eclipse\plugins\org.eclipse.m2e.maven.runtime_3.9.600.20231203-1234\jars\plexus-classworlds-2.7.0.jar
2025-10-29 21:09:08,818 [Worker-44: Launching Executing install in C__Users_irene_eclipse-workspace_E-Comm_Appln_product-service] INFO  o.eclipse.m2e.core.internal.Bundles - 	Entry: C:\Users\irene\Downloads\eclipse-jee-2024-03-R-win32-x86_64\eclipse\plugins\org.eclipse.m2e.maven.runtime_3.9.600.20231203-1234\jars\plexus-component-annotations-2.1.0.jar
2025-10-29 21:09:08,818 [Worker-44: Launching Executing install in C__Users_irene_eclipse-workspace_E-Comm_Appln_product-service] INFO  o.eclipse.m2e.core.internal.Bundles - 	Entry: C:\Users\irene\Downloads\eclipse-jee-2024-03-R-win32-x86_64\eclipse\plugins\org.eclipse.m2e.maven.runtime_3.9.600.20231203-1234\jars\plexus-interpolation-1.26.jar
2025-10-29 21:09:08,818 [Worker-44: Launching Executing install in C__Users_irene_eclipse-workspace_E-Comm_Appln_product-service] INFO  o.eclipse.m2e.core.internal.Bundles - 	Entry: C:\Users\irene\Downloads\eclipse-jee-2024-03-R-win32-x86_64\eclipse\plugins\org.eclipse.m2e.maven.runtime_3.9.600.20231203-1234\jars\plexus-sec-dispatcher-2.0.jar
2025-10-29 21:09:08,819 [Worker-44: Launching Executing install in C__Users_irene_eclipse-workspace_E-Comm_Appln_product-service] INFO  o.eclipse.m2e.core.internal.Bundles - 	Entry: C:\Users\irene\Downloads\eclipse-jee-2024-03-R-win32-x86_64\eclipse\plugins\org.eclipse.m2e.maven.runtime_3.9.600.20231203-1234\jars\plexus-utils-3.5.1.jar
2025-10-29 21:09:08,819 [Worker-44: Launching Executing install in C__Users_irene_eclipse-workspace_E-Comm_Appln_product-service] INFO  o.eclipse.m2e.core.internal.Bundles - 	Entry: C:\Users\irene\Downloads\eclipse-jee-2024-03-R-win32-x86_64\eclipse\plugins\org.eclipse.m2e.maven.runtime_3.9.600.20231203-1234\jars\wagon-file-3.5.3.jar
2025-10-29 21:09:08,819 [Worker-44: Launching Executing install in C__Users_irene_eclipse-workspace_E-Comm_Appln_product-service] INFO  o.eclipse.m2e.core.internal.Bundles - 	Entry: C:\Users\irene\Downloads\eclipse-jee-2024-03-R-win32-x86_64\eclipse\plugins\org.eclipse.m2e.maven.runtime_3.9.600.20231203-1234\jars\wagon-http-3.5.3.jar
2025-10-29 21:09:08,819 [Worker-44: Launching Executing install in C__Users_irene_eclipse-workspace_E-Comm_Appln_product-service] INFO  o.eclipse.m2e.core.internal.Bundles - 	Entry: C:\Users\irene\Downloads\eclipse-jee-2024-03-R-win32-x86_64\eclipse\plugins\org.eclipse.m2e.maven.runtime_3.9.600.20231203-1234\jars\wagon-http-shared-3.5.3.jar
2025-10-29 21:09:08,820 [Worker-44: Launching Executing install in C__Users_irene_eclipse-workspace_E-Comm_Appln_product-service] INFO  o.eclipse.m2e.core.internal.Bundles - 	Entry: C:\Users\irene\Downloads\eclipse-jee-2024-03-R-win32-x86_64\eclipse\plugins\org.eclipse.m2e.maven.runtime_3.9.600.20231203-1234\jars\wagon-provider-api-3.5.3.jar
2025-10-29 21:09:08,822 [Worker-44: Launching Executing install in C__Users_irene_eclipse-workspace_E-Comm_Appln_product-service] INFO  o.eclipse.m2e.core.internal.Bundles - getClasspathEntries(Bundle=com.google.guava_33.0.0.jre [14])
2025-10-29 21:09:08,823 [Worker-44: Launching Executing install in C__Users_irene_eclipse-workspace_E-Comm_Appln_product-service] INFO  o.eclipse.m2e.core.internal.Bundles - 	Entry: C:\Users\irene\Downloads\eclipse-jee-2024-03-R-win32-x86_64\eclipse\plugins\com.google.guava_33.0.0.jre.jar
2025-10-29 21:09:08,823 [Worker-44: Launching Executing install in C__Users_irene_eclipse-workspace_E-Comm_Appln_product-service] INFO  o.eclipse.m2e.core.internal.Bundles - getClasspathEntries(Bundle=slf4j.api_2.0.12 [1001])
2025-10-29 21:09:08,824 [Worker-44: Launching Executing install in C__Users_irene_eclipse-workspace_E-Comm_Appln_product-service] INFO  o.eclipse.m2e.core.internal.Bundles - 	Entry: C:\Users\irene\Downloads\eclipse-jee-2024-03-R-win32-x86_64\eclipse\plugins\slf4j.api_2.0.12.jar
2025-10-29 21:09:08,827 [Worker-44: Launching Executing install in C__Users_irene_eclipse-workspace_E-Comm_Appln_product-service] INFO  o.eclipse.m2e.core.internal.Bundles - getClasspathEntries(Bundle=jakarta.inject.jakarta.inject-api_1.0.5 [32])
2025-10-29 21:09:08,830 [Worker-44: Launching Executing install in C__Users_irene_eclipse-workspace_E-Comm_Appln_product-service] INFO  o.eclipse.m2e.core.internal.Bundles - 	Entry: C:\Users\irene\Downloads\eclipse-jee-2024-03-R-win32-x86_64\eclipse\plugins\jakarta.inject.jakarta.inject-api_1.0.5.jar
2025-10-29 21:09:08,830 [Worker-44: Launching Executing install in C__Users_irene_eclipse-workspace_E-Comm_Appln_product-service] INFO  o.eclipse.m2e.core.internal.Bundles - getClasspathEntries(Bundle=jakarta.annotation-api_1.3.5 [27])
2025-10-29 21:09:08,831 [Worker-44: Launching Executing install in C__Users_irene_eclipse-workspace_E-Comm_Appln_product-service] INFO  o.eclipse.m2e.core.internal.Bundles - 	Entry: C:\Users\irene\Downloads\eclipse-jee-2024-03-R-win32-x86_64\eclipse\plugins\jakarta.annotation-api_1.3.5.jar
2025-10-29 21:09:08,831 [Worker-44: Launching Executing install in C__Users_irene_eclipse-workspace_E-Comm_Appln_product-service] INFO  o.eclipse.m2e.core.internal.Bundles - getClasspathEntries(Bundle=org.apache.commons.cli_1.6.0 [75])
2025-10-29 21:09:08,832 [Worker-44: Launching Executing install in C__Users_irene_eclipse-workspace_E-Comm_Appln_product-service] INFO  o.eclipse.m2e.core.internal.Bundles - 	Entry: C:\Users\irene\Downloads\eclipse-jee-2024-03-R-win32-x86_64\eclipse\plugins\org.apache.commons.cli_1.6.0.jar
2025-10-29 21:09:08,832 [Worker-44: Launching Executing install in C__Users_irene_eclipse-workspace_E-Comm_Appln_product-service] INFO  o.eclipse.m2e.core.internal.Bundles - getClasspathEntries(Bundle=org.apache.commons.commons-codec_1.16.0 [78])
2025-10-29 21:09:08,833 [Worker-44: Launching Executing install in C__Users_irene_eclipse-workspace_E-Comm_Appln_product-service] INFO  o.eclipse.m2e.core.internal.Bundles - 	Entry: C:\Users\irene\Downloads\eclipse-jee-2024-03-R-win32-x86_64\eclipse\plugins\org.apache.commons.commons-codec_1.16.0.jar
2025-10-29 21:09:08,833 [Worker-44: Launching Executing install in C__Users_irene_eclipse-workspace_E-Comm_Appln_product-service] INFO  o.eclipse.m2e.core.internal.Bundles - getClasspathEntries(Bundle=org.apache.commons.lang3_3.14.0 [86])
2025-10-29 21:09:08,834 [Worker-44: Launching Executing install in C__Users_irene_eclipse-workspace_E-Comm_Appln_product-service] INFO  o.eclipse.m2e.core.internal.Bundles - 	Entry: C:\Users\irene\Downloads\eclipse-jee-2024-03-R-win32-x86_64\eclipse\plugins\org.apache.commons.lang3_3.14.0.jar
2025-10-29 21:09:08,834 [Worker-44: Launching Executing install in C__Users_irene_eclipse-workspace_E-Comm_Appln_product-service] INFO  o.eclipse.m2e.core.internal.Bundles - getClasspathEntries(Bundle=com.google.guava.failureaccess_1.0.2 [15])
2025-10-29 21:09:08,835 [Worker-44: Launching Executing install in C__Users_irene_eclipse-workspace_E-Comm_Appln_product-service] INFO  o.eclipse.m2e.core.internal.Bundles - 	Entry: C:\Users\irene\Downloads\eclipse-jee-2024-03-R-win32-x86_64\eclipse\plugins\com.google.guava.failureaccess_1.0.2.jar
2025-10-29 21:09:08,844 [Worker-44: Launching Executing install in C__Users_irene_eclipse-workspace_E-Comm_Appln_product-service] INFO  o.e.m.i.launch.MavenLaunchDelegate - Run build in "C:\Users\irene\eclipse-workspace\E-Comm_Appln\product-service":
2025-10-29 21:09:08,901 [Worker-44: Launching Executing install in C__Users_irene_eclipse-workspace_E-Comm_Appln_product-service] INFO  o.e.m.i.launch.MavenLaunchDelegate -  mvn  -B -Dstyle.color=always install
2025-10-29 21:09:35,462 [Worker-41: Building] INFO  o.a.m.s.f.DefaultMavenResourcesFiltering - Copying 1 resource from src\main\resources to target\classes
2025-10-29 21:09:35,467 [Worker-41: Building] INFO  o.a.m.s.f.DefaultMavenResourcesFiltering - Copying 0 resource from src\main\resources to target\classes
2025-10-29 21:09:35,470 [Worker-41: Building] INFO  o.a.m.s.f.DefaultMavenResourcesFiltering - skip non existing resourceDirectory C:\Users\irene\eclipse-workspace\E-Comm_Appln\product-service\src\test\resources
2025-10-29 21:10:24,637 [main] INFO  o.e.m2e.actions.ExecutePomAction - Creating new launch configuration
2025-10-29 21:10:36,309 [Worker-38: Launching product-service] INFO  o.eclipse.m2e.core.internal.Bundles - getClasspathEntries(Bundle=org.eclipse.m2e.maven.runtime_3.9.600.20231203-1234 [638])
2025-10-29 21:10:36,312 [Worker-38: Launching product-service] INFO  o.eclipse.m2e.core.internal.Bundles - 	Entry: C:\Users\irene\Downloads\eclipse-jee-2024-03-R-win32-x86_64\eclipse\plugins\org.eclipse.m2e.maven.runtime_3.9.600.20231203-1234
2025-10-29 21:10:36,312 [Worker-38: Launching product-service] INFO  o.eclipse.m2e.core.internal.Bundles - 	Entry: C:\Users\irene\Downloads\eclipse-jee-2024-03-R-win32-x86_64\eclipse\plugins\org.eclipse.m2e.maven.runtime_3.9.600.20231203-1234\jars\aopalliance-1.0.jar
2025-10-29 21:10:36,312 [Worker-38: Launching product-service] INFO  o.eclipse.m2e.core.internal.Bundles - 	Entry: C:\Users\irene\Downloads\eclipse-jee-2024-03-R-win32-x86_64\eclipse\plugins\org.eclipse.m2e.maven.runtime_3.9.600.20231203-1234\jars\guice-5.1.0.jar
2025-10-29 21:10:36,313 [Worker-38: Launching product-service] INFO  o.eclipse.m2e.core.internal.Bundles - 	Entry: C:\Users\irene\Downloads\eclipse-jee-2024-03-R-win32-x86_64\eclipse\plugins\org.eclipse.m2e.maven.runtime_3.9.600.20231203-1234\jars\httpclient-4.5.14.jar
2025-10-29 21:10:36,313 [Worker-38: Launching product-service] INFO  o.eclipse.m2e.core.internal.Bundles - 	Entry: C:\Users\irene\Downloads\eclipse-jee-2024-03-R-win32-x86_64\eclipse\plugins\org.eclipse.m2e.maven.runtime_3.9.600.20231203-1234\jars\httpcore-4.4.16.jar
2025-10-29 21:10:36,313 [Worker-38: Launching product-service] INFO  o.eclipse.m2e.core.internal.Bundles - 	Entry: C:\Users\irene\Downloads\eclipse-jee-2024-03-R-win32-x86_64\eclipse\plugins\org.eclipse.m2e.maven.runtime_3.9.600.20231203-1234\jars\jansi-2.4.0.jar
2025-10-29 21:10:36,313 [Worker-38: Launching product-service] INFO  o.eclipse.m2e.core.internal.Bundles - 	Entry: C:\Users\irene\Downloads\eclipse-jee-2024-03-R-win32-x86_64\eclipse\plugins\org.eclipse.m2e.maven.runtime_3.9.600.20231203-1234\jars\jcl-over-slf4j-1.7.36.jar
2025-10-29 21:10:36,314 [Worker-38: Launching product-service] INFO  o.eclipse.m2e.core.internal.Bundles - 	Entry: C:\Users\irene\Downloads\eclipse-jee-2024-03-R-win32-x86_64\eclipse\plugins\org.eclipse.m2e.maven.runtime_3.9.600.20231203-1234\jars\maven-artifact-3.9.6.jar
2025-10-29 21:10:36,314 [Worker-38: Launching product-service] INFO  o.eclipse.m2e.core.internal.Bundles - 	Entry: C:\Users\irene\Downloads\eclipse-jee-2024-03-R-win32-x86_64\eclipse\plugins\org.eclipse.m2e.maven.runtime_3.9.600.20231203-1234\jars\maven-builder-support-3.9.6.jar
2025-10-29 21:10:36,314 [Worker-38: Launching product-service] INFO  o.eclipse.m2e.core.internal.Bundles - 	Entry: C:\Users\irene\Downloads\eclipse-jee-2024-03-R-win32-x86_64\eclipse\plugins\org.eclipse.m2e.maven.runtime_3.9.600.20231203-1234\jars\maven-compat-3.9.6.jar
2025-10-29 21:10:36,316 [Worker-38: Launching product-service] INFO  o.eclipse.m2e.core.internal.Bundles - 	Entry: C:\Users\irene\Downloads\eclipse-jee-2024-03-R-win32-x86_64\eclipse\plugins\org.eclipse.m2e.maven.runtime_3.9.600.20231203-1234\jars\maven-core-3.9.6.jar
2025-10-29 21:10:36,316 [Worker-38: Launching product-service] INFO  o.eclipse.m2e.core.internal.Bundles - 	Entry: C:\Users\irene\Downloads\eclipse-jee-2024-03-R-win32-x86_64\eclipse\plugins\org.eclipse.m2e.maven.runtime_3.9.600.20231203-1234\jars\maven-embedder-3.9.6.jar
2025-10-29 21:10:36,317 [Worker-38: Launching product-service] INFO  o.eclipse.m2e.core.internal.Bundles - 	Entry: C:\Users\irene\Downloads\eclipse-jee-2024-03-R-win32-x86_64\eclipse\plugins\org.eclipse.m2e.maven.runtime_3.9.600.20231203-1234\jars\maven-model-3.9.6.jar
2025-10-29 21:10:36,317 [Worker-38: Launching product-service] INFO  o.eclipse.m2e.core.internal.Bundles - 	Entry: C:\Users\irene\Downloads\eclipse-jee-2024-03-R-win32-x86_64\eclipse\plugins\org.eclipse.m2e.maven.runtime_3.9.600.20231203-1234\jars\maven-model-builder-3.9.6.jar
2025-10-29 21:10:36,317 [Worker-38: Launching product-service] INFO  o.eclipse.m2e.core.internal.Bundles - 	Entry: C:\Users\irene\Downloads\eclipse-jee-2024-03-R-win32-x86_64\eclipse\plugins\org.eclipse.m2e.maven.runtime_3.9.600.20231203-1234\jars\maven-plugin-api-3.9.6.jar
2025-10-29 21:10:36,318 [Worker-38: Launching product-service] INFO  o.eclipse.m2e.core.internal.Bundles - 	Entry: C:\Users\irene\Downloads\eclipse-jee-2024-03-R-win32-x86_64\eclipse\plugins\org.eclipse.m2e.maven.runtime_3.9.600.20231203-1234\jars\maven-repository-metadata-3.9.6.jar
2025-10-29 21:10:36,318 [Worker-38: Launching product-service] INFO  o.eclipse.m2e.core.internal.Bundles - 	Entry: C:\Users\irene\Downloads\eclipse-jee-2024-03-R-win32-x86_64\eclipse\plugins\org.eclipse.m2e.maven.runtime_3.9.600.20231203-1234\jars\maven-resolver-api-1.9.18.jar
2025-10-29 21:10:36,318 [Worker-38: Launching product-service] INFO  o.eclipse.m2e.core.internal.Bundles - 	Entry: C:\Users\irene\Downloads\eclipse-jee-2024-03-R-win32-x86_64\eclipse\plugins\org.eclipse.m2e.maven.runtime_3.9.600.20231203-1234\jars\maven-resolver-connector-basic-1.9.18.jar
2025-10-29 21:10:36,318 [Worker-38: Launching product-service] INFO  o.eclipse.m2e.core.internal.Bundles - 	Entry: C:\Users\irene\Downloads\eclipse-jee-2024-03-R-win32-x86_64\eclipse\plugins\org.eclipse.m2e.maven.runtime_3.9.600.20231203-1234\jars\maven-resolver-impl-1.9.18.jar
2025-10-29 21:10:36,319 [Worker-38: Launching product-service] INFO  o.eclipse.m2e.core.internal.Bundles - 	Entry: C:\Users\irene\Downloads\eclipse-jee-2024-03-R-win32-x86_64\eclipse\plugins\org.eclipse.m2e.maven.runtime_3.9.600.20231203-1234\jars\maven-resolver-named-locks-1.9.18.jar
2025-10-29 21:10:36,319 [Worker-38: Launching product-service] INFO  o.eclipse.m2e.core.internal.Bundles - 	Entry: C:\Users\irene\Downloads\eclipse-jee-2024-03-R-win32-x86_64\eclipse\plugins\org.eclipse.m2e.maven.runtime_3.9.600.20231203-1234\jars\maven-resolver-provider-3.9.6.jar
2025-10-29 21:10:36,319 [Worker-38: Launching product-service] INFO  o.eclipse.m2e.core.internal.Bundles - 	Entry: C:\Users\irene\Downloads\eclipse-jee-2024-03-R-win32-x86_64\eclipse\plugins\org.eclipse.m2e.maven.runtime_3.9.600.20231203-1234\jars\maven-resolver-spi-1.9.18.jar
2025-10-29 21:10:36,319 [Worker-38: Launching product-service] INFO  o.eclipse.m2e.core.internal.Bundles - 	Entry: C:\Users\irene\Downloads\eclipse-jee-2024-03-R-win32-x86_64\eclipse\plugins\org.eclipse.m2e.maven.runtime_3.9.600.20231203-1234\jars\maven-resolver-transport-file-1.9.18.jar
2025-10-29 21:10:36,320 [Worker-38: Launching product-service] INFO  o.eclipse.m2e.core.internal.Bundles - 	Entry: C:\Users\irene\Downloads\eclipse-jee-2024-03-R-win32-x86_64\eclipse\plugins\org.eclipse.m2e.maven.runtime_3.9.600.20231203-1234\jars\maven-resolver-transport-http-1.9.18.jar
2025-10-29 21:10:36,320 [Worker-38: Launching product-service] INFO  o.eclipse.m2e.core.internal.Bundles - 	Entry: C:\Users\irene\Downloads\eclipse-jee-2024-03-R-win32-x86_64\eclipse\plugins\org.eclipse.m2e.maven.runtime_3.9.600.20231203-1234\jars\maven-resolver-transport-wagon-1.9.18.jar
2025-10-29 21:10:36,320 [Worker-38: Launching product-service] INFO  o.eclipse.m2e.core.internal.Bundles - 	Entry: C:\Users\irene\Downloads\eclipse-jee-2024-03-R-win32-x86_64\eclipse\plugins\org.eclipse.m2e.maven.runtime_3.9.600.20231203-1234\jars\maven-resolver-util-1.9.18.jar
2025-10-29 21:10:36,321 [Worker-38: Launching product-service] INFO  o.eclipse.m2e.core.internal.Bundles - 	Entry: C:\Users\irene\Downloads\eclipse-jee-2024-03-R-win32-x86_64\eclipse\plugins\org.eclipse.m2e.maven.runtime_3.9.600.20231203-1234\jars\maven-settings-3.9.6.jar
2025-10-29 21:10:36,321 [Worker-38: Launching product-service] INFO  o.eclipse.m2e.core.internal.Bundles - 	Entry: C:\Users\irene\Downloads\eclipse-jee-2024-03-R-win32-x86_64\eclipse\plugins\org.eclipse.m2e.maven.runtime_3.9.600.20231203-1234\jars\maven-settings-builder-3.9.6.jar
2025-10-29 21:10:36,321 [Worker-38: Launching product-service] INFO  o.eclipse.m2e.core.internal.Bundles - 	Entry: C:\Users\irene\Downloads\eclipse-jee-2024-03-R-win32-x86_64\eclipse\plugins\org.eclipse.m2e.maven.runtime_3.9.600.20231203-1234\jars\maven-shared-utils-3.3.4.jar
2025-10-29 21:10:36,321 [Worker-38: Launching product-service] INFO  o.eclipse.m2e.core.internal.Bundles - 	Entry: C:\Users\irene\Downloads\eclipse-jee-2024-03-R-win32-x86_64\eclipse\plugins\org.eclipse.m2e.maven.runtime_3.9.600.20231203-1234\jars\org.eclipse.sisu.inject-0.9.0.M2.jar
2025-10-29 21:10:36,322 [Worker-38: Launching product-service] INFO  o.eclipse.m2e.core.internal.Bundles - 	Entry: C:\Users\irene\Downloads\eclipse-jee-2024-03-R-win32-x86_64\eclipse\plugins\org.eclipse.m2e.maven.runtime_3.9.600.20231203-1234\jars\org.eclipse.sisu.plexus-0.9.0.M2.jar
2025-10-29 21:10:36,322 [Worker-38: Launching product-service] INFO  o.eclipse.m2e.core.internal.Bundles - 	Entry: C:\Users\irene\Downloads\eclipse-jee-2024-03-R-win32-x86_64\eclipse\plugins\org.eclipse.m2e.maven.runtime_3.9.600.20231203-1234\jars\plexus-build-api-0.0.7.jar
2025-10-29 21:10:36,322 [Worker-38: Launching product-service] INFO  o.eclipse.m2e.core.internal.Bundles - 	Entry: C:\Users\irene\Downloads\eclipse-jee-2024-03-R-win32-x86_64\eclipse\plugins\org.eclipse.m2e.maven.runtime_3.9.600.20231203-1234\jars\plexus-cipher-2.0.jar
2025-10-29 21:10:36,322 [Worker-38: Launching product-service] INFO  o.eclipse.m2e.core.internal.Bundles - 	Entry: C:\Users\irene\Downloads\eclipse-jee-2024-03-R-win32-x86_64\eclipse\plugins\org.eclipse.m2e.maven.runtime_3.9.600.20231203-1234\jars\plexus-classworlds-2.7.0.jar
2025-10-29 21:10:36,323 [Worker-38: Launching product-service] INFO  o.eclipse.m2e.core.internal.Bundles - 	Entry: C:\Users\irene\Downloads\eclipse-jee-2024-03-R-win32-x86_64\eclipse\plugins\org.eclipse.m2e.maven.runtime_3.9.600.20231203-1234\jars\plexus-component-annotations-2.1.0.jar
2025-10-29 21:10:36,323 [Worker-38: Launching product-service] INFO  o.eclipse.m2e.core.internal.Bundles - 	Entry: C:\Users\irene\Downloads\eclipse-jee-2024-03-R-win32-x86_64\eclipse\plugins\org.eclipse.m2e.maven.runtime_3.9.600.20231203-1234\jars\plexus-interpolation-1.26.jar
2025-10-29 21:10:36,323 [Worker-38: Launching product-service] INFO  o.eclipse.m2e.core.internal.Bundles - 	Entry: C:\Users\irene\Downloads\eclipse-jee-2024-03-R-win32-x86_64\eclipse\plugins\org.eclipse.m2e.maven.runtime_3.9.600.20231203-1234\jars\plexus-sec-dispatcher-2.0.jar
2025-10-29 21:10:36,324 [Worker-38: Launching product-service] INFO  o.eclipse.m2e.core.internal.Bundles - 	Entry: C:\Users\irene\Downloads\eclipse-jee-2024-03-R-win32-x86_64\eclipse\plugins\org.eclipse.m2e.maven.runtime_3.9.600.20231203-1234\jars\plexus-utils-3.5.1.jar
2025-10-29 21:10:36,324 [Worker-38: Launching product-service] INFO  o.eclipse.m2e.core.internal.Bundles - 	Entry: C:\Users\irene\Downloads\eclipse-jee-2024-03-R-win32-x86_64\eclipse\plugins\org.eclipse.m2e.maven.runtime_3.9.600.20231203-1234\jars\wagon-file-3.5.3.jar
2025-10-29 21:10:36,324 [Worker-38: Launching product-service] INFO  o.eclipse.m2e.core.internal.Bundles - 	Entry: C:\Users\irene\Downloads\eclipse-jee-2024-03-R-win32-x86_64\eclipse\plugins\org.eclipse.m2e.maven.runtime_3.9.600.20231203-1234\jars\wagon-http-3.5.3.jar
2025-10-29 21:10:36,324 [Worker-38: Launching product-service] INFO  o.eclipse.m2e.core.internal.Bundles - 	Entry: C:\Users\irene\Downloads\eclipse-jee-2024-03-R-win32-x86_64\eclipse\plugins\org.eclipse.m2e.maven.runtime_3.9.600.20231203-1234\jars\wagon-http-shared-3.5.3.jar
2025-10-29 21:10:36,324 [Worker-38: Launching product-service] INFO  o.eclipse.m2e.core.internal.Bundles - 	Entry: C:\Users\irene\Downloads\eclipse-jee-2024-03-R-win32-x86_64\eclipse\plugins\org.eclipse.m2e.maven.runtime_3.9.600.20231203-1234\jars\wagon-provider-api-3.5.3.jar
2025-10-29 21:10:36,325 [Worker-38: Launching product-service] INFO  o.eclipse.m2e.core.internal.Bundles - getClasspathEntries(Bundle=com.google.guava_33.0.0.jre [14])
2025-10-29 21:10:36,326 [Worker-38: Launching product-service] INFO  o.eclipse.m2e.core.internal.Bundles - 	Entry: C:\Users\irene\Downloads\eclipse-jee-2024-03-R-win32-x86_64\eclipse\plugins\com.google.guava_33.0.0.jre.jar
2025-10-29 21:10:36,326 [Worker-38: Launching product-service] INFO  o.eclipse.m2e.core.internal.Bundles - getClasspathEntries(Bundle=slf4j.api_2.0.12 [1001])
2025-10-29 21:10:36,328 [Worker-38: Launching product-service] INFO  o.eclipse.m2e.core.internal.Bundles - 	Entry: C:\Users\irene\Downloads\eclipse-jee-2024-03-R-win32-x86_64\eclipse\plugins\slf4j.api_2.0.12.jar
2025-10-29 21:10:36,328 [Worker-38: Launching product-service] INFO  o.eclipse.m2e.core.internal.Bundles - getClasspathEntries(Bundle=jakarta.inject.jakarta.inject-api_1.0.5 [32])
2025-10-29 21:10:36,329 [Worker-38: Launching product-service] INFO  o.eclipse.m2e.core.internal.Bundles - 	Entry: C:\Users\irene\Downloads\eclipse-jee-2024-03-R-win32-x86_64\eclipse\plugins\jakarta.inject.jakarta.inject-api_1.0.5.jar
2025-10-29 21:10:36,329 [Worker-38: Launching product-service] INFO  o.eclipse.m2e.core.internal.Bundles - getClasspathEntries(Bundle=jakarta.annotation-api_1.3.5 [27])
2025-10-29 21:10:36,330 [Worker-38: Launching product-service] INFO  o.eclipse.m2e.core.internal.Bundles - 	Entry: C:\Users\irene\Downloads\eclipse-jee-2024-03-R-win32-x86_64\eclipse\plugins\jakarta.annotation-api_1.3.5.jar
2025-10-29 21:10:36,330 [Worker-38: Launching product-service] INFO  o.eclipse.m2e.core.internal.Bundles - getClasspathEntries(Bundle=org.apache.commons.cli_1.6.0 [75])
2025-10-29 21:10:36,331 [Worker-38: Launching product-service] INFO  o.eclipse.m2e.core.internal.Bundles - 	Entry: C:\Users\irene\Downloads\eclipse-jee-2024-03-R-win32-x86_64\eclipse\plugins\org.apache.commons.cli_1.6.0.jar
2025-10-29 21:10:36,331 [Worker-38: Launching product-service] INFO  o.eclipse.m2e.core.internal.Bundles - getClasspathEntries(Bundle=org.apache.commons.commons-codec_1.16.0 [78])
2025-10-29 21:10:36,332 [Worker-38: Launching product-service] INFO  o.eclipse.m2e.core.internal.Bundles - 	Entry: C:\Users\irene\Downloads\eclipse-jee-2024-03-R-win32-x86_64\eclipse\plugins\org.apache.commons.commons-codec_1.16.0.jar
2025-10-29 21:10:36,332 [Worker-38: Launching product-service] INFO  o.eclipse.m2e.core.internal.Bundles - getClasspathEntries(Bundle=org.apache.commons.lang3_3.14.0 [86])
2025-10-29 21:10:36,332 [Worker-38: Launching product-service] INFO  o.eclipse.m2e.core.internal.Bundles - 	Entry: C:\Users\irene\Downloads\eclipse-jee-2024-03-R-win32-x86_64\eclipse\plugins\org.apache.commons.lang3_3.14.0.jar
2025-10-29 21:10:36,332 [Worker-38: Launching product-service] INFO  o.eclipse.m2e.core.internal.Bundles - getClasspathEntries(Bundle=com.google.guava.failureaccess_1.0.2 [15])
2025-10-29 21:10:36,333 [Worker-38: Launching product-service] INFO  o.eclipse.m2e.core.internal.Bundles - 	Entry: C:\Users\irene\Downloads\eclipse-jee-2024-03-R-win32-x86_64\eclipse\plugins\com.google.guava.failureaccess_1.0.2.jar
2025-10-29 21:10:36,337 [Worker-38: Launching product-service] INFO  o.e.m.i.launch.MavenLaunchDelegate - Run build in "C:\Users\irene\eclipse-workspace\E-Comm_Appln\product-service":
2025-10-29 21:10:36,337 [Worker-38: Launching product-service] INFO  o.e.m.i.launch.MavenLaunchDelegate -  mvn  -B -Dstyle.color=always mvn install
2025-10-29 21:11:25,106 [main] INFO  o.e.m2e.actions.ExecutePomAction - Creating new launch configuration
2025-10-29 21:11:35,951 [Worker-40: Launching product-service (1)] INFO  o.eclipse.m2e.core.internal.Bundles - getClasspathEntries(Bundle=org.eclipse.m2e.maven.runtime_3.9.600.20231203-1234 [638])
2025-10-29 21:11:35,953 [Worker-40: Launching product-service (1)] INFO  o.eclipse.m2e.core.internal.Bundles - 	Entry: C:\Users\irene\Downloads\eclipse-jee-2024-03-R-win32-x86_64\eclipse\plugins\org.eclipse.m2e.maven.runtime_3.9.600.20231203-1234
2025-10-29 21:11:35,953 [Worker-40: Launching product-service (1)] INFO  o.eclipse.m2e.core.internal.Bundles - 	Entry: C:\Users\irene\Downloads\eclipse-jee-2024-03-R-win32-x86_64\eclipse\plugins\org.eclipse.m2e.maven.runtime_3.9.600.20231203-1234\jars\aopalliance-1.0.jar
2025-10-29 21:11:35,954 [Worker-40: Launching product-service (1)] INFO  o.eclipse.m2e.core.internal.Bundles - 	Entry: C:\Users\irene\Downloads\eclipse-jee-2024-03-R-win32-x86_64\eclipse\plugins\org.eclipse.m2e.maven.runtime_3.9.600.20231203-1234\jars\guice-5.1.0.jar
2025-10-29 21:11:35,954 [Worker-40: Launching product-service (1)] INFO  o.eclipse.m2e.core.internal.Bundles - 	Entry: C:\Users\irene\Downloads\eclipse-jee-2024-03-R-win32-x86_64\eclipse\plugins\org.eclipse.m2e.maven.runtime_3.9.600.20231203-1234\jars\httpclient-4.5.14.jar
2025-10-29 21:11:35,954 [Worker-40: Launching product-service (1)] INFO  o.eclipse.m2e.core.internal.Bundles - 	Entry: C:\Users\irene\Downloads\eclipse-jee-2024-03-R-win32-x86_64\eclipse\plugins\org.eclipse.m2e.maven.runtime_3.9.600.20231203-1234\jars\httpcore-4.4.16.jar
2025-10-29 21:11:35,954 [Worker-40: Launching product-service (1)] INFO  o.eclipse.m2e.core.internal.Bundles - 	Entry: C:\Users\irene\Downloads\eclipse-jee-2024-03-R-win32-x86_64\eclipse\plugins\org.eclipse.m2e.maven.runtime_3.9.600.20231203-1234\jars\jansi-2.4.0.jar
2025-10-29 21:11:35,955 [Worker-40: Launching product-service (1)] INFO  o.eclipse.m2e.core.internal.Bundles - 	Entry: C:\Users\irene\Downloads\eclipse-jee-2024-03-R-win32-x86_64\eclipse\plugins\org.eclipse.m2e.maven.runtime_3.9.600.20231203-1234\jars\jcl-over-slf4j-1.7.36.jar
2025-10-29 21:11:35,955 [Worker-40: Launching product-service (1)] INFO  o.eclipse.m2e.core.internal.Bundles - 	Entry: C:\Users\irene\Downloads\eclipse-jee-2024-03-R-win32-x86_64\eclipse\plugins\org.eclipse.m2e.maven.runtime_3.9.600.20231203-1234\jars\maven-artifact-3.9.6.jar
2025-10-29 21:11:35,955 [Worker-40: Launching product-service (1)] INFO  o.eclipse.m2e.core.internal.Bundles - 	Entry: C:\Users\irene\Downloads\eclipse-jee-2024-03-R-win32-x86_64\eclipse\plugins\org.eclipse.m2e.maven.runtime_3.9.600.20231203-1234\jars\maven-builder-support-3.9.6.jar
2025-10-29 21:11:35,955 [Worker-40: Launching product-service (1)] INFO  o.eclipse.m2e.core.internal.Bundles - 	Entry: C:\Users\irene\Downloads\eclipse-jee-2024-03-R-win32-x86_64\eclipse\plugins\org.eclipse.m2e.maven.runtime_3.9.600.20231203-1234\jars\maven-compat-3.9.6.jar
2025-10-29 21:11:35,956 [Worker-40: Launching product-service (1)] INFO  o.eclipse.m2e.core.internal.Bundles - 	Entry: C:\Users\irene\Downloads\eclipse-jee-2024-03-R-win32-x86_64\eclipse\plugins\org.eclipse.m2e.maven.runtime_3.9.600.20231203-1234\jars\maven-core-3.9.6.jar
2025-10-29 21:11:35,956 [Worker-40: Launching product-service (1)] INFO  o.eclipse.m2e.core.internal.Bundles - 	Entry: C:\Users\irene\Downloads\eclipse-jee-2024-03-R-win32-x86_64\eclipse\plugins\org.eclipse.m2e.maven.runtime_3.9.600.20231203-1234\jars\maven-embedder-3.9.6.jar
2025-10-29 21:11:35,956 [Worker-40: Launching product-service (1)] INFO  o.eclipse.m2e.core.internal.Bundles - 	Entry: C:\Users\irene\Downloads\eclipse-jee-2024-03-R-win32-x86_64\eclipse\plugins\org.eclipse.m2e.maven.runtime_3.9.600.20231203-1234\jars\maven-model-3.9.6.jar
2025-10-29 21:11:35,956 [Worker-40: Launching product-service (1)] INFO  o.eclipse.m2e.core.internal.Bundles - 	Entry: C:\Users\irene\Downloads\eclipse-jee-2024-03-R-win32-x86_64\eclipse\plugins\org.eclipse.m2e.maven.runtime_3.9.600.20231203-1234\jars\maven-model-builder-3.9.6.jar
2025-10-29 21:11:35,956 [Worker-40: Launching product-service (1)] INFO  o.eclipse.m2e.core.internal.Bundles - 	Entry: C:\Users\irene\Downloads\eclipse-jee-2024-03-R-win32-x86_64\eclipse\plugins\org.eclipse.m2e.maven.runtime_3.9.600.20231203-1234\jars\maven-plugin-api-3.9.6.jar
2025-10-29 21:11:35,957 [Worker-40: Launching product-service (1)] INFO  o.eclipse.m2e.core.internal.Bundles - 	Entry: C:\Users\irene\Downloads\eclipse-jee-2024-03-R-win32-x86_64\eclipse\plugins\org.eclipse.m2e.maven.runtime_3.9.600.20231203-1234\jars\maven-repository-metadata-3.9.6.jar
2025-10-29 21:11:35,957 [Worker-40: Launching product-service (1)] INFO  o.eclipse.m2e.core.internal.Bundles - 	Entry: C:\Users\irene\Downloads\eclipse-jee-2024-03-R-win32-x86_64\eclipse\plugins\org.eclipse.m2e.maven.runtime_3.9.600.20231203-1234\jars\maven-resolver-api-1.9.18.jar
2025-10-29 21:11:35,957 [Worker-40: Launching product-service (1)] INFO  o.eclipse.m2e.core.internal.Bundles - 	Entry: C:\Users\irene\Downloads\eclipse-jee-2024-03-R-win32-x86_64\eclipse\plugins\org.eclipse.m2e.maven.runtime_3.9.600.20231203-1234\jars\maven-resolver-connector-basic-1.9.18.jar
2025-10-29 21:11:35,957 [Worker-40: Launching product-service (1)] INFO  o.eclipse.m2e.core.internal.Bundles - 	Entry: C:\Users\irene\Downloads\eclipse-jee-2024-03-R-win32-x86_64\eclipse\plugins\org.eclipse.m2e.maven.runtime_3.9.600.20231203-1234\jars\maven-resolver-impl-1.9.18.jar
2025-10-29 21:11:35,958 [Worker-40: Launching product-service (1)] INFO  o.eclipse.m2e.core.internal.Bundles - 	Entry: C:\Users\irene\Downloads\eclipse-jee-2024-03-R-win32-x86_64\eclipse\plugins\org.eclipse.m2e.maven.runtime_3.9.600.20231203-1234\jars\maven-resolver-named-locks-1.9.18.jar
2025-10-29 21:11:35,958 [Worker-40: Launching product-service (1)] INFO  o.eclipse.m2e.core.internal.Bundles - 	Entry: C:\Users\irene\Downloads\eclipse-jee-2024-03-R-win32-x86_64\eclipse\plugins\org.eclipse.m2e.maven.runtime_3.9.600.20231203-1234\jars\maven-resolver-provider-3.9.6.jar
2025-10-29 21:11:35,958 [Worker-40: Launching product-service (1)] INFO  o.eclipse.m2e.core.internal.Bundles - 	Entry: C:\Users\irene\Downloads\eclipse-jee-2024-03-R-win32-x86_64\eclipse\plugins\org.eclipse.m2e.maven.runtime_3.9.600.20231203-1234\jars\maven-resolver-spi-1.9.18.jar
2025-10-29 21:11:35,958 [Worker-40: Launching product-service (1)] INFO  o.eclipse.m2e.core.internal.Bundles - 	Entry: C:\Users\irene\Downloads\eclipse-jee-2024-03-R-win32-x86_64\eclipse\plugins\org.eclipse.m2e.maven.runtime_3.9.600.20231203-1234\jars\maven-resolver-transport-file-1.9.18.jar
2025-10-29 21:11:35,959 [Worker-40: Launching product-service (1)] INFO  o.eclipse.m2e.core.internal.Bundles - 	Entry: C:\Users\irene\Downloads\eclipse-jee-2024-03-R-win32-x86_64\eclipse\plugins\org.eclipse.m2e.maven.runtime_3.9.600.20231203-1234\jars\maven-resolver-transport-http-1.9.18.jar
2025-10-29 21:11:35,959 [Worker-40: Launching product-service (1)] INFO  o.eclipse.m2e.core.internal.Bundles - 	Entry: C:\Users\irene\Downloads\eclipse-jee-2024-03-R-win32-x86_64\eclipse\plugins\org.eclipse.m2e.maven.runtime_3.9.600.20231203-1234\jars\maven-resolver-transport-wagon-1.9.18.jar
2025-10-29 21:11:35,959 [Worker-40: Launching product-service (1)] INFO  o.eclipse.m2e.core.internal.Bundles - 	Entry: C:\Users\irene\Downloads\eclipse-jee-2024-03-R-win32-x86_64\eclipse\plugins\org.eclipse.m2e.maven.runtime_3.9.600.20231203-1234\jars\maven-resolver-util-1.9.18.jar
2025-10-29 21:11:35,959 [Worker-40: Launching product-service (1)] INFO  o.eclipse.m2e.core.internal.Bundles - 	Entry: C:\Users\irene\Downloads\eclipse-jee-2024-03-R-win32-x86_64\eclipse\plugins\org.eclipse.m2e.maven.runtime_3.9.600.20231203-1234\jars\maven-settings-3.9.6.jar
2025-10-29 21:11:35,960 [Worker-40: Launching product-service (1)] INFO  o.eclipse.m2e.core.internal.Bundles - 	Entry: C:\Users\irene\Downloads\eclipse-jee-2024-03-R-win32-x86_64\eclipse\plugins\org.eclipse.m2e.maven.runtime_3.9.600.20231203-1234\jars\maven-settings-builder-3.9.6.jar
2025-10-29 21:11:35,960 [Worker-40: Launching product-service (1)] INFO  o.eclipse.m2e.core.internal.Bundles - 	Entry: C:\Users\irene\Downloads\eclipse-jee-2024-03-R-win32-x86_64\eclipse\plugins\org.eclipse.m2e.maven.runtime_3.9.600.20231203-1234\jars\maven-shared-utils-3.3.4.jar
2025-10-29 21:11:35,960 [Worker-40: Launching product-service (1)] INFO  o.eclipse.m2e.core.internal.Bundles - 	Entry: C:\Users\irene\Downloads\eclipse-jee-2024-03-R-win32-x86_64\eclipse\plugins\org.eclipse.m2e.maven.runtime_3.9.600.20231203-1234\jars\org.eclipse.sisu.inject-0.9.0.M2.jar
2025-10-29 21:11:35,960 [Worker-40: Launching product-service (1)] INFO  o.eclipse.m2e.core.internal.Bundles - 	Entry: C:\Users\irene\Downloads\eclipse-jee-2024-03-R-win32-x86_64\eclipse\plugins\org.eclipse.m2e.maven.runtime_3.9.600.20231203-1234\jars\org.eclipse.sisu.plexus-0.9.0.M2.jar
2025-10-29 21:11:35,961 [Worker-40: Launching product-service (1)] INFO  o.eclipse.m2e.core.internal.Bundles - 	Entry: C:\Users\irene\Downloads\eclipse-jee-2024-03-R-win32-x86_64\eclipse\plugins\org.eclipse.m2e.maven.runtime_3.9.600.20231203-1234\jars\plexus-build-api-0.0.7.jar
2025-10-29 21:11:35,961 [Worker-40: Launching product-service (1)] INFO  o.eclipse.m2e.core.internal.Bundles - 	Entry: C:\Users\irene\Downloads\eclipse-jee-2024-03-R-win32-x86_64\eclipse\plugins\org.eclipse.m2e.maven.runtime_3.9.600.20231203-1234\jars\plexus-cipher-2.0.jar
2025-10-29 21:11:35,961 [Worker-40: Launching product-service (1)] INFO  o.eclipse.m2e.core.internal.Bundles - 	Entry: C:\Users\irene\Downloads\eclipse-jee-2024-03-R-win32-x86_64\eclipse\plugins\org.eclipse.m2e.maven.runtime_3.9.600.20231203-1234\jars\plexus-classworlds-2.7.0.jar
2025-10-29 21:11:35,962 [Worker-40: Launching product-service (1)] INFO  o.eclipse.m2e.core.internal.Bundles - 	Entry: C:\Users\irene\Downloads\eclipse-jee-2024-03-R-win32-x86_64\eclipse\plugins\org.eclipse.m2e.maven.runtime_3.9.600.20231203-1234\jars\plexus-component-annotations-2.1.0.jar
2025-10-29 21:11:35,962 [Worker-40: Launching product-service (1)] INFO  o.eclipse.m2e.core.internal.Bundles - 	Entry: C:\Users\irene\Downloads\eclipse-jee-2024-03-R-win32-x86_64\eclipse\plugins\org.eclipse.m2e.maven.runtime_3.9.600.20231203-1234\jars\plexus-interpolation-1.26.jar
2025-10-29 21:11:35,962 [Worker-40: Launching product-service (1)] INFO  o.eclipse.m2e.core.internal.Bundles - 	Entry: C:\Users\irene\Downloads\eclipse-jee-2024-03-R-win32-x86_64\eclipse\plugins\org.eclipse.m2e.maven.runtime_3.9.600.20231203-1234\jars\plexus-sec-dispatcher-2.0.jar
2025-10-29 21:11:35,963 [Worker-40: Launching product-service (1)] INFO  o.eclipse.m2e.core.internal.Bundles - 	Entry: C:\Users\irene\Downloads\eclipse-jee-2024-03-R-win32-x86_64\eclipse\plugins\org.eclipse.m2e.maven.runtime_3.9.600.20231203-1234\jars\plexus-utils-3.5.1.jar
2025-10-29 21:11:35,963 [Worker-40: Launching product-service (1)] INFO  o.eclipse.m2e.core.internal.Bundles - 	Entry: C:\Users\irene\Downloads\eclipse-jee-2024-03-R-win32-x86_64\eclipse\plugins\org.eclipse.m2e.maven.runtime_3.9.600.20231203-1234\jars\wagon-file-3.5.3.jar
2025-10-29 21:11:35,964 [Worker-40: Launching product-service (1)] INFO  o.eclipse.m2e.core.internal.Bundles - 	Entry: C:\Users\irene\Downloads\eclipse-jee-2024-03-R-win32-x86_64\eclipse\plugins\org.eclipse.m2e.maven.runtime_3.9.600.20231203-1234\jars\wagon-http-3.5.3.jar
2025-10-29 21:11:35,964 [Worker-40: Launching product-service (1)] INFO  o.eclipse.m2e.core.internal.Bundles - 	Entry: C:\Users\irene\Downloads\eclipse-jee-2024-03-R-win32-x86_64\eclipse\plugins\org.eclipse.m2e.maven.runtime_3.9.600.20231203-1234\jars\wagon-http-shared-3.5.3.jar
2025-10-29 21:11:35,964 [Worker-40: Launching product-service (1)] INFO  o.eclipse.m2e.core.internal.Bundles - 	Entry: C:\Users\irene\Downloads\eclipse-jee-2024-03-R-win32-x86_64\eclipse\plugins\org.eclipse.m2e.maven.runtime_3.9.600.20231203-1234\jars\wagon-provider-api-3.5.3.jar
2025-10-29 21:11:35,964 [Worker-40: Launching product-service (1)] INFO  o.eclipse.m2e.core.internal.Bundles - getClasspathEntries(Bundle=com.google.guava_33.0.0.jre [14])
2025-10-29 21:11:35,965 [Worker-40: Launching product-service (1)] INFO  o.eclipse.m2e.core.internal.Bundles - 	Entry: C:\Users\irene\Downloads\eclipse-jee-2024-03-R-win32-x86_64\eclipse\plugins\com.google.guava_33.0.0.jre.jar
2025-10-29 21:11:35,965 [Worker-40: Launching product-service (1)] INFO  o.eclipse.m2e.core.internal.Bundles - getClasspathEntries(Bundle=slf4j.api_2.0.12 [1001])
2025-10-29 21:11:35,966 [Worker-40: Launching product-service (1)] INFO  o.eclipse.m2e.core.internal.Bundles - 	Entry: C:\Users\irene\Downloads\eclipse-jee-2024-03-R-win32-x86_64\eclipse\plugins\slf4j.api_2.0.12.jar
2025-10-29 21:11:35,966 [Worker-40: Launching product-service (1)] INFO  o.eclipse.m2e.core.internal.Bundles - getClasspathEntries(Bundle=jakarta.inject.jakarta.inject-api_1.0.5 [32])
2025-10-29 21:11:35,967 [Worker-40: Launching product-service (1)] INFO  o.eclipse.m2e.core.internal.Bundles - 	Entry: C:\Users\irene\Downloads\eclipse-jee-2024-03-R-win32-x86_64\eclipse\plugins\jakarta.inject.jakarta.inject-api_1.0.5.jar
2025-10-29 21:11:35,967 [Worker-40: Launching product-service (1)] INFO  o.eclipse.m2e.core.internal.Bundles - getClasspathEntries(Bundle=jakarta.annotation-api_1.3.5 [27])
2025-10-29 21:11:35,967 [Worker-40: Launching product-service (1)] INFO  o.eclipse.m2e.core.internal.Bundles - 	Entry: C:\Users\irene\Downloads\eclipse-jee-2024-03-R-win32-x86_64\eclipse\plugins\jakarta.annotation-api_1.3.5.jar
2025-10-29 21:11:35,967 [Worker-40: Launching product-service (1)] INFO  o.eclipse.m2e.core.internal.Bundles - getClasspathEntries(Bundle=org.apache.commons.cli_1.6.0 [75])
2025-10-29 21:11:35,968 [Worker-40: Launching product-service (1)] INFO  o.eclipse.m2e.core.internal.Bundles - 	Entry: C:\Users\irene\Downloads\eclipse-jee-2024-03-R-win32-x86_64\eclipse\plugins\org.apache.commons.cli_1.6.0.jar
2025-10-29 21:11:35,968 [Worker-40: Launching product-service (1)] INFO  o.eclipse.m2e.core.internal.Bundles - getClasspathEntries(Bundle=org.apache.commons.commons-codec_1.16.0 [78])
2025-10-29 21:11:35,969 [Worker-40: Launching product-service (1)] INFO  o.eclipse.m2e.core.internal.Bundles - 	Entry: C:\Users\irene\Downloads\eclipse-jee-2024-03-R-win32-x86_64\eclipse\plugins\org.apache.commons.commons-codec_1.16.0.jar
2025-10-29 21:11:35,969 [Worker-40: Launching product-service (1)] INFO  o.eclipse.m2e.core.internal.Bundles - getClasspathEntries(Bundle=org.apache.commons.lang3_3.14.0 [86])
2025-10-29 21:11:35,969 [Worker-40: Launching product-service (1)] INFO  o.eclipse.m2e.core.internal.Bundles - 	Entry: C:\Users\irene\Downloads\eclipse-jee-2024-03-R-win32-x86_64\eclipse\plugins\org.apache.commons.lang3_3.14.0.jar
2025-10-29 21:11:35,969 [Worker-40: Launching product-service (1)] INFO  o.eclipse.m2e.core.internal.Bundles - getClasspathEntries(Bundle=com.google.guava.failureaccess_1.0.2 [15])
2025-10-29 21:11:35,970 [Worker-40: Launching product-service (1)] INFO  o.eclipse.m2e.core.internal.Bundles - 	Entry: C:\Users\irene\Downloads\eclipse-jee-2024-03-R-win32-x86_64\eclipse\plugins\com.google.guava.failureaccess_1.0.2.jar
2025-10-29 21:11:35,972 [Worker-40: Launching product-service (1)] INFO  o.e.m.i.launch.MavenLaunchDelegate - Run build in "C:\Users\irene\eclipse-workspace\E-Comm_Appln\product-service":
2025-10-29 21:11:35,972 [Worker-40: Launching product-service (1)] INFO  o.e.m.i.launch.MavenLaunchDelegate -  mvn  -B -Dstyle.color=always mvn clean install
2025-10-29 21:13:48,187 [Worker-46: Updating Maven Project] INFO  o.e.m.c.i.p.ProjectConfigurationManager - Update started
2025-10-29 21:13:48,893 [Worker-46: Updating Maven Project] INFO  o.e.m.c.i.l.LifecycleMappingFactory - Using org.eclipse.m2e.jdt.JarLifecycleMapping lifecycle mapping for MavenProject: com.irene:productService:0.0.1-SNAPSHOT @ C:\Users\irene\eclipse-workspace\E-Comm_Appln\product-service\pom.xml.
2025-10-29 21:13:51,271 [Worker-46: Updating Maven Project] INFO  o.e.m.j.i.AbstractJavaProjectConfigurator - Adding source folder /product-service/src/main/java
2025-10-29 21:13:51,273 [Worker-46: Updating Maven Project] INFO  o.e.m.j.i.AbstractJavaProjectConfigurator - Adding resource folder /product-service/src/main/resources
2025-10-29 21:13:51,274 [Worker-46: Updating Maven Project] INFO  o.e.m.j.i.AbstractJavaProjectConfigurator - Adding resource folder /product-service/src/main/resources
2025-10-29 21:13:51,274 [Worker-46: Updating Maven Project] INFO  o.e.m.j.i.AbstractJavaProjectConfigurator - Adding source folder /product-service/src/test/java
2025-10-29 21:13:51,275 [Worker-46: Updating Maven Project] INFO  o.e.m.j.i.AbstractJavaProjectConfigurator - Adding resource folder /product-service/src/test/resources
2025-10-29 21:13:52,488 [Worker-46: Updating Maven Project] INFO  o.e.m.c.i.p.ProjectConfigurationManager - Update completed for 1 poms: local refresh takes 0.00 sec, refresh facades takes 2.00 sec, update config takes 1.00 sec 
2025-10-29 21:13:53,422 [Worker-46: Building] INFO  o.a.m.s.f.DefaultMavenResourcesFiltering - Copying 1 resource from src\main\resources to target\classes
2025-10-29 21:13:53,445 [Worker-46: Building] INFO  o.a.m.s.f.DefaultMavenResourcesFiltering - Copying 0 resource from src\main\resources to target\classes
2025-10-29 21:13:53,453 [Worker-46: Building] INFO  o.a.m.s.f.DefaultMavenResourcesFiltering - skip non existing resourceDirectory C:\Users\irene\eclipse-workspace\E-Comm_Appln\product-service\src\test\resources
2025-10-29 21:14:23,728 [Worker-48: Building] INFO  o.a.m.s.f.DefaultMavenResourcesFiltering - Copying 1 resource from src\main\resources to target\classes
2025-10-29 21:14:23,737 [Worker-48: Building] INFO  o.a.m.s.f.DefaultMavenResourcesFiltering - Copying 0 resource from src\main\resources to target\classes
2025-10-29 21:14:23,743 [Worker-48: Building] INFO  o.a.m.s.f.DefaultMavenResourcesFiltering - skip non existing resourceDirectory C:\Users\irene\eclipse-workspace\E-Comm_Appln\product-service\src\test\resources
2025-10-29 21:15:05,302 [Worker-51: Building] INFO  o.a.m.s.f.DefaultMavenResourcesFiltering - Copying 1 resource from src\main\resources to target\classes
2025-10-29 21:15:05,374 [Worker-51: Building] INFO  o.a.m.s.f.DefaultMavenResourcesFiltering - Copying 0 resource from src\main\resources to target\classes
2025-10-29 21:15:05,382 [Worker-51: Building] INFO  o.a.m.s.f.DefaultMavenResourcesFiltering - skip non existing resourceDirectory C:\Users\irene\eclipse-workspace\E-Comm_Appln\product-service\src\test\resources
2025-10-29 21:17:00,253 [Worker-48: Building] INFO  o.a.m.s.f.DefaultMavenResourcesFiltering - Copying 1 resource from src\main\resources to target\classes
2025-10-29 21:17:00,259 [Worker-48: Building] INFO  o.a.m.s.f.DefaultMavenResourcesFiltering - Copying 0 resource from src\main\resources to target\classes
2025-10-29 21:17:00,265 [Worker-48: Building] INFO  o.a.m.s.f.DefaultMavenResourcesFiltering - skip non existing resourceDirectory C:\Users\irene\eclipse-workspace\E-Comm_Appln\payment-service\src\test\resources
2025-10-29 21:19:29,408 [Worker-48: Building] INFO  o.a.m.s.f.DefaultMavenResourcesFiltering - Copying 1 resource from src\main\resources to target\classes
2025-10-29 21:19:29,415 [Worker-48: Building] INFO  o.a.m.s.f.DefaultMavenResourcesFiltering - Copying 0 resource from src\main\resources to target\classes
2025-10-29 21:19:29,422 [Worker-48: Building] INFO  o.a.m.s.f.DefaultMavenResourcesFiltering - skip non existing resourceDirectory C:\Users\irene\eclipse-workspace\E-Comm_Appln\payment-service\src\test\resources
2025-10-29 21:19:33,295 [Worker-51: Building] INFO  o.a.m.s.f.DefaultMavenResourcesFiltering - Copying 1 resource from src\main\resources to target\classes
2025-10-29 21:19:33,303 [Worker-51: Building] INFO  o.a.m.s.f.DefaultMavenResourcesFiltering - Copying 0 resource from src\main\resources to target\classes
2025-10-29 21:19:33,308 [Worker-51: Building] INFO  o.a.m.s.f.DefaultMavenResourcesFiltering - skip non existing resourceDirectory C:\Users\irene\eclipse-workspace\E-Comm_Appln\payment-service\src\test\resources
2025-10-29 21:19:44,060 [Worker-51: Building] INFO  o.a.m.s.f.DefaultMavenResourcesFiltering - Copying 1 resource from src\main\resources to target\classes
2025-10-29 21:19:44,069 [Worker-51: Building] INFO  o.a.m.s.f.DefaultMavenResourcesFiltering - Copying 0 resource from src\main\resources to target\classes
2025-10-29 21:19:44,074 [Worker-51: Building] INFO  o.a.m.s.f.DefaultMavenResourcesFiltering - skip non existing resourceDirectory C:\Users\irene\eclipse-workspace\E-Comm_Appln\payment-service\src\test\resources
2025-10-29 21:23:13,092 [Worker-44: Building] INFO  o.a.m.s.f.DefaultMavenResourcesFiltering - Copying 1 resource from src\main\resources to target\classes
2025-10-29 21:23:13,100 [Worker-44: Building] INFO  o.a.m.s.f.DefaultMavenResourcesFiltering - Copying 0 resource from src\main\resources to target\classes
2025-10-29 21:23:13,107 [Worker-44: Building] INFO  o.a.m.s.f.DefaultMavenResourcesFiltering - skip non existing resourceDirectory C:\Users\irene\eclipse-workspace\E-Comm_Appln\payment-service\src\test\resources
2025-10-29 21:23:38,277 [Worker-44: Building] INFO  o.a.m.s.f.DefaultMavenResourcesFiltering - Copying 1 resource from src\main\resources to target\classes
2025-10-29 21:23:38,286 [Worker-44: Building] INFO  o.a.m.s.f.DefaultMavenResourcesFiltering - Copying 0 resource from src\main\resources to target\classes
2025-10-29 21:23:38,293 [Worker-44: Building] INFO  o.a.m.s.f.DefaultMavenResourcesFiltering - skip non existing resourceDirectory C:\Users\irene\eclipse-workspace\E-Comm_Appln\payment-service\src\test\resources
2025-10-29 21:26:17,152 [Worker-48: Building] INFO  o.a.m.s.f.DefaultMavenResourcesFiltering - Copying 1 resource from src\main\resources to target\classes
2025-10-29 21:26:17,160 [Worker-48: Building] INFO  o.a.m.s.f.DefaultMavenResourcesFiltering - Copying 0 resource from src\main\resources to target\classes
2025-10-29 21:26:17,165 [Worker-48: Building] INFO  o.a.m.s.f.DefaultMavenResourcesFiltering - skip non existing resourceDirectory C:\Users\irene\eclipse-workspace\E-Comm_Appln\payment-service\src\test\resources
2025-10-29 21:27:19,587 [Worker-53: Building] INFO  o.a.m.s.f.DefaultMavenResourcesFiltering - Copying 1 resource from src\main\resources to target\classes
2025-10-29 21:27:19,596 [Worker-53: Building] INFO  o.a.m.s.f.DefaultMavenResourcesFiltering - Copying 0 resource from src\main\resources to target\classes
2025-10-29 21:27:19,601 [Worker-53: Building] INFO  o.a.m.s.f.DefaultMavenResourcesFiltering - skip non existing resourceDirectory C:\Users\irene\eclipse-workspace\E-Comm_Appln\payment-service\src\test\resources
2025-10-29 21:28:32,990 [Worker-54: Building] INFO  o.a.m.s.f.DefaultMavenResourcesFiltering - Copying 1 resource from src\main\resources to target\classes
2025-10-29 21:28:32,998 [Worker-54: Building] INFO  o.a.m.s.f.DefaultMavenResourcesFiltering - Copying 0 resource from src\main\resources to target\classes
2025-10-29 21:28:33,003 [Worker-54: Building] INFO  o.a.m.s.f.DefaultMavenResourcesFiltering - skip non existing resourceDirectory C:\Users\irene\eclipse-workspace\E-Comm_Appln\payment-service\src\test\resources
2025-10-29 21:28:46,878 [Worker-44: Building] INFO  o.a.m.s.f.DefaultMavenResourcesFiltering - Copying 1 resource from src\main\resources to target\classes
2025-10-29 21:28:46,885 [Worker-44: Building] INFO  o.a.m.s.f.DefaultMavenResourcesFiltering - Copying 0 resource from src\main\resources to target\classes
2025-10-29 21:28:46,891 [Worker-44: Building] INFO  o.a.m.s.f.DefaultMavenResourcesFiltering - skip non existing resourceDirectory C:\Users\irene\eclipse-workspace\E-Comm_Appln\payment-service\src\test\resources
2025-10-29 21:30:23,499 [Worker-53: Building] INFO  o.a.m.s.f.DefaultMavenResourcesFiltering - Copying 1 resource from src\main\resources to target\classes
2025-10-29 21:30:23,505 [Worker-53: Building] INFO  o.a.m.s.f.DefaultMavenResourcesFiltering - Copying 0 resource from src\main\resources to target\classes
2025-10-29 21:30:23,509 [Worker-53: Building] INFO  o.a.m.s.f.DefaultMavenResourcesFiltering - skip non existing resourceDirectory C:\Users\irene\eclipse-workspace\E-Comm_Appln\payment-service\src\test\resources
2025-10-29 21:30:40,224 [Worker-55: Building] INFO  o.a.m.s.f.DefaultMavenResourcesFiltering - Copying 1 resource from src\main\resources to target\classes
2025-10-29 21:30:40,230 [Worker-55: Building] INFO  o.a.m.s.f.DefaultMavenResourcesFiltering - Copying 0 resource from src\main\resources to target\classes
2025-10-29 21:30:40,235 [Worker-55: Building] INFO  o.a.m.s.f.DefaultMavenResourcesFiltering - skip non existing resourceDirectory C:\Users\irene\eclipse-workspace\E-Comm_Appln\payment-service\src\test\resources
2025-10-29 21:31:01,081 [Worker-44: Building] INFO  o.a.m.s.f.DefaultMavenResourcesFiltering - Copying 1 resource from src\main\resources to target\classes
2025-10-29 21:31:01,088 [Worker-44: Building] INFO  o.a.m.s.f.DefaultMavenResourcesFiltering - Copying 0 resource from src\main\resources to target\classes
2025-10-29 21:31:01,093 [Worker-44: Building] INFO  o.a.m.s.f.DefaultMavenResourcesFiltering - skip non existing resourceDirectory C:\Users\irene\eclipse-workspace\E-Comm_Appln\payment-service\src\test\resources
2025-10-29 21:33:41,159 [Worker-53: Building] INFO  o.a.m.s.f.DefaultMavenResourcesFiltering - Copying 1 resource from src\main\resources to target\classes
2025-10-29 21:33:41,167 [Worker-53: Building] INFO  o.a.m.s.f.DefaultMavenResourcesFiltering - Copying 0 resource from src\main\resources to target\classes
2025-10-29 21:33:41,173 [Worker-53: Building] INFO  o.a.m.s.f.DefaultMavenResourcesFiltering - skip non existing resourceDirectory C:\Users\irene\eclipse-workspace\E-Comm_Appln\payment-service\src\test\resources
2025-10-29 21:34:27,642 [Worker-53: Building] INFO  o.a.m.s.f.DefaultMavenResourcesFiltering - Copying 1 resource from src\main\resources to target\classes
2025-10-29 21:34:27,648 [Worker-53: Building] INFO  o.a.m.s.f.DefaultMavenResourcesFiltering - Copying 0 resource from src\main\resources to target\classes
2025-10-29 21:34:27,652 [Worker-53: Building] INFO  o.a.m.s.f.DefaultMavenResourcesFiltering - skip non existing resourceDirectory C:\Users\irene\eclipse-workspace\E-Comm_Appln\payment-service\src\test\resources
2025-10-29 21:34:40,381 [Worker-53: Building] INFO  o.a.m.s.f.DefaultMavenResourcesFiltering - Copying 1 resource from src\main\resources to target\classes
2025-10-29 21:34:40,387 [Worker-53: Building] INFO  o.a.m.s.f.DefaultMavenResourcesFiltering - Copying 0 resource from src\main\resources to target\classes
2025-10-29 21:34:40,392 [Worker-53: Building] INFO  o.a.m.s.f.DefaultMavenResourcesFiltering - skip non existing resourceDirectory C:\Users\irene\eclipse-workspace\E-Comm_Appln\payment-service\src\test\resources
2025-10-29 21:34:54,782 [Worker-56: Building] INFO  o.a.m.s.f.DefaultMavenResourcesFiltering - Copying 1 resource from src\main\resources to target\classes
2025-10-29 21:34:54,790 [Worker-56: Building] INFO  o.a.m.s.f.DefaultMavenResourcesFiltering - Copying 0 resource from src\main\resources to target\classes
2025-10-29 21:34:54,796 [Worker-56: Building] INFO  o.a.m.s.f.DefaultMavenResourcesFiltering - skip non existing resourceDirectory C:\Users\irene\eclipse-workspace\E-Comm_Appln\payment-service\src\test\resources
2025-10-29 21:35:22,550 [Worker-56: Building] INFO  o.a.m.s.f.DefaultMavenResourcesFiltering - Copying 1 resource from src\main\resources to target\classes
2025-10-29 21:35:22,557 [Worker-56: Building] INFO  o.a.m.s.f.DefaultMavenResourcesFiltering - Copying 0 resource from src\main\resources to target\classes
2025-10-29 21:35:22,562 [Worker-56: Building] INFO  o.a.m.s.f.DefaultMavenResourcesFiltering - skip non existing resourceDirectory C:\Users\irene\eclipse-workspace\E-Comm_Appln\payment-service\src\test\resources
2025-10-29 21:35:26,894 [Worker-56: Building] INFO  o.a.m.s.f.DefaultMavenResourcesFiltering - Copying 1 resource from src\main\resources to target\classes
2025-10-29 21:35:26,901 [Worker-56: Building] INFO  o.a.m.s.f.DefaultMavenResourcesFiltering - Copying 0 resource from src\main\resources to target\classes
2025-10-29 21:35:26,905 [Worker-56: Building] INFO  o.a.m.s.f.DefaultMavenResourcesFiltering - skip non existing resourceDirectory C:\Users\irene\eclipse-workspace\E-Comm_Appln\payment-service\src\test\resources
2025-10-29 21:37:21,550 [Worker-56: Building] INFO  o.a.m.s.f.DefaultMavenResourcesFiltering - Copying 1 resource from src\main\resources to target\classes
2025-10-29 21:37:21,558 [Worker-56: Building] INFO  o.a.m.s.f.DefaultMavenResourcesFiltering - Copying 0 resource from src\main\resources to target\classes
2025-10-29 21:37:21,563 [Worker-56: Building] INFO  o.a.m.s.f.DefaultMavenResourcesFiltering - skip non existing resourceDirectory C:\Users\irene\eclipse-workspace\E-Comm_Appln\payment-service\src\test\resources
2025-10-29 22:37:10,568 [Worker-67: Building] INFO  o.a.m.s.f.DefaultMavenResourcesFiltering - Copying 1 resource from src\main\resources to target\classes
2025-10-29 22:37:10,641 [Worker-67: Building] INFO  o.a.m.s.f.DefaultMavenResourcesFiltering - Copying 0 resource from src\main\resources to target\classes
2025-10-29 22:37:10,646 [Worker-67: Building] INFO  o.a.m.s.f.DefaultMavenResourcesFiltering - skip non existing resourceDirectory C:\Users\irene\eclipse-workspace\E-Comm_Appln\payment-service\src\test\resources
2025-10-29 22:37:13,589 [Worker-61: Building] INFO  o.a.m.s.f.DefaultMavenResourcesFiltering - Copying 1 resource from src\main\resources to target\classes
2025-10-29 22:37:13,640 [Worker-61: Building] INFO  o.a.m.s.f.DefaultMavenResourcesFiltering - Copying 0 resource from src\main\resources to target\classes
2025-10-29 22:37:13,645 [Worker-61: Building] INFO  o.a.m.s.f.DefaultMavenResourcesFiltering - skip non existing resourceDirectory C:\Users\irene\eclipse-workspace\E-Comm_Appln\payment-service\src\test\resources
2025-10-29 22:43:08,833 [Worker-69: Building] INFO  o.a.m.s.f.DefaultMavenResourcesFiltering - Copying 1 resource from src\main\resources to target\classes
2025-10-29 22:43:08,849 [Worker-69: Building] INFO  o.a.m.s.f.DefaultMavenResourcesFiltering - Copying 0 resource from src\main\resources to target\classes
2025-10-29 22:43:08,854 [Worker-69: Building] INFO  o.a.m.s.f.DefaultMavenResourcesFiltering - skip non existing resourceDirectory C:\Users\irene\eclipse-workspace\E-Comm_Appln\product-service\src\test\resources
2025-10-29 22:43:18,244 [Worker-66: Building] INFO  o.a.m.s.f.DefaultMavenResourcesFiltering - Copying 1 resource from src\main\resources to target\classes
2025-10-29 22:43:18,252 [Worker-66: Building] INFO  o.a.m.s.f.DefaultMavenResourcesFiltering - Copying 0 resource from src\main\resources to target\classes
2025-10-29 22:43:18,258 [Worker-66: Building] INFO  o.a.m.s.f.DefaultMavenResourcesFiltering - skip non existing resourceDirectory C:\Users\irene\eclipse-workspace\E-Comm_Appln\product-service\src\test\resources
2025-10-29 22:43:22,088 [Worker-68: Building] INFO  o.a.m.s.f.DefaultMavenResourcesFiltering - Copying 1 resource from src\main\resources to target\classes
2025-10-29 22:43:22,097 [Worker-68: Building] INFO  o.a.m.s.f.DefaultMavenResourcesFiltering - Copying 0 resource from src\main\resources to target\classes
2025-10-29 22:43:22,103 [Worker-68: Building] INFO  o.a.m.s.f.DefaultMavenResourcesFiltering - skip non existing resourceDirectory C:\Users\irene\eclipse-workspace\E-Comm_Appln\product-service\src\test\resources
2025-10-29 23:06:23,368 [Worker-72: Building] INFO  o.a.m.s.f.DefaultMavenResourcesFiltering - Copying 1 resource from src\main\resources to target\classes
2025-10-29 23:06:23,398 [Worker-72: Building] INFO  o.a.m.s.f.DefaultMavenResourcesFiltering - Copying 0 resource from src\main\resources to target\classes
2025-10-29 23:06:23,405 [Worker-72: Building] INFO  o.a.m.s.f.DefaultMavenResourcesFiltering - skip non existing resourceDirectory C:\Users\irene\eclipse-workspace\E-Comm_Appln\payment-service\src\test\resources
2025-10-29 23:06:32,709 [Stop Help Server] INFO  org.eclipse.jetty.server.Server - Stopped oejs.Server@22d5dee3{STOPPING}[12.0.6,sto=0]
2025-10-29 23:06:32,747 [Stop Help Server] INFO  o.e.jetty.server.AbstractConnector - Stopped ServerConnector@696c7dc8{HTTP/1.1, (http/1.1)}{127.0.0.1:0}
2025-11-05 21:06:35,860 [Worker-9: Loading available Gradle versions] INFO  o.e.b.c.i.u.g.PublishedGradleVersions - Gradle version information cache is out-of-date. Trying to update.
2025-11-05 22:04:14,765 [Worker-40: Building Workspace] INFO  o.a.m.s.f.DefaultMavenResourcesFiltering - Copying 1 resource from src\main\resources to target\classes
2025-11-05 22:04:14,799 [Worker-40: Building Workspace] INFO  o.a.m.s.f.DefaultMavenResourcesFiltering - Copying 0 resource from src\main\resources to target\classes
2025-11-05 22:04:14,804 [Worker-40: Building Workspace] INFO  o.a.m.s.f.DefaultMavenResourcesFiltering - skip non existing resourceDirectory C:\Users\irene\eclipse-workspace\E-Comm_Appln\payment-service\src\test\resources
2025-11-05 22:05:39,174 [Worker-41: Building] INFO  o.a.m.s.f.DefaultMavenResourcesFiltering - Copying 1 resource from src\main\resources to target\classes
2025-11-05 22:05:39,185 [Worker-41: Building] INFO  o.a.m.s.f.DefaultMavenResourcesFiltering - Copying 0 resource from src\main\resources to target\classes
2025-11-05 22:05:39,188 [Worker-41: Building] INFO  o.a.m.s.f.DefaultMavenResourcesFiltering - skip non existing resourceDirectory C:\Users\irene\eclipse-workspace\E-Comm_Appln\payment-service\src\test\resources
2025-11-05 22:05:51,671 [Worker-24: Building] INFO  o.a.m.s.f.DefaultMavenResourcesFiltering - Copying 1 resource from src\main\resources to target\classes
2025-11-05 22:05:51,681 [Worker-24: Building] INFO  o.a.m.s.f.DefaultMavenResourcesFiltering - Copying 0 resource from src\main\resources to target\classes
2025-11-05 22:05:51,684 [Worker-24: Building] INFO  o.a.m.s.f.DefaultMavenResourcesFiltering - skip non existing resourceDirectory C:\Users\irene\eclipse-workspace\E-Comm_Appln\payment-service\src\test\resources
2025-11-05 22:06:26,998 [Worker-40: Building] INFO  o.a.m.s.f.DefaultMavenResourcesFiltering - Copying 1 resource from src\main\resources to target\classes
2025-11-05 22:06:27,009 [Worker-40: Building] INFO  o.a.m.s.f.DefaultMavenResourcesFiltering - Copying 0 resource from src\main\resources to target\classes
2025-11-05 22:06:27,011 [Worker-40: Building] INFO  o.a.m.s.f.DefaultMavenResourcesFiltering - skip non existing resourceDirectory C:\Users\irene\eclipse-workspace\E-Comm_Appln\payment-service\src\test\resources
2025-11-05 22:10:34,900 [Worker-42: Building] INFO  o.a.m.s.f.DefaultMavenResourcesFiltering - Copying 1 resource from src\main\resources to target\classes
2025-11-05 22:10:34,909 [Worker-42: Building] INFO  o.a.m.s.f.DefaultMavenResourcesFiltering - Copying 0 resource from src\main\resources to target\classes
2025-11-05 22:10:34,912 [Worker-42: Building] INFO  o.a.m.s.f.DefaultMavenResourcesFiltering - skip non existing resourceDirectory C:\Users\irene\eclipse-workspace\E-Comm_Appln\payment-service\src\test\resources
2025-11-05 22:11:06,529 [Worker-24: Building] INFO  o.a.m.s.f.DefaultMavenResourcesFiltering - Copying 1 resource from src\main\resources to target\classes
2025-11-05 22:11:06,534 [Worker-24: Building] INFO  o.a.m.s.f.DefaultMavenResourcesFiltering - Copying 0 resource from src\main\resources to target\classes
2025-11-05 22:11:06,538 [Worker-24: Building] INFO  o.a.m.s.f.DefaultMavenResourcesFiltering - skip non existing resourceDirectory C:\Users\irene\eclipse-workspace\E-Comm_Appln\payment-service\src\test\resources
2025-11-05 22:14:30,178 [Worker-45: Building] INFO  o.e.m.c.i.l.LifecycleMappingFactory - Using org.eclipse.m2e.jdt.JarLifecycleMapping lifecycle mapping for MavenProject: com.irene:productService:0.0.1-SNAPSHOT @ C:\Users\irene\eclipse-workspace\E-Comm_Appln\payment-service\pom.xml.
2025-11-05 22:14:31,921 [Worker-45: Building] INFO  o.e.m.c.i.p.WorkspaceClassifierResolverManager - Resolving P/product-service: com.irene:productService:0.0.1-SNAPSHOT with classifier  to /product-service/target/classes
2025-11-05 22:14:31,979 [Worker-45: Building] INFO  o.e.m.c.i.l.LifecycleMappingFactory - Using org.eclipse.m2e.jdt.JarLifecycleMapping lifecycle mapping for MavenProject: com.irene:orderService:0.0.1-SNAPSHOT @ C:\Users\irene\eclipse-workspace\E-Comm_Appln\order-service\pom.xml.
2025-11-05 22:14:32,095 [Worker-45: Building] INFO  o.e.m.c.i.p.WorkspaceClassifierResolverManager - Resolving P/product-service: com.irene:productService:0.0.1-SNAPSHOT with classifier  to /product-service/target/classes
2025-11-05 22:14:40,018 [Worker-45: Building] INFO  o.a.m.s.f.DefaultMavenResourcesFiltering - Copying 0 resource from src\main\resources to target\classes
2025-11-05 22:14:40,019 [Worker-45: Building] INFO  o.a.m.s.f.DefaultMavenResourcesFiltering - Copying 0 resource from src\main\resources to target\classes
2025-11-05 22:14:40,023 [Worker-45: Building] INFO  o.a.m.s.f.DefaultMavenResourcesFiltering - skip non existing resourceDirectory C:\Users\irene\eclipse-workspace\E-Comm_Appln\payment-service\src\test\resources
2025-11-05 22:14:40,891 [Worker-45: Building] INFO  o.a.m.s.f.DefaultMavenResourcesFiltering - Copying 1 resource from src\main\resources to target\classes
2025-11-05 22:14:40,921 [Worker-45: Building] INFO  o.a.m.s.f.DefaultMavenResourcesFiltering - Copying 0 resource from src\main\resources to target\classes
2025-11-05 22:14:40,925 [Worker-45: Building] INFO  o.a.m.s.f.DefaultMavenResourcesFiltering - skip non existing resourceDirectory C:\Users\irene\eclipse-workspace\E-Comm_Appln\order-service\src\test\resources
2025-11-05 22:14:41,470 [Worker-45: Building] INFO  o.e.m.c.i.l.LifecycleMappingFactory - Using org.eclipse.m2e.jdt.JarLifecycleMapping lifecycle mapping for MavenProject: com.irene:productService:0.0.1-SNAPSHOT @ C:\Users\irene\eclipse-workspace\E-Comm_Appln\payment-service\pom.xml.
2025-11-05 22:14:42,838 [Worker-45: Building] INFO  o.a.m.s.f.DefaultMavenResourcesFiltering - Copying 1 resource from src\main\resources to target\classes
2025-11-05 22:14:42,855 [Worker-45: Building] INFO  o.a.m.s.f.DefaultMavenResourcesFiltering - Copying 0 resource from src\main\resources to target\classes
2025-11-05 22:14:42,859 [Worker-45: Building] INFO  o.a.m.s.f.DefaultMavenResourcesFiltering - skip non existing resourceDirectory C:\Users\irene\eclipse-workspace\E-Comm_Appln\payment-service\src\test\resources
2025-11-05 22:16:19,810 [Worker-36: Updating Maven Project] INFO  o.e.m.c.i.p.ProjectConfigurationManager - Update started
2025-11-05 22:16:20,045 [Worker-36: Updating Maven Project] INFO  o.e.m.c.i.l.LifecycleMappingFactory - Using org.eclipse.m2e.jdt.JarLifecycleMapping lifecycle mapping for MavenProject: com.irene:productService:0.0.1-SNAPSHOT @ C:\Users\irene\eclipse-workspace\E-Comm_Appln\payment-service\pom.xml.
2025-11-05 22:16:20,970 [Worker-36: Updating Maven Project] INFO  o.e.m.j.i.AbstractJavaProjectConfigurator - Adding source folder /payment-service/src/main/java
2025-11-05 22:16:20,972 [Worker-36: Updating Maven Project] INFO  o.e.m.j.i.AbstractJavaProjectConfigurator - Adding resource folder /payment-service/src/main/resources
2025-11-05 22:16:20,973 [Worker-36: Updating Maven Project] INFO  o.e.m.j.i.AbstractJavaProjectConfigurator - Adding resource folder /payment-service/src/main/resources
2025-11-05 22:16:20,973 [Worker-36: Updating Maven Project] INFO  o.e.m.j.i.AbstractJavaProjectConfigurator - Adding source folder /payment-service/src/test/java
2025-11-05 22:16:20,974 [Worker-36: Updating Maven Project] INFO  o.e.m.j.i.AbstractJavaProjectConfigurator - Adding resource folder /payment-service/src/test/resources
2025-11-05 22:16:21,491 [Worker-36: Updating Maven Project] INFO  o.e.m.c.i.p.ProjectConfigurationManager - Update completed for 1 poms: local refresh takes 0.00 sec, refresh facades takes 1.00 sec, update config takes 0.00 sec 
2025-11-05 22:16:21,863 [Worker-49: Building] INFO  o.a.m.s.f.DefaultMavenResourcesFiltering - Copying 1 resource from src\main\resources to target\classes
2025-11-05 22:16:21,878 [Worker-49: Building] INFO  o.a.m.s.f.DefaultMavenResourcesFiltering - Copying 0 resource from src\main\resources to target\classes
2025-11-05 22:16:21,891 [Worker-49: Building] INFO  o.a.m.s.f.DefaultMavenResourcesFiltering - skip non existing resourceDirectory C:\Users\irene\eclipse-workspace\E-Comm_Appln\payment-service\src\test\resources
2025-11-05 22:16:34,507 [Worker-47: Building] INFO  o.a.m.s.f.DefaultMavenResourcesFiltering - Copying 1 resource from src\main\resources to target\classes
2025-11-05 22:16:34,511 [Worker-47: Building] INFO  o.a.m.s.f.DefaultMavenResourcesFiltering - Copying 0 resource from src\main\resources to target\classes
2025-11-05 22:16:34,513 [Worker-47: Building] INFO  o.a.m.s.f.DefaultMavenResourcesFiltering - skip non existing resourceDirectory C:\Users\irene\eclipse-workspace\E-Comm_Appln\payment-service\src\test\resources
2025-11-05 22:16:45,168 [Start Help Server] INFO  org.eclipse.jetty.server.Server - jetty-12.0.6; built: 2024-01-30T02:43:24.387Z; git: 78ab6e6ba163f89cdd97f2ae0283fbb5e371cfaf; jvm 17.0.10+7
2025-11-05 22:16:45,218 [Start Help Server] INFO  o.e.j.server.handler.ContextHandler - Started oeje8n.ContextHandler$CoreContextHandler@27cbfaff{/help,/help,b=null,a=AVAILABLE,h=oeje8n.ContextHandler$CoreContextHandler$CoreToNestedHandler@5afc5207{STARTED}}
2025-11-05 22:16:45,218 [Start Help Server] INFO  o.e.j.s.DefaultSessionIdManager - Session workerName=node0
2025-11-05 22:16:45,245 [Start Help Server] INFO  o.e.jetty.server.AbstractConnector - Started ServerConnector@80ece16{HTTP/1.1, (http/1.1)}{127.0.0.1:49766}
2025-11-05 22:16:45,271 [Start Help Server] INFO  org.eclipse.jetty.server.Server - Started oejs.Server@1a347b06{STARTING}[12.0.6,sto=0] @4325515ms
2025-11-05 22:17:44,151 [Worker-47: Building] INFO  o.a.m.s.f.DefaultMavenResourcesFiltering - Copying 1 resource from src\main\resources to target\classes
2025-11-05 22:17:44,153 [Worker-47: Building] INFO  o.a.m.s.f.DefaultMavenResourcesFiltering - Copying 0 resource from src\main\resources to target\classes
2025-11-05 22:17:44,155 [Worker-47: Building] INFO  o.a.m.s.f.DefaultMavenResourcesFiltering - skip non existing resourceDirectory C:\Users\irene\eclipse-workspace\E-Comm_Appln\payment-service\src\test\resources
2025-11-05 22:17:52,915 [Worker-46: Building] INFO  o.a.m.s.f.DefaultMavenResourcesFiltering - Copying 1 resource from src\main\resources to target\classes
2025-11-05 22:17:52,917 [Worker-46: Building] INFO  o.a.m.s.f.DefaultMavenResourcesFiltering - Copying 0 resource from src\main\resources to target\classes
2025-11-05 22:17:52,920 [Worker-46: Building] INFO  o.a.m.s.f.DefaultMavenResourcesFiltering - skip non existing resourceDirectory C:\Users\irene\eclipse-workspace\E-Comm_Appln\payment-service\src\test\resources
2025-11-05 22:17:55,072 [Worker-47: Building] INFO  o.a.m.s.f.DefaultMavenResourcesFiltering - Copying 1 resource from src\main\resources to target\classes
2025-11-05 22:17:55,074 [Worker-47: Building] INFO  o.a.m.s.f.DefaultMavenResourcesFiltering - Copying 0 resource from src\main\resources to target\classes
2025-11-05 22:17:55,077 [Worker-47: Building] INFO  o.a.m.s.f.DefaultMavenResourcesFiltering - skip non existing resourceDirectory C:\Users\irene\eclipse-workspace\E-Comm_Appln\payment-service\src\test\resources
2025-11-05 22:18:03,878 [Worker-36: Building] INFO  o.a.m.s.f.DefaultMavenResourcesFiltering - Copying 1 resource from src\main\resources to target\classes
2025-11-05 22:18:03,881 [Worker-36: Building] INFO  o.a.m.s.f.DefaultMavenResourcesFiltering - Copying 0 resource from src\main\resources to target\classes
2025-11-05 22:18:03,883 [Worker-36: Building] INFO  o.a.m.s.f.DefaultMavenResourcesFiltering - skip non existing resourceDirectory C:\Users\irene\eclipse-workspace\E-Comm_Appln\payment-service\src\test\resources
2025-11-05 22:18:09,402 [Worker-45: Building] INFO  o.a.m.s.f.DefaultMavenResourcesFiltering - Copying 1 resource from src\main\resources to target\classes
2025-11-05 22:18:09,405 [Worker-45: Building] INFO  o.a.m.s.f.DefaultMavenResourcesFiltering - Copying 0 resource from src\main\resources to target\classes
2025-11-05 22:18:09,407 [Worker-45: Building] INFO  o.a.m.s.f.DefaultMavenResourcesFiltering - skip non existing resourceDirectory C:\Users\irene\eclipse-workspace\E-Comm_Appln\payment-service\src\test\resources
2025-11-05 22:27:08,512 [Worker-52: Building] INFO  o.a.m.s.f.DefaultMavenResourcesFiltering - Copying 1 resource from src\main\resources to target\classes
2025-11-05 22:27:08,515 [Worker-52: Building] INFO  o.a.m.s.f.DefaultMavenResourcesFiltering - Copying 0 resource from src\main\resources to target\classes
2025-11-05 22:27:08,518 [Worker-52: Building] INFO  o.a.m.s.f.DefaultMavenResourcesFiltering - skip non existing resourceDirectory C:\Users\irene\eclipse-workspace\E-Comm_Appln\payment-service\src\test\resources
2025-11-05 22:27:50,128 [Worker-47: Building] INFO  o.a.m.s.f.DefaultMavenResourcesFiltering - Copying 1 resource from src\main\resources to target\classes
2025-11-05 22:27:50,131 [Worker-47: Building] INFO  o.a.m.s.f.DefaultMavenResourcesFiltering - Copying 0 resource from src\main\resources to target\classes
2025-11-05 22:27:50,133 [Worker-47: Building] INFO  o.a.m.s.f.DefaultMavenResourcesFiltering - skip non existing resourceDirectory C:\Users\irene\eclipse-workspace\E-Comm_Appln\payment-service\src\test\resources
2025-11-05 22:31:51,894 [Worker-51: Building] INFO  o.a.m.s.f.DefaultMavenResourcesFiltering - Copying 1 resource from src\main\resources to target\classes
2025-11-05 22:31:51,903 [Worker-51: Building] INFO  o.a.m.s.f.DefaultMavenResourcesFiltering - Copying 0 resource from src\main\resources to target\classes
2025-11-05 22:31:51,910 [Worker-51: Building] INFO  o.a.m.s.f.DefaultMavenResourcesFiltering - skip non existing resourceDirectory C:\Users\irene\eclipse-workspace\E-Comm_Appln\payment-service\src\test\resources
2025-11-05 22:32:10,665 [Worker-52: Building] INFO  o.a.m.s.f.DefaultMavenResourcesFiltering - Copying 1 resource from src\main\resources to target\classes
2025-11-05 22:32:10,675 [Worker-52: Building] INFO  o.a.m.s.f.DefaultMavenResourcesFiltering - Copying 0 resource from src\main\resources to target\classes
2025-11-05 22:32:10,681 [Worker-52: Building] INFO  o.a.m.s.f.DefaultMavenResourcesFiltering - skip non existing resourceDirectory C:\Users\irene\eclipse-workspace\E-Comm_Appln\payment-service\src\test\resources
2025-11-05 22:32:13,076 [Worker-53: Building] INFO  o.a.m.s.f.DefaultMavenResourcesFiltering - Copying 1 resource from src\main\resources to target\classes
2025-11-05 22:32:13,084 [Worker-53: Building] INFO  o.a.m.s.f.DefaultMavenResourcesFiltering - Copying 0 resource from src\main\resources to target\classes
2025-11-05 22:32:13,090 [Worker-53: Building] INFO  o.a.m.s.f.DefaultMavenResourcesFiltering - skip non existing resourceDirectory C:\Users\irene\eclipse-workspace\E-Comm_Appln\payment-service\src\test\resources
2025-11-05 22:33:29,277 [Worker-47: Building] INFO  o.a.m.s.f.DefaultMavenResourcesFiltering - Copying 1 resource from src\main\resources to target\classes
2025-11-05 22:33:29,283 [Worker-47: Building] INFO  o.a.m.s.f.DefaultMavenResourcesFiltering - Copying 0 resource from src\main\resources to target\classes
2025-11-05 22:33:29,289 [Worker-47: Building] INFO  o.a.m.s.f.DefaultMavenResourcesFiltering - skip non existing resourceDirectory C:\Users\irene\eclipse-workspace\E-Comm_Appln\payment-service\src\test\resources
2025-11-05 22:33:45,891 [Worker-52: Building] INFO  o.a.m.s.f.DefaultMavenResourcesFiltering - Copying 1 resource from src\main\resources to target\classes
2025-11-05 22:33:45,898 [Worker-52: Building] INFO  o.a.m.s.f.DefaultMavenResourcesFiltering - Copying 0 resource from src\main\resources to target\classes
2025-11-05 22:33:45,904 [Worker-52: Building] INFO  o.a.m.s.f.DefaultMavenResourcesFiltering - skip non existing resourceDirectory C:\Users\irene\eclipse-workspace\E-Comm_Appln\payment-service\src\test\resources
2025-11-05 22:33:49,014 [Worker-53: Building] INFO  o.a.m.s.f.DefaultMavenResourcesFiltering - Copying 1 resource from src\main\resources to target\classes
2025-11-05 22:33:49,023 [Worker-53: Building] INFO  o.a.m.s.f.DefaultMavenResourcesFiltering - Copying 0 resource from src\main\resources to target\classes
2025-11-05 22:33:49,028 [Worker-53: Building] INFO  o.a.m.s.f.DefaultMavenResourcesFiltering - skip non existing resourceDirectory C:\Users\irene\eclipse-workspace\E-Comm_Appln\payment-service\src\test\resources
2025-11-05 22:33:58,705 [Worker-52: Building] INFO  o.a.m.s.f.DefaultMavenResourcesFiltering - Copying 1 resource from src\main\resources to target\classes
2025-11-05 22:33:58,712 [Worker-52: Building] INFO  o.a.m.s.f.DefaultMavenResourcesFiltering - Copying 0 resource from src\main\resources to target\classes
2025-11-05 22:33:58,719 [Worker-52: Building] INFO  o.a.m.s.f.DefaultMavenResourcesFiltering - skip non existing resourceDirectory C:\Users\irene\eclipse-workspace\E-Comm_Appln\payment-service\src\test\resources
2025-11-05 22:34:42,090 [Worker-52: Building] INFO  o.a.m.s.f.DefaultMavenResourcesFiltering - Copying 1 resource from src\main\resources to target\classes
2025-11-05 22:34:42,098 [Worker-52: Building] INFO  o.a.m.s.f.DefaultMavenResourcesFiltering - Copying 0 resource from src\main\resources to target\classes
2025-11-05 22:34:42,104 [Worker-52: Building] INFO  o.a.m.s.f.DefaultMavenResourcesFiltering - skip non existing resourceDirectory C:\Users\irene\eclipse-workspace\E-Comm_Appln\payment-service\src\test\resources
2025-11-05 22:34:47,668 [Worker-47: Building] INFO  o.a.m.s.f.DefaultMavenResourcesFiltering - Copying 1 resource from src\main\resources to target\classes
2025-11-05 22:34:47,674 [Worker-47: Building] INFO  o.a.m.s.f.DefaultMavenResourcesFiltering - Copying 0 resource from src\main\resources to target\classes
2025-11-05 22:34:47,678 [Worker-47: Building] INFO  o.a.m.s.f.DefaultMavenResourcesFiltering - skip non existing resourceDirectory C:\Users\irene\eclipse-workspace\E-Comm_Appln\payment-service\src\test\resources
2025-11-05 22:35:09,956 [Worker-47: Building] INFO  o.a.m.s.f.DefaultMavenResourcesFiltering - Copying 1 resource from src\main\resources to target\classes
2025-11-05 22:35:09,962 [Worker-47: Building] INFO  o.a.m.s.f.DefaultMavenResourcesFiltering - Copying 0 resource from src\main\resources to target\classes
2025-11-05 22:35:09,967 [Worker-47: Building] INFO  o.a.m.s.f.DefaultMavenResourcesFiltering - skip non existing resourceDirectory C:\Users\irene\eclipse-workspace\E-Comm_Appln\payment-service\src\test\resources
2025-11-05 22:36:53,116 [Worker-56: Building] INFO  o.a.m.s.f.DefaultMavenResourcesFiltering - Copying 1 resource from src\main\resources to target\classes
2025-11-05 22:36:53,124 [Worker-56: Building] INFO  o.a.m.s.f.DefaultMavenResourcesFiltering - Copying 0 resource from src\main\resources to target\classes
2025-11-05 22:36:53,130 [Worker-56: Building] INFO  o.a.m.s.f.DefaultMavenResourcesFiltering - skip non existing resourceDirectory C:\Users\irene\eclipse-workspace\E-Comm_Appln\payment-service\src\test\resources
2025-11-05 22:37:02,173 [Stop Help Server] INFO  org.eclipse.jetty.server.Server - Stopped oejs.Server@1a347b06{STOPPING}[12.0.6,sto=0]
2025-11-05 22:37:02,179 [Stop Help Server] INFO  o.e.jetty.server.AbstractConnector - Stopped ServerConnector@80ece16{HTTP/1.1, (http/1.1)}{127.0.0.1:0}
2025-11-06 21:21:13,085 [Worker-9: Loading available Gradle versions] INFO  o.e.b.c.i.u.g.PublishedGradleVersions - Gradle version information cache is out-of-date. Trying to update.
2025-11-06 21:40:53,112 [Worker-34: Building] INFO  o.a.m.s.f.DefaultMavenResourcesFiltering - Copying 1 resource from src\main\resources to target\classes
2025-11-06 21:40:53,170 [Worker-34: Building] INFO  o.a.m.s.f.DefaultMavenResourcesFiltering - Copying 0 resource from src\main\resources to target\classes
2025-11-06 21:40:53,180 [Worker-34: Building] INFO  o.a.m.s.f.DefaultMavenResourcesFiltering - skip non existing resourceDirectory C:\Users\irene\eclipse-workspace\E-Comm_Appln\payment-service\src\test\resources
2025-11-06 21:40:56,517 [Worker-20: Building] INFO  o.a.m.s.f.DefaultMavenResourcesFiltering - Copying 1 resource from src\main\resources to target\classes
2025-11-06 21:40:56,596 [Worker-20: Building] INFO  o.a.m.s.f.DefaultMavenResourcesFiltering - Copying 0 resource from src\main\resources to target\classes
2025-11-06 21:40:56,602 [Worker-20: Building] INFO  o.a.m.s.f.DefaultMavenResourcesFiltering - skip non existing resourceDirectory C:\Users\irene\eclipse-workspace\E-Comm_Appln\payment-service\src\test\resources
2025-11-06 21:41:33,889 [Worker-37: Building] INFO  o.a.m.s.f.DefaultMavenResourcesFiltering - Copying 1 resource from src\main\resources to target\classes
2025-11-06 21:41:33,961 [Worker-37: Building] INFO  o.a.m.s.f.DefaultMavenResourcesFiltering - Copying 0 resource from src\main\resources to target\classes
2025-11-06 21:41:33,968 [Worker-37: Building] INFO  o.a.m.s.f.DefaultMavenResourcesFiltering - skip non existing resourceDirectory C:\Users\irene\eclipse-workspace\E-Comm_Appln\payment-service\src\test\resources
2025-11-06 21:41:51,050 [Worker-20: reload maven project] INFO  o.e.m.c.i.p.WorkspaceClassifierResolverManager - Resolving P/product-service: com.irene:productService:0.0.1-SNAPSHOT with classifier  to /product-service/target/classes
2025-11-06 21:42:25,842 [Worker-34: Building] INFO  o.e.m.c.i.l.LifecycleMappingFactory - Using org.eclipse.m2e.jdt.JarLifecycleMapping lifecycle mapping for MavenProject: com.irene:productService:0.0.1-SNAPSHOT @ C:\Users\irene\eclipse-workspace\E-Comm_Appln\payment-service\pom.xml.
2025-11-06 21:42:27,766 [Worker-34: Building] INFO  o.e.m.c.i.l.LifecycleMappingFactory - Using org.eclipse.m2e.jdt.JarLifecycleMapping lifecycle mapping for MavenProject: com.irene:orderService:0.0.1-SNAPSHOT @ C:\Users\irene\eclipse-workspace\E-Comm_Appln\order-service\pom.xml.
2025-11-06 21:42:28,175 [Worker-34: Building] INFO  o.e.m.c.i.p.WorkspaceClassifierResolverManager - Resolving P/product-service: com.irene:productService:0.0.1-SNAPSHOT with classifier  to /product-service/target/classes
2025-11-06 21:42:38,106 [Worker-34: Building] INFO  o.a.m.s.f.DefaultMavenResourcesFiltering - Copying 0 resource from src\main\resources to target\classes
2025-11-06 21:42:38,109 [Worker-34: Building] INFO  o.a.m.s.f.DefaultMavenResourcesFiltering - Copying 0 resource from src\main\resources to target\classes
2025-11-06 21:42:38,115 [Worker-34: Building] INFO  o.a.m.s.f.DefaultMavenResourcesFiltering - skip non existing resourceDirectory C:\Users\irene\eclipse-workspace\E-Comm_Appln\payment-service\src\test\resources
2025-11-06 21:42:38,372 [Worker-36: Updating Maven Project] INFO  o.e.m.c.i.p.ProjectConfigurationManager - Update started
2025-11-06 21:42:39,055 [Worker-36: Updating Maven Project] INFO  o.e.m.c.i.l.LifecycleMappingFactory - Using org.eclipse.m2e.jdt.JarLifecycleMapping lifecycle mapping for MavenProject: com.irene:productService:0.0.1-SNAPSHOT @ C:\Users\irene\eclipse-workspace\E-Comm_Appln\payment-service\pom.xml.
2025-11-06 21:42:41,520 [Worker-36: Updating Maven Project] INFO  o.e.m.j.i.AbstractJavaProjectConfigurator - Adding source folder /payment-service/src/main/java
2025-11-06 21:42:41,524 [Worker-36: Updating Maven Project] INFO  o.e.m.j.i.AbstractJavaProjectConfigurator - Adding resource folder /payment-service/src/main/resources
2025-11-06 21:42:41,526 [Worker-36: Updating Maven Project] INFO  o.e.m.j.i.AbstractJavaProjectConfigurator - Adding resource folder /payment-service/src/main/resources
2025-11-06 21:42:41,527 [Worker-36: Updating Maven Project] INFO  o.e.m.j.i.AbstractJavaProjectConfigurator - Adding source folder /payment-service/src/test/java
2025-11-06 21:42:41,529 [Worker-36: Updating Maven Project] INFO  o.e.m.j.i.AbstractJavaProjectConfigurator - Adding resource folder /payment-service/src/test/resources
2025-11-06 21:42:42,907 [Worker-36: Updating Maven Project] INFO  o.e.m.c.i.p.ProjectConfigurationManager - Update completed for 1 poms: local refresh takes 0.00 sec, refresh facades takes 2.00 sec, update config takes 1.00 sec 
2025-11-06 21:42:43,495 [Worker-20: Building] INFO  o.a.m.s.f.DefaultMavenResourcesFiltering - Copying 1 resource from src\main\resources to target\classes
2025-11-06 21:42:43,520 [Worker-20: Building] INFO  o.a.m.s.f.DefaultMavenResourcesFiltering - Copying 0 resource from src\main\resources to target\classes
2025-11-06 21:42:43,527 [Worker-20: Building] INFO  o.a.m.s.f.DefaultMavenResourcesFiltering - skip non existing resourceDirectory C:\Users\irene\eclipse-workspace\E-Comm_Appln\payment-service\src\test\resources
2025-11-06 22:00:01,837 [Worker-39: Building] INFO  o.a.m.s.f.DefaultMavenResourcesFiltering - Copying 1 resource from src\main\resources to target\classes
2025-11-06 22:00:01,848 [Worker-39: Building] INFO  o.a.m.s.f.DefaultMavenResourcesFiltering - Copying 0 resource from src\main\resources to target\classes
2025-11-06 22:00:01,854 [Worker-39: Building] INFO  o.a.m.s.f.DefaultMavenResourcesFiltering - skip non existing resourceDirectory C:\Users\irene\eclipse-workspace\E-Comm_Appln\payment-service\src\test\resources
2025-11-06 22:00:27,592 [Worker-37: Building] INFO  o.a.m.s.f.DefaultMavenResourcesFiltering - Copying 1 resource from src\main\resources to target\classes
2025-11-06 22:00:27,602 [Worker-37: Building] INFO  o.a.m.s.f.DefaultMavenResourcesFiltering - Copying 0 resource from src\main\resources to target\classes
2025-11-06 22:00:27,609 [Worker-37: Building] INFO  o.a.m.s.f.DefaultMavenResourcesFiltering - skip non existing resourceDirectory C:\Users\irene\eclipse-workspace\E-Comm_Appln\payment-service\src\test\resources
2025-11-06 22:02:09,981 [Start Help Server] INFO  org.eclipse.jetty.server.Server - jetty-12.0.6; built: 2024-01-30T02:43:24.387Z; git: 78ab6e6ba163f89cdd97f2ae0283fbb5e371cfaf; jvm 17.0.10+7
2025-11-06 22:02:10,091 [Start Help Server] INFO  o.e.j.server.handler.ContextHandler - Started oeje8n.ContextHandler$CoreContextHandler@2812539{/help,/help,b=null,a=AVAILABLE,h=oeje8n.ContextHandler$CoreContextHandler$CoreToNestedHandler@174725d1{STARTED}}
2025-11-06 22:02:10,092 [Start Help Server] INFO  o.e.j.s.DefaultSessionIdManager - Session workerName=node0
2025-11-06 22:02:10,157 [Start Help Server] INFO  o.e.jetty.server.AbstractConnector - Started ServerConnector@7cf5b487{HTTP/1.1, (http/1.1)}{127.0.0.1:55005}
2025-11-06 22:02:10,219 [Start Help Server] INFO  org.eclipse.jetty.server.Server - Started oejs.Server@17097f49{STARTING}[12.0.6,sto=0] @2647474ms
2025-11-06 22:04:17,549 [Worker-41: Building] INFO  o.a.m.s.f.DefaultMavenResourcesFiltering - Copying 1 resource from src\main\resources to target\classes
2025-11-06 22:04:17,558 [Worker-41: Building] INFO  o.a.m.s.f.DefaultMavenResourcesFiltering - Copying 0 resource from src\main\resources to target\classes
2025-11-06 22:04:17,565 [Worker-41: Building] INFO  o.a.m.s.f.DefaultMavenResourcesFiltering - skip non existing resourceDirectory C:\Users\irene\eclipse-workspace\E-Comm_Appln\payment-service\src\test\resources
2025-11-06 22:06:27,721 [Worker-44: Building] INFO  o.a.m.s.f.DefaultMavenResourcesFiltering - Copying 1 resource from src\main\resources to target\classes
2025-11-06 22:06:27,730 [Worker-44: Building] INFO  o.a.m.s.f.DefaultMavenResourcesFiltering - Copying 0 resource from src\main\resources to target\classes
2025-11-06 22:06:27,735 [Worker-44: Building] INFO  o.a.m.s.f.DefaultMavenResourcesFiltering - skip non existing resourceDirectory C:\Users\irene\eclipse-workspace\E-Comm_Appln\payment-service\src\test\resources
2025-11-06 22:07:29,921 [Worker-44: Building] INFO  o.e.m.c.i.l.LifecycleMappingFactory - Using org.eclipse.m2e.jdt.JarLifecycleMapping lifecycle mapping for MavenProject: com.irene:productService:0.0.1-SNAPSHOT @ C:\Users\irene\eclipse-workspace\E-Comm_Appln\payment-service\pom.xml.
2025-11-06 22:07:31,309 [Worker-44: Building] INFO  o.e.m.c.i.p.WorkspaceClassifierResolverManager - Resolving P/order-service: com.irene:orderService:0.0.1-SNAPSHOT with classifier  to /order-service/target/classes
2025-11-06 22:07:31,339 [Worker-44: Building] INFO  o.e.m.c.i.p.WorkspaceClassifierResolverManager - Resolving P/product-service: com.irene:productService:0.0.1-SNAPSHOT with classifier  to /product-service/target/classes
2025-11-06 22:07:31,927 [Worker-44: Building] INFO  o.e.m.c.i.l.LifecycleMappingFactory - Using org.eclipse.m2e.jdt.JarLifecycleMapping lifecycle mapping for MavenProject: com.irene:orderService:0.0.1-SNAPSHOT @ C:\Users\irene\eclipse-workspace\E-Comm_Appln\order-service\pom.xml.
2025-11-06 22:07:32,244 [Worker-44: Building] INFO  o.e.m.c.i.p.WorkspaceClassifierResolverManager - Resolving P/product-service: com.irene:productService:0.0.1-SNAPSHOT with classifier  to /product-service/target/classes
2025-11-06 22:07:34,558 [Worker-44: Building] INFO  o.a.m.s.f.DefaultMavenResourcesFiltering - Copying 0 resource from src\main\resources to target\classes
2025-11-06 22:07:34,560 [Worker-44: Building] INFO  o.a.m.s.f.DefaultMavenResourcesFiltering - Copying 0 resource from src\main\resources to target\classes
2025-11-06 22:07:34,566 [Worker-44: Building] INFO  o.a.m.s.f.DefaultMavenResourcesFiltering - skip non existing resourceDirectory C:\Users\irene\eclipse-workspace\E-Comm_Appln\payment-service\src\test\resources
2025-11-06 22:07:36,017 [Worker-40: Building] INFO  o.a.m.s.f.DefaultMavenResourcesFiltering - Copying 1 resource from src\main\resources to target\classes
2025-11-06 22:07:36,044 [Worker-40: Building] INFO  o.a.m.s.f.DefaultMavenResourcesFiltering - Copying 0 resource from src\main\resources to target\classes
2025-11-06 22:07:36,049 [Worker-40: Building] INFO  o.a.m.s.f.DefaultMavenResourcesFiltering - skip non existing resourceDirectory C:\Users\irene\eclipse-workspace\E-Comm_Appln\payment-service\src\test\resources
2025-11-06 22:17:29,869 [Worker-40: Building] INFO  o.a.m.s.f.DefaultMavenResourcesFiltering - Copying 1 resource from src\main\resources to target\classes
2025-11-06 22:17:29,911 [Worker-40: Building] INFO  o.a.m.s.f.DefaultMavenResourcesFiltering - Copying 0 resource from src\main\resources to target\classes
2025-11-06 22:17:29,919 [Worker-40: Building] INFO  o.a.m.s.f.DefaultMavenResourcesFiltering - skip non existing resourceDirectory C:\Users\irene\eclipse-workspace\E-Comm_Appln\payment-service\src\test\resources
2025-11-06 22:18:20,983 [Worker-42: Building] INFO  o.a.m.s.f.DefaultMavenResourcesFiltering - Copying 1 resource from src\main\resources to target\classes
2025-11-06 22:18:21,067 [Worker-42: Building] INFO  o.a.m.s.f.DefaultMavenResourcesFiltering - Copying 0 resource from src\main\resources to target\classes
2025-11-06 22:18:21,077 [Worker-42: Building] INFO  o.a.m.s.f.DefaultMavenResourcesFiltering - skip non existing resourceDirectory C:\Users\irene\eclipse-workspace\E-Comm_Appln\order-service\src\test\resources
2025-11-06 22:18:25,393 [Worker-47: Building] INFO  o.a.m.s.f.DefaultMavenResourcesFiltering - Copying 1 resource from src\main\resources to target\classes
2025-11-06 22:18:25,420 [Worker-47: Building] INFO  o.a.m.s.f.DefaultMavenResourcesFiltering - Copying 0 resource from src\main\resources to target\classes
2025-11-06 22:18:25,427 [Worker-47: Building] INFO  o.a.m.s.f.DefaultMavenResourcesFiltering - skip non existing resourceDirectory C:\Users\irene\eclipse-workspace\E-Comm_Appln\payment-service\src\test\resources
2025-11-06 22:18:33,623 [Worker-40: Building] INFO  o.a.m.s.f.DefaultMavenResourcesFiltering - Copying 1 resource from src\main\resources to target\classes
2025-11-06 22:18:33,629 [Worker-40: Building] INFO  o.a.m.s.f.DefaultMavenResourcesFiltering - Copying 0 resource from src\main\resources to target\classes
2025-11-06 22:18:33,635 [Worker-40: Building] INFO  o.a.m.s.f.DefaultMavenResourcesFiltering - skip non existing resourceDirectory C:\Users\irene\eclipse-workspace\E-Comm_Appln\payment-service\src\test\resources
2025-11-06 22:22:36,674 [Worker-42: Building] INFO  o.a.m.s.f.DefaultMavenResourcesFiltering - Copying 1 resource from src\main\resources to target\classes
2025-11-06 22:22:36,686 [Worker-42: Building] INFO  o.a.m.s.f.DefaultMavenResourcesFiltering - Copying 0 resource from src\main\resources to target\classes
2025-11-06 22:22:36,692 [Worker-42: Building] INFO  o.a.m.s.f.DefaultMavenResourcesFiltering - skip non existing resourceDirectory C:\Users\irene\eclipse-workspace\E-Comm_Appln\payment-service\src\test\resources
2025-11-06 22:22:38,709 [Worker-48: Building] INFO  o.a.m.s.f.DefaultMavenResourcesFiltering - Copying 1 resource from src\main\resources to target\classes
2025-11-06 22:22:38,720 [Worker-48: Building] INFO  o.a.m.s.f.DefaultMavenResourcesFiltering - Copying 0 resource from src\main\resources to target\classes
2025-11-06 22:22:38,728 [Worker-48: Building] INFO  o.a.m.s.f.DefaultMavenResourcesFiltering - skip non existing resourceDirectory C:\Users\irene\eclipse-workspace\E-Comm_Appln\payment-service\src\test\resources
2025-11-06 22:24:18,714 [Worker-42: Building] INFO  o.a.m.s.f.DefaultMavenResourcesFiltering - Copying 1 resource from src\main\resources to target\classes
2025-11-06 22:24:18,722 [Worker-42: Building] INFO  o.a.m.s.f.DefaultMavenResourcesFiltering - Copying 0 resource from src\main\resources to target\classes
2025-11-06 22:24:18,730 [Worker-42: Building] INFO  o.a.m.s.f.DefaultMavenResourcesFiltering - skip non existing resourceDirectory C:\Users\irene\eclipse-workspace\E-Comm_Appln\payment-service\src\test\resources
2025-11-06 22:28:14,720 [Worker-49: Building] INFO  o.a.m.s.f.DefaultMavenResourcesFiltering - Copying 1 resource from src\main\resources to target\classes
2025-11-06 22:28:14,730 [Worker-49: Building] INFO  o.a.m.s.f.DefaultMavenResourcesFiltering - Copying 0 resource from src\main\resources to target\classes
2025-11-06 22:28:14,734 [Worker-49: Building] INFO  o.a.m.s.f.DefaultMavenResourcesFiltering - skip non existing resourceDirectory C:\Users\irene\eclipse-workspace\E-Comm_Appln\payment-service\src\test\resources
2025-11-06 22:29:09,066 [Worker-47: Building] INFO  o.a.m.s.f.DefaultMavenResourcesFiltering - Copying 1 resource from src\main\resources to target\classes
2025-11-06 22:29:09,075 [Worker-47: Building] INFO  o.a.m.s.f.DefaultMavenResourcesFiltering - Copying 0 resource from src\main\resources to target\classes
2025-11-06 22:29:09,082 [Worker-47: Building] INFO  o.a.m.s.f.DefaultMavenResourcesFiltering - skip non existing resourceDirectory C:\Users\irene\eclipse-workspace\E-Comm_Appln\payment-service\src\test\resources
2025-11-06 22:29:15,670 [Worker-49: Building] INFO  o.a.m.s.f.DefaultMavenResourcesFiltering - Copying 1 resource from src\main\resources to target\classes
2025-11-06 22:29:15,678 [Worker-49: Building] INFO  o.a.m.s.f.DefaultMavenResourcesFiltering - Copying 0 resource from src\main\resources to target\classes
2025-11-06 22:29:15,683 [Worker-49: Building] INFO  o.a.m.s.f.DefaultMavenResourcesFiltering - skip non existing resourceDirectory C:\Users\irene\eclipse-workspace\E-Comm_Appln\payment-service\src\test\resources
2025-11-06 22:29:17,728 [Worker-50: Building] INFO  o.a.m.s.f.DefaultMavenResourcesFiltering - Copying 1 resource from src\main\resources to target\classes
2025-11-06 22:29:17,735 [Worker-50: Building] INFO  o.a.m.s.f.DefaultMavenResourcesFiltering - Copying 0 resource from src\main\resources to target\classes
2025-11-06 22:29:17,740 [Worker-50: Building] INFO  o.a.m.s.f.DefaultMavenResourcesFiltering - skip non existing resourceDirectory C:\Users\irene\eclipse-workspace\E-Comm_Appln\payment-service\src\test\resources
2025-11-06 22:46:26,632 [Worker-53: Building] INFO  o.a.m.s.f.DefaultMavenResourcesFiltering - Copying 1 resource from src\main\resources to target\classes
2025-11-06 22:46:26,645 [Worker-53: Building] INFO  o.a.m.s.f.DefaultMavenResourcesFiltering - Copying 0 resource from src\main\resources to target\classes
2025-11-06 22:46:26,650 [Worker-53: Building] INFO  o.a.m.s.f.DefaultMavenResourcesFiltering - skip non existing resourceDirectory C:\Users\irene\eclipse-workspace\E-Comm_Appln\payment-service\src\test\resources
2025-11-06 22:46:34,335 [Worker-49: Building] INFO  o.a.m.s.f.DefaultMavenResourcesFiltering - Copying 1 resource from src\main\resources to target\classes
2025-11-06 22:46:34,341 [Worker-49: Building] INFO  o.a.m.s.f.DefaultMavenResourcesFiltering - Copying 0 resource from src\main\resources to target\classes
2025-11-06 22:46:34,346 [Worker-49: Building] INFO  o.a.m.s.f.DefaultMavenResourcesFiltering - skip non existing resourceDirectory C:\Users\irene\eclipse-workspace\E-Comm_Appln\payment-service\src\test\resources
2025-11-06 22:47:03,074 [Worker-47: Building] INFO  o.a.m.s.f.DefaultMavenResourcesFiltering - Copying 1 resource from src\main\resources to target\classes
2025-11-06 22:47:03,084 [Worker-47: Building] INFO  o.a.m.s.f.DefaultMavenResourcesFiltering - Copying 0 resource from src\main\resources to target\classes
2025-11-06 22:47:03,090 [Worker-47: Building] INFO  o.a.m.s.f.DefaultMavenResourcesFiltering - skip non existing resourceDirectory C:\Users\irene\eclipse-workspace\E-Comm_Appln\payment-service\src\test\resources
2025-11-06 22:47:23,550 [Worker-49: Building] INFO  o.a.m.s.f.DefaultMavenResourcesFiltering - Copying 1 resource from src\main\resources to target\classes
2025-11-06 22:47:23,556 [Worker-49: Building] INFO  o.a.m.s.f.DefaultMavenResourcesFiltering - Copying 0 resource from src\main\resources to target\classes
2025-11-06 22:47:23,561 [Worker-49: Building] INFO  o.a.m.s.f.DefaultMavenResourcesFiltering - skip non existing resourceDirectory C:\Users\irene\eclipse-workspace\E-Comm_Appln\payment-service\src\test\resources
2025-11-06 22:47:39,162 [Worker-54: Building] INFO  o.a.m.s.f.DefaultMavenResourcesFiltering - Copying 1 resource from src\main\resources to target\classes
2025-11-06 22:47:39,183 [Worker-54: Building] INFO  o.a.m.s.f.DefaultMavenResourcesFiltering - Copying 0 resource from src\main\resources to target\classes
2025-11-06 22:47:39,190 [Worker-54: Building] INFO  o.a.m.s.f.DefaultMavenResourcesFiltering - skip non existing resourceDirectory C:\Users\irene\eclipse-workspace\E-Comm_Appln\payment-service\src\test\resources
2025-11-06 22:48:26,178 [Worker-49: Building] INFO  o.a.m.s.f.DefaultMavenResourcesFiltering - Copying 1 resource from src\main\resources to target\classes
2025-11-06 22:48:26,189 [Worker-49: Building] INFO  o.a.m.s.f.DefaultMavenResourcesFiltering - Copying 0 resource from src\main\resources to target\classes
2025-11-06 22:48:26,194 [Worker-49: Building] INFO  o.a.m.s.f.DefaultMavenResourcesFiltering - skip non existing resourceDirectory C:\Users\irene\eclipse-workspace\E-Comm_Appln\payment-service\src\test\resources
2025-11-06 22:49:25,056 [Worker-54: Building] INFO  o.a.m.s.f.DefaultMavenResourcesFiltering - Copying 1 resource from src\main\resources to target\classes
2025-11-06 22:49:25,066 [Worker-54: Building] INFO  o.a.m.s.f.DefaultMavenResourcesFiltering - Copying 0 resource from src\main\resources to target\classes
2025-11-06 22:49:25,073 [Worker-54: Building] INFO  o.a.m.s.f.DefaultMavenResourcesFiltering - skip non existing resourceDirectory C:\Users\irene\eclipse-workspace\E-Comm_Appln\payment-service\src\test\resources
2025-11-06 22:49:28,500 [Worker-47: Building] INFO  o.a.m.s.f.DefaultMavenResourcesFiltering - Copying 1 resource from src\main\resources to target\classes
2025-11-06 22:49:28,607 [Worker-47: Building] INFO  o.a.m.s.f.DefaultMavenResourcesFiltering - Copying 0 resource from src\main\resources to target\classes
2025-11-06 22:49:28,613 [Worker-47: Building] INFO  o.a.m.s.f.DefaultMavenResourcesFiltering - skip non existing resourceDirectory C:\Users\irene\eclipse-workspace\E-Comm_Appln\payment-service\src\test\resources
2025-11-06 22:50:39,873 [Worker-53: Building] INFO  o.a.m.s.f.DefaultMavenResourcesFiltering - Copying 1 resource from src\main\resources to target\classes
2025-11-06 22:50:39,885 [Worker-53: Building] INFO  o.a.m.s.f.DefaultMavenResourcesFiltering - Copying 0 resource from src\main\resources to target\classes
2025-11-06 22:50:39,890 [Worker-53: Building] INFO  o.a.m.s.f.DefaultMavenResourcesFiltering - skip non existing resourceDirectory C:\Users\irene\eclipse-workspace\E-Comm_Appln\payment-service\src\test\resources
2025-11-06 22:50:44,741 [Worker-47: Building] INFO  o.a.m.s.f.DefaultMavenResourcesFiltering - Copying 1 resource from src\main\resources to target\classes
2025-11-06 22:50:44,751 [Worker-47: Building] INFO  o.a.m.s.f.DefaultMavenResourcesFiltering - Copying 0 resource from src\main\resources to target\classes
2025-11-06 22:50:44,757 [Worker-47: Building] INFO  o.a.m.s.f.DefaultMavenResourcesFiltering - skip non existing resourceDirectory C:\Users\irene\eclipse-workspace\E-Comm_Appln\payment-service\src\test\resources
2025-11-06 22:50:51,767 [Worker-54: Building] INFO  o.a.m.s.f.DefaultMavenResourcesFiltering - Copying 1 resource from src\main\resources to target\classes
2025-11-06 22:50:51,773 [Worker-54: Building] INFO  o.a.m.s.f.DefaultMavenResourcesFiltering - Copying 0 resource from src\main\resources to target\classes
2025-11-06 22:50:51,778 [Worker-54: Building] INFO  o.a.m.s.f.DefaultMavenResourcesFiltering - skip non existing resourceDirectory C:\Users\irene\eclipse-workspace\E-Comm_Appln\payment-service\src\test\resources
2025-11-06 22:51:35,773 [Worker-53: Building] INFO  o.a.m.s.f.DefaultMavenResourcesFiltering - Copying 1 resource from src\main\resources to target\classes
2025-11-06 22:51:35,792 [Worker-53: Building] INFO  o.a.m.s.f.DefaultMavenResourcesFiltering - Copying 0 resource from src\main\resources to target\classes
2025-11-06 22:51:35,799 [Worker-53: Building] INFO  o.a.m.s.f.DefaultMavenResourcesFiltering - skip non existing resourceDirectory C:\Users\irene\eclipse-workspace\E-Comm_Appln\payment-service\src\test\resources
2025-11-06 22:52:04,931 [Worker-47: Building] INFO  o.a.m.s.f.DefaultMavenResourcesFiltering - Copying 1 resource from src\main\resources to target\classes
2025-11-06 22:52:04,938 [Worker-47: Building] INFO  o.a.m.s.f.DefaultMavenResourcesFiltering - Copying 0 resource from src\main\resources to target\classes
2025-11-06 22:52:04,943 [Worker-47: Building] INFO  o.a.m.s.f.DefaultMavenResourcesFiltering - skip non existing resourceDirectory C:\Users\irene\eclipse-workspace\E-Comm_Appln\payment-service\src\test\resources
2025-11-06 22:52:50,507 [Worker-54: Building] INFO  o.a.m.s.f.DefaultMavenResourcesFiltering - Copying 1 resource from src\main\resources to target\classes
2025-11-06 22:52:50,514 [Worker-54: Building] INFO  o.a.m.s.f.DefaultMavenResourcesFiltering - Copying 0 resource from src\main\resources to target\classes
2025-11-06 22:52:50,519 [Worker-54: Building] INFO  o.a.m.s.f.DefaultMavenResourcesFiltering - skip non existing resourceDirectory C:\Users\irene\eclipse-workspace\E-Comm_Appln\payment-service\src\test\resources
2025-11-06 22:54:33,763 [Worker-49: Building] INFO  o.a.m.s.f.DefaultMavenResourcesFiltering - Copying 1 resource from src\main\resources to target\classes
2025-11-06 22:54:33,769 [Worker-49: Building] INFO  o.a.m.s.f.DefaultMavenResourcesFiltering - Copying 0 resource from src\main\resources to target\classes
2025-11-06 22:54:33,774 [Worker-49: Building] INFO  o.a.m.s.f.DefaultMavenResourcesFiltering - skip non existing resourceDirectory C:\Users\irene\eclipse-workspace\E-Comm_Appln\payment-service\src\test\resources
2025-11-06 22:54:56,304 [Worker-53: Building] INFO  o.a.m.s.f.DefaultMavenResourcesFiltering - Copying 1 resource from src\main\resources to target\classes
2025-11-06 22:54:56,311 [Worker-53: Building] INFO  o.a.m.s.f.DefaultMavenResourcesFiltering - Copying 0 resource from src\main\resources to target\classes
2025-11-06 22:54:56,316 [Worker-53: Building] INFO  o.a.m.s.f.DefaultMavenResourcesFiltering - skip non existing resourceDirectory C:\Users\irene\eclipse-workspace\E-Comm_Appln\payment-service\src\test\resources
2025-11-06 22:55:45,449 [Stop Help Server] INFO  org.eclipse.jetty.server.Server - Stopped oejs.Server@17097f49{STOPPING}[12.0.6,sto=0]
2025-11-06 22:55:45,456 [Stop Help Server] INFO  o.e.jetty.server.AbstractConnector - Stopped ServerConnector@7cf5b487{HTTP/1.1, (http/1.1)}{127.0.0.1:0}
2025-11-09 20:02:39,316 [Worker-7: Loading available Gradle versions] INFO  o.e.b.c.i.u.g.PublishedGradleVersions - Gradle version information cache is out-of-date. Trying to update.
2025-11-09 20:13:40,739 [Start Help Server] INFO  org.eclipse.jetty.server.Server - jetty-12.0.6; built: 2024-01-30T02:43:24.387Z; git: 78ab6e6ba163f89cdd97f2ae0283fbb5e371cfaf; jvm 17.0.10+7
2025-11-09 20:13:40,904 [Start Help Server] INFO  o.e.j.server.handler.ContextHandler - Started oeje8n.ContextHandler$CoreContextHandler@3a28416a{/help,/help,b=null,a=AVAILABLE,h=oeje8n.ContextHandler$CoreContextHandler$CoreToNestedHandler@4a640f37{STARTED}}
2025-11-09 20:13:40,907 [Start Help Server] INFO  o.e.j.s.DefaultSessionIdManager - Session workerName=node0
2025-11-09 20:13:40,966 [Start Help Server] INFO  o.e.jetty.server.AbstractConnector - Started ServerConnector@760b5b2f{HTTP/1.1, (http/1.1)}{127.0.0.1:51753}
2025-11-09 20:13:40,976 [Start Help Server] INFO  org.eclipse.jetty.server.Server - Started oejs.Server@59dd6d5f{STARTING}[12.0.6,sto=0] @832241ms
2025-11-09 22:29:52,401 [Worker-60: Building] INFO  o.e.m.c.i.p.WorkspaceClassifierResolverManager - Resolving P/order-service: com.irene:orderService:0.0.1-SNAPSHOT with classifier  to /order-service/target/classes
2025-11-09 22:29:52,403 [Worker-60: Building] INFO  o.e.m.c.i.p.WorkspaceClassifierResolverManager - Resolving P/product-service: com.irene:productService:0.0.1-SNAPSHOT with classifier  to /product-service/target/classes
2025-11-09 22:29:54,713 [Worker-60: Building] INFO  o.a.m.s.f.DefaultMavenResourcesFiltering - Copying 1 resource from src\main\resources to target\classes
2025-11-09 22:29:54,759 [Worker-60: Building] INFO  o.a.m.s.f.DefaultMavenResourcesFiltering - Copying 0 resource from src\main\resources to target\classes
2025-11-09 22:29:54,767 [Worker-60: Building] INFO  o.a.m.s.f.DefaultMavenResourcesFiltering - skip non existing resourceDirectory C:\Users\irene\eclipse-workspace\E-Comm_Appln\payment-service\src\test\resources
2025-11-09 23:09:25,688 [Worker-65: Building] INFO  o.a.m.s.f.DefaultMavenResourcesFiltering - Copying 1 resource from src\main\resources to target\classes
2025-11-09 23:09:25,811 [Worker-65: Building] INFO  o.a.m.s.f.DefaultMavenResourcesFiltering - Copying 0 resource from src\main\resources to target\classes
2025-11-09 23:09:25,821 [Worker-65: Building] INFO  o.a.m.s.f.DefaultMavenResourcesFiltering - skip non existing resourceDirectory C:\Users\irene\eclipse-workspace\E-Comm_Appln\payment-service\src\test\resources
2025-11-09 23:12:57,936 [Worker-75: Building] INFO  o.a.m.s.f.DefaultMavenResourcesFiltering - Copying 1 resource from src\main\resources to target\classes
2025-11-09 23:12:57,998 [Worker-75: Building] INFO  o.a.m.s.f.DefaultMavenResourcesFiltering - Copying 0 resource from src\main\resources to target\classes
2025-11-09 23:12:58,005 [Worker-75: Building] INFO  o.a.m.s.f.DefaultMavenResourcesFiltering - skip non existing resourceDirectory C:\Users\irene\eclipse-workspace\E-Comm_Appln\payment-service\src\test\resources
2025-11-09 23:17:51,786 [Worker-78: Building] INFO  o.a.m.s.f.DefaultMavenResourcesFiltering - Copying 1 resource from src\main\resources to target\classes
2025-11-09 23:17:51,853 [Worker-78: Building] INFO  o.a.m.s.f.DefaultMavenResourcesFiltering - Copying 0 resource from src\main\resources to target\classes
2025-11-09 23:17:51,859 [Worker-78: Building] INFO  o.a.m.s.f.DefaultMavenResourcesFiltering - skip non existing resourceDirectory C:\Users\irene\eclipse-workspace\E-Comm_Appln\payment-service\src\test\resources
2025-11-09 23:19:03,906 [Worker-78: Building] INFO  o.a.m.s.f.DefaultMavenResourcesFiltering - Copying 1 resource from src\main\resources to target\classes
2025-11-09 23:19:04,028 [Worker-78: Building] INFO  o.a.m.s.f.DefaultMavenResourcesFiltering - Copying 0 resource from src\main\resources to target\classes
2025-11-09 23:19:04,037 [Worker-78: Building] INFO  o.a.m.s.f.DefaultMavenResourcesFiltering - skip non existing resourceDirectory C:\Users\irene\eclipse-workspace\E-Comm_Appln\payment-service\src\test\resources
2025-11-09 23:19:30,255 [Worker-79: Building] INFO  o.a.m.s.f.DefaultMavenResourcesFiltering - Copying 1 resource from src\main\resources to target\classes
2025-11-09 23:19:30,310 [Worker-79: Building] INFO  o.a.m.s.f.DefaultMavenResourcesFiltering - Copying 0 resource from src\main\resources to target\classes
2025-11-09 23:19:30,317 [Worker-79: Building] INFO  o.a.m.s.f.DefaultMavenResourcesFiltering - skip non existing resourceDirectory C:\Users\irene\eclipse-workspace\E-Comm_Appln\payment-service\src\test\resources
2025-11-09 23:20:44,637 [Worker-80: Building] INFO  o.a.m.s.f.DefaultMavenResourcesFiltering - Copying 1 resource from src\main\resources to target\classes
2025-11-09 23:20:44,645 [Worker-80: Building] INFO  o.a.m.s.f.DefaultMavenResourcesFiltering - Copying 0 resource from src\main\resources to target\classes
2025-11-09 23:20:44,649 [Worker-80: Building] INFO  o.a.m.s.f.DefaultMavenResourcesFiltering - skip non existing resourceDirectory C:\Users\irene\eclipse-workspace\E-Comm_Appln\payment-service\src\test\resources
2025-11-09 23:22:05,781 [Worker-79: Building] INFO  o.a.m.s.f.DefaultMavenResourcesFiltering - Copying 1 resource from src\main\resources to target\classes
2025-11-09 23:22:05,809 [Worker-79: Building] INFO  o.a.m.s.f.DefaultMavenResourcesFiltering - Copying 0 resource from src\main\resources to target\classes
2025-11-09 23:22:05,820 [Worker-79: Building] INFO  o.a.m.s.f.DefaultMavenResourcesFiltering - skip non existing resourceDirectory C:\Users\irene\eclipse-workspace\E-Comm_Appln\payment-service\src\test\resources
2025-11-09 23:23:31,966 [Worker-80: Building] INFO  o.a.m.s.f.DefaultMavenResourcesFiltering - Copying 1 resource from src\main\resources to target\classes
2025-11-09 23:23:31,979 [Worker-80: Building] INFO  o.a.m.s.f.DefaultMavenResourcesFiltering - Copying 0 resource from src\main\resources to target\classes
2025-11-09 23:23:31,985 [Worker-80: Building] INFO  o.a.m.s.f.DefaultMavenResourcesFiltering - skip non existing resourceDirectory C:\Users\irene\eclipse-workspace\E-Comm_Appln\payment-service\src\test\resources
2025-11-09 23:24:52,517 [Worker-79: Building] INFO  o.a.m.s.f.DefaultMavenResourcesFiltering - Copying 1 resource from src\main\resources to target\classes
2025-11-09 23:24:52,531 [Worker-79: Building] INFO  o.a.m.s.f.DefaultMavenResourcesFiltering - Copying 0 resource from src\main\resources to target\classes
2025-11-09 23:24:52,537 [Worker-79: Building] INFO  o.a.m.s.f.DefaultMavenResourcesFiltering - skip non existing resourceDirectory C:\Users\irene\eclipse-workspace\E-Comm_Appln\payment-service\src\test\resources
2025-11-09 23:25:25,813 [Worker-77: Building] INFO  o.a.m.s.f.DefaultMavenResourcesFiltering - Copying 1 resource from src\main\resources to target\classes
2025-11-09 23:25:25,822 [Worker-77: Building] INFO  o.a.m.s.f.DefaultMavenResourcesFiltering - Copying 0 resource from src\main\resources to target\classes
2025-11-09 23:25:25,830 [Worker-77: Building] INFO  o.a.m.s.f.DefaultMavenResourcesFiltering - skip non existing resourceDirectory C:\Users\irene\eclipse-workspace\E-Comm_Appln\payment-service\src\test\resources
2025-11-09 23:25:33,247 [Worker-77: Building] INFO  o.a.m.s.f.DefaultMavenResourcesFiltering - Copying 1 resource from src\main\resources to target\classes
2025-11-09 23:25:33,309 [Worker-77: Building] INFO  o.a.m.s.f.DefaultMavenResourcesFiltering - Copying 0 resource from src\main\resources to target\classes
2025-11-09 23:25:33,316 [Worker-77: Building] INFO  o.a.m.s.f.DefaultMavenResourcesFiltering - skip non existing resourceDirectory C:\Users\irene\eclipse-workspace\E-Comm_Appln\payment-service\src\test\resources
2025-11-09 23:25:53,656 [Worker-65: Building] INFO  o.a.m.s.f.DefaultMavenResourcesFiltering - Copying 1 resource from src\main\resources to target\classes
2025-11-09 23:25:53,663 [Worker-65: Building] INFO  o.a.m.s.f.DefaultMavenResourcesFiltering - Copying 0 resource from src\main\resources to target\classes
2025-11-09 23:25:53,671 [Worker-65: Building] INFO  o.a.m.s.f.DefaultMavenResourcesFiltering - skip non existing resourceDirectory C:\Users\irene\eclipse-workspace\E-Comm_Appln\payment-service\src\test\resources
2025-11-09 23:26:22,198 [Worker-65: Building] INFO  o.a.m.s.f.DefaultMavenResourcesFiltering - Copying 1 resource from src\main\resources to target\classes
2025-11-09 23:26:22,208 [Worker-65: Building] INFO  o.a.m.s.f.DefaultMavenResourcesFiltering - Copying 0 resource from src\main\resources to target\classes
2025-11-09 23:26:22,214 [Worker-65: Building] INFO  o.a.m.s.f.DefaultMavenResourcesFiltering - skip non existing resourceDirectory C:\Users\irene\eclipse-workspace\E-Comm_Appln\payment-service\src\test\resources
2025-11-09 23:26:59,097 [Worker-80: Building] INFO  o.a.m.s.f.DefaultMavenResourcesFiltering - Copying 1 resource from src\main\resources to target\classes
2025-11-09 23:26:59,106 [Worker-80: Building] INFO  o.a.m.s.f.DefaultMavenResourcesFiltering - Copying 0 resource from src\main\resources to target\classes
2025-11-09 23:26:59,112 [Worker-80: Building] INFO  o.a.m.s.f.DefaultMavenResourcesFiltering - skip non existing resourceDirectory C:\Users\irene\eclipse-workspace\E-Comm_Appln\payment-service\src\test\resources
2025-11-09 23:27:14,948 [Worker-79: Building] INFO  o.a.m.s.f.DefaultMavenResourcesFiltering - Copying 1 resource from src\main\resources to target\classes
2025-11-09 23:27:15,002 [Worker-79: Building] INFO  o.a.m.s.f.DefaultMavenResourcesFiltering - Copying 0 resource from src\main\resources to target\classes
2025-11-09 23:27:15,011 [Worker-79: Building] INFO  o.a.m.s.f.DefaultMavenResourcesFiltering - skip non existing resourceDirectory C:\Users\irene\eclipse-workspace\E-Comm_Appln\payment-service\src\test\resources
2025-11-09 23:29:57,289 [Worker-79: Building] INFO  o.a.m.s.f.DefaultMavenResourcesFiltering - Copying 1 resource from src\main\resources to target\classes
2025-11-09 23:29:57,299 [Worker-79: Building] INFO  o.a.m.s.f.DefaultMavenResourcesFiltering - Copying 0 resource from src\main\resources to target\classes
2025-11-09 23:29:57,305 [Worker-79: Building] INFO  o.a.m.s.f.DefaultMavenResourcesFiltering - skip non existing resourceDirectory C:\Users\irene\eclipse-workspace\E-Comm_Appln\payment-service\src\test\resources
2025-11-09 23:31:28,631 [Worker-79: Building] INFO  o.a.m.s.f.DefaultMavenResourcesFiltering - Copying 1 resource from src\main\resources to target\classes
2025-11-09 23:31:28,638 [Worker-79: Building] INFO  o.a.m.s.f.DefaultMavenResourcesFiltering - Copying 0 resource from src\main\resources to target\classes
2025-11-09 23:31:28,644 [Worker-79: Building] INFO  o.a.m.s.f.DefaultMavenResourcesFiltering - skip non existing resourceDirectory C:\Users\irene\eclipse-workspace\E-Comm_Appln\payment-service\src\test\resources
2025-11-09 23:36:06,583 [Worker-83: Building] INFO  o.a.m.s.f.DefaultMavenResourcesFiltering - Copying 1 resource from src\main\resources to target\classes
2025-11-09 23:36:06,592 [Worker-83: Building] INFO  o.a.m.s.f.DefaultMavenResourcesFiltering - Copying 0 resource from src\main\resources to target\classes
2025-11-09 23:36:06,599 [Worker-83: Building] INFO  o.a.m.s.f.DefaultMavenResourcesFiltering - skip non existing resourceDirectory C:\Users\irene\eclipse-workspace\E-Comm_Appln\payment-service\src\test\resources
2025-11-09 23:36:38,448 [Worker-84: Building] INFO  o.a.m.s.f.DefaultMavenResourcesFiltering - Copying 1 resource from src\main\resources to target\classes
2025-11-09 23:36:38,456 [Worker-84: Building] INFO  o.a.m.s.f.DefaultMavenResourcesFiltering - Copying 0 resource from src\main\resources to target\classes
2025-11-09 23:36:38,461 [Worker-84: Building] INFO  o.a.m.s.f.DefaultMavenResourcesFiltering - skip non existing resourceDirectory C:\Users\irene\eclipse-workspace\E-Comm_Appln\payment-service\src\test\resources
2025-11-09 23:36:49,664 [Worker-83: Building] INFO  o.a.m.s.f.DefaultMavenResourcesFiltering - Copying 1 resource from src\main\resources to target\classes
2025-11-09 23:36:49,670 [Worker-83: Building] INFO  o.a.m.s.f.DefaultMavenResourcesFiltering - Copying 0 resource from src\main\resources to target\classes
2025-11-09 23:36:49,675 [Worker-83: Building] INFO  o.a.m.s.f.DefaultMavenResourcesFiltering - skip non existing resourceDirectory C:\Users\irene\eclipse-workspace\E-Comm_Appln\payment-service\src\test\resources
2025-11-09 23:37:02,483 [Stop Help Server] INFO  org.eclipse.jetty.server.Server - Stopped oejs.Server@59dd6d5f{STOPPING}[12.0.6,sto=0]
2025-11-09 23:37:02,491 [Stop Help Server] INFO  o.e.jetty.server.AbstractConnector - Stopped ServerConnector@760b5b2f{HTTP/1.1, (http/1.1)}{127.0.0.1:0}
2025-11-10 21:45:51,065 [Worker-7: Loading available Gradle versions] INFO  o.e.b.c.i.u.g.PublishedGradleVersions - Gradle version information cache is out-of-date. Trying to update.
2025-11-10 21:53:24,605 [Worker-4: Building] INFO  o.e.m.c.i.p.WorkspaceClassifierResolverManager - Resolving P/order-service: com.irene:orderService:0.0.1-SNAPSHOT with classifier  to /order-service/target/classes
2025-11-10 21:53:24,607 [Worker-4: Building] INFO  o.e.m.c.i.p.WorkspaceClassifierResolverManager - Resolving P/product-service: com.irene:productService:0.0.1-SNAPSHOT with classifier  to /product-service/target/classes
2025-11-10 21:53:25,592 [Worker-4: Building] INFO  o.a.m.s.f.DefaultMavenResourcesFiltering - Copying 1 resource from src\main\resources to target\classes
2025-11-10 21:53:25,614 [Worker-4: Building] INFO  o.a.m.s.f.DefaultMavenResourcesFiltering - Copying 0 resource from src\main\resources to target\classes
2025-11-10 21:53:25,618 [Worker-4: Building] INFO  o.a.m.s.f.DefaultMavenResourcesFiltering - skip non existing resourceDirectory C:\Users\irene\eclipse-workspace\E-Comm_Appln\payment-service\src\test\resources
2025-11-10 22:25:51,145 [Start Help Server] INFO  org.eclipse.jetty.server.Server - jetty-12.0.6; built: 2024-01-30T02:43:24.387Z; git: 78ab6e6ba163f89cdd97f2ae0283fbb5e371cfaf; jvm 17.0.10+7
2025-11-10 22:25:51,192 [Start Help Server] INFO  o.e.j.server.handler.ContextHandler - Started oeje8n.ContextHandler$CoreContextHandler@2ab81c27{/help,/help,b=null,a=AVAILABLE,h=oeje8n.ContextHandler$CoreContextHandler$CoreToNestedHandler@43aa8dc9{STARTED}}
2025-11-10 22:25:51,193 [Start Help Server] INFO  o.e.j.s.DefaultSessionIdManager - Session workerName=node0
2025-11-10 22:25:51,224 [Start Help Server] INFO  o.e.jetty.server.AbstractConnector - Started ServerConnector@3be35d34{HTTP/1.1, (http/1.1)}{127.0.0.1:51430}
2025-11-10 22:25:51,256 [Start Help Server] INFO  org.eclipse.jetty.server.Server - Started oejs.Server@1cea9ed0{STARTING}[12.0.6,sto=0] @4954371ms
2025-11-10 22:26:24,866 [Worker-37: Building] INFO  o.a.m.s.f.DefaultMavenResourcesFiltering - Copying 1 resource from src\main\resources to target\classes
2025-11-10 22:26:24,878 [Worker-37: Building] INFO  o.a.m.s.f.DefaultMavenResourcesFiltering - Copying 0 resource from src\main\resources to target\classes
2025-11-10 22:26:24,881 [Worker-37: Building] INFO  o.a.m.s.f.DefaultMavenResourcesFiltering - skip non existing resourceDirectory C:\Users\irene\eclipse-workspace\E-Comm_Appln\payment-service\src\test\resources
2025-11-10 22:47:29,713 [Worker-40: Building] INFO  o.a.m.s.f.DefaultMavenResourcesFiltering - Copying 1 resource from src\main\resources to target\classes
2025-11-10 22:47:29,722 [Worker-40: Building] INFO  o.a.m.s.f.DefaultMavenResourcesFiltering - Copying 0 resource from src\main\resources to target\classes
2025-11-10 22:47:29,725 [Worker-40: Building] INFO  o.a.m.s.f.DefaultMavenResourcesFiltering - skip non existing resourceDirectory C:\Users\irene\eclipse-workspace\E-Comm_Appln\payment-service\src\test\resources
2025-11-10 22:48:23,957 [Worker-41: Building] INFO  o.a.m.s.f.DefaultMavenResourcesFiltering - Copying 1 resource from src\main\resources to target\classes
2025-11-10 22:48:23,961 [Worker-41: Building] INFO  o.a.m.s.f.DefaultMavenResourcesFiltering - Copying 0 resource from src\main\resources to target\classes
2025-11-10 22:48:23,964 [Worker-41: Building] INFO  o.a.m.s.f.DefaultMavenResourcesFiltering - skip non existing resourceDirectory C:\Users\irene\eclipse-workspace\E-Comm_Appln\payment-service\src\test\resources
2025-11-10 22:48:28,456 [Worker-40: Building] INFO  o.a.m.s.f.DefaultMavenResourcesFiltering - Copying 1 resource from src\main\resources to target\classes
2025-11-10 22:48:28,459 [Worker-40: Building] INFO  o.a.m.s.f.DefaultMavenResourcesFiltering - Copying 0 resource from src\main\resources to target\classes
2025-11-10 22:48:28,462 [Worker-40: Building] INFO  o.a.m.s.f.DefaultMavenResourcesFiltering - skip non existing resourceDirectory C:\Users\irene\eclipse-workspace\E-Comm_Appln\payment-service\src\test\resources
2025-11-10 22:48:38,935 [Worker-38: Building] INFO  o.a.m.s.f.DefaultMavenResourcesFiltering - Copying 1 resource from src\main\resources to target\classes
2025-11-10 22:48:38,938 [Worker-38: Building] INFO  o.a.m.s.f.DefaultMavenResourcesFiltering - Copying 0 resource from src\main\resources to target\classes
2025-11-10 22:48:38,941 [Worker-38: Building] INFO  o.a.m.s.f.DefaultMavenResourcesFiltering - skip non existing resourceDirectory C:\Users\irene\eclipse-workspace\E-Comm_Appln\payment-service\src\test\resources
2025-11-10 22:48:56,456 [Worker-38: Building] INFO  o.a.m.s.f.DefaultMavenResourcesFiltering - Copying 1 resource from src\main\resources to target\classes
2025-11-10 22:48:56,462 [Worker-38: Building] INFO  o.a.m.s.f.DefaultMavenResourcesFiltering - Copying 0 resource from src\main\resources to target\classes
2025-11-10 22:48:56,468 [Worker-38: Building] INFO  o.a.m.s.f.DefaultMavenResourcesFiltering - skip non existing resourceDirectory C:\Users\irene\eclipse-workspace\E-Comm_Appln\payment-service\src\test\resources
2025-11-10 22:49:58,111 [Worker-42: Building] INFO  o.a.m.s.f.DefaultMavenResourcesFiltering - Copying 1 resource from src\main\resources to target\classes
2025-11-10 22:49:58,120 [Worker-42: Building] INFO  o.a.m.s.f.DefaultMavenResourcesFiltering - Copying 0 resource from src\main\resources to target\classes
2025-11-10 22:49:58,128 [Worker-42: Building] INFO  o.a.m.s.f.DefaultMavenResourcesFiltering - skip non existing resourceDirectory C:\Users\irene\eclipse-workspace\E-Comm_Appln\payment-service\src\test\resources
2025-11-10 22:50:09,647 [Worker-38: Building] INFO  o.a.m.s.f.DefaultMavenResourcesFiltering - Copying 1 resource from src\main\resources to target\classes
2025-11-10 22:50:09,655 [Worker-38: Building] INFO  o.a.m.s.f.DefaultMavenResourcesFiltering - Copying 0 resource from src\main\resources to target\classes
2025-11-10 22:50:09,663 [Worker-38: Building] INFO  o.a.m.s.f.DefaultMavenResourcesFiltering - skip non existing resourceDirectory C:\Users\irene\eclipse-workspace\E-Comm_Appln\payment-service\src\test\resources
2025-11-10 22:50:19,097 [Worker-42: Building] INFO  o.a.m.s.f.DefaultMavenResourcesFiltering - Copying 1 resource from src\main\resources to target\classes
2025-11-10 22:50:19,105 [Worker-42: Building] INFO  o.a.m.s.f.DefaultMavenResourcesFiltering - Copying 0 resource from src\main\resources to target\classes
2025-11-10 22:50:19,110 [Worker-42: Building] INFO  o.a.m.s.f.DefaultMavenResourcesFiltering - skip non existing resourceDirectory C:\Users\irene\eclipse-workspace\E-Comm_Appln\payment-service\src\test\resources
2025-11-10 22:50:58,152 [Worker-40: Building] INFO  o.a.m.s.f.DefaultMavenResourcesFiltering - Copying 1 resource from src\main\resources to target\classes
2025-11-10 22:50:58,160 [Worker-40: Building] INFO  o.a.m.s.f.DefaultMavenResourcesFiltering - Copying 0 resource from src\main\resources to target\classes
2025-11-10 22:50:58,168 [Worker-40: Building] INFO  o.a.m.s.f.DefaultMavenResourcesFiltering - skip non existing resourceDirectory C:\Users\irene\eclipse-workspace\E-Comm_Appln\payment-service\src\test\resources
2025-11-10 22:51:09,743 [Worker-39: Building] INFO  o.a.m.s.f.DefaultMavenResourcesFiltering - Copying 1 resource from src\main\resources to target\classes
2025-11-10 22:51:09,751 [Worker-39: Building] INFO  o.a.m.s.f.DefaultMavenResourcesFiltering - Copying 0 resource from src\main\resources to target\classes
2025-11-10 22:51:09,756 [Worker-39: Building] INFO  o.a.m.s.f.DefaultMavenResourcesFiltering - skip non existing resourceDirectory C:\Users\irene\eclipse-workspace\E-Comm_Appln\payment-service\src\test\resources
2025-11-10 22:51:26,739 [Worker-42: Building] INFO  o.a.m.s.f.DefaultMavenResourcesFiltering - Copying 1 resource from src\main\resources to target\classes
2025-11-10 22:51:26,746 [Worker-42: Building] INFO  o.a.m.s.f.DefaultMavenResourcesFiltering - Copying 0 resource from src\main\resources to target\classes
2025-11-10 22:51:26,753 [Worker-42: Building] INFO  o.a.m.s.f.DefaultMavenResourcesFiltering - skip non existing resourceDirectory C:\Users\irene\eclipse-workspace\E-Comm_Appln\payment-service\src\test\resources
2025-11-10 22:51:40,980 [Worker-43: Building] INFO  o.a.m.s.f.DefaultMavenResourcesFiltering - Copying 1 resource from src\main\resources to target\classes
2025-11-10 22:51:40,989 [Worker-43: Building] INFO  o.a.m.s.f.DefaultMavenResourcesFiltering - Copying 0 resource from src\main\resources to target\classes
2025-11-10 22:51:40,994 [Worker-43: Building] INFO  o.a.m.s.f.DefaultMavenResourcesFiltering - skip non existing resourceDirectory C:\Users\irene\eclipse-workspace\E-Comm_Appln\payment-service\src\test\resources
2025-11-10 22:55:43,600 [Worker-45: Building] INFO  o.a.m.s.f.DefaultMavenResourcesFiltering - Copying 1 resource from src\main\resources to target\classes
2025-11-10 22:55:43,607 [Worker-45: Building] INFO  o.a.m.s.f.DefaultMavenResourcesFiltering - Copying 0 resource from src\main\resources to target\classes
2025-11-10 22:55:43,614 [Worker-45: Building] INFO  o.a.m.s.f.DefaultMavenResourcesFiltering - skip non existing resourceDirectory C:\Users\irene\eclipse-workspace\E-Comm_Appln\payment-service\src\test\resources
2025-11-10 23:01:32,488 [Worker-47: Building] INFO  o.a.m.s.f.DefaultMavenResourcesFiltering - Copying 1 resource from src\main\resources to target\classes
2025-11-10 23:01:32,497 [Worker-47: Building] INFO  o.a.m.s.f.DefaultMavenResourcesFiltering - Copying 0 resource from src\main\resources to target\classes
2025-11-10 23:01:32,502 [Worker-47: Building] INFO  o.a.m.s.f.DefaultMavenResourcesFiltering - skip non existing resourceDirectory C:\Users\irene\eclipse-workspace\E-Comm_Appln\payment-service\src\test\resources
2025-11-10 23:04:26,432 [Stop Help Server] INFO  org.eclipse.jetty.server.Server - Stopped oejs.Server@1cea9ed0{STOPPING}[12.0.6,sto=0]
2025-11-10 23:04:26,440 [Stop Help Server] INFO  o.e.jetty.server.AbstractConnector - Stopped ServerConnector@3be35d34{HTTP/1.1, (http/1.1)}{127.0.0.1:0}
2025-11-14 20:56:03,552 [Worker-6: Loading available Gradle versions] INFO  o.e.b.c.i.u.g.PublishedGradleVersions - Gradle version information cache is out-of-date. Trying to update.
2025-11-14 20:58:19,841 [Start Help Server] INFO  org.eclipse.jetty.server.Server - jetty-12.0.6; built: 2024-01-30T02:43:24.387Z; git: 78ab6e6ba163f89cdd97f2ae0283fbb5e371cfaf; jvm 17.0.10+7
2025-11-14 20:58:19,943 [Start Help Server] INFO  o.e.j.server.handler.ContextHandler - Started oeje8n.ContextHandler$CoreContextHandler@73a5e9fc{/help,/help,b=null,a=AVAILABLE,h=oeje8n.ContextHandler$CoreContextHandler$CoreToNestedHandler@15ff8d6f{STARTED}}
2025-11-14 20:58:19,944 [Start Help Server] INFO  o.e.j.s.DefaultSessionIdManager - Session workerName=node0
2025-11-14 20:58:20,011 [Start Help Server] INFO  o.e.jetty.server.AbstractConnector - Started ServerConnector@63402296{HTTP/1.1, (http/1.1)}{127.0.0.1:50560}
2025-11-14 20:58:20,075 [Start Help Server] INFO  org.eclipse.jetty.server.Server - Started oejs.Server@76699884{STARTING}[12.0.6,sto=0] @297979ms
2025-11-14 21:00:09,884 [Worker-3: Building] INFO  o.e.m.c.i.p.WorkspaceClassifierResolverManager - Resolving P/order-service: com.irene:orderService:0.0.1-SNAPSHOT with classifier  to /order-service/target/classes
2025-11-14 21:00:09,885 [Worker-3: Building] INFO  o.e.m.c.i.p.WorkspaceClassifierResolverManager - Resolving P/product-service: com.irene:productService:0.0.1-SNAPSHOT with classifier  to /product-service/target/classes
2025-11-14 21:00:10,533 [Worker-3: Building] INFO  o.a.m.s.f.DefaultMavenResourcesFiltering - Copying 1 resource from src\main\resources to target\classes
2025-11-14 21:00:10,567 [Worker-3: Building] INFO  o.a.m.s.f.DefaultMavenResourcesFiltering - Copying 0 resource from src\main\resources to target\classes
2025-11-14 21:00:10,577 [Worker-3: Building] INFO  o.a.m.s.f.DefaultMavenResourcesFiltering - skip non existing resourceDirectory C:\Users\irene\eclipse-workspace\E-Comm_Appln\payment-service\src\test\resources
2025-11-14 21:04:10,820 [Worker-35: Building] INFO  o.a.m.s.f.DefaultMavenResourcesFiltering - Copying 1 resource from src\main\resources to target\classes
2025-11-14 21:04:10,831 [Worker-35: Building] INFO  o.a.m.s.f.DefaultMavenResourcesFiltering - Copying 0 resource from src\main\resources to target\classes
2025-11-14 21:04:10,839 [Worker-35: Building] INFO  o.a.m.s.f.DefaultMavenResourcesFiltering - skip non existing resourceDirectory C:\Users\irene\eclipse-workspace\E-Comm_Appln\payment-service\src\test\resources
2025-11-14 21:04:53,641 [Worker-32: Building] INFO  o.a.m.s.f.DefaultMavenResourcesFiltering - Copying 1 resource from src\main\resources to target\classes
2025-11-14 21:04:53,653 [Worker-32: Building] INFO  o.a.m.s.f.DefaultMavenResourcesFiltering - Copying 0 resource from src\main\resources to target\classes
2025-11-14 21:04:53,660 [Worker-32: Building] INFO  o.a.m.s.f.DefaultMavenResourcesFiltering - skip non existing resourceDirectory C:\Users\irene\eclipse-workspace\E-Comm_Appln\payment-service\src\test\resources
2025-11-14 21:09:20,647 [Worker-39: Building] INFO  o.a.m.s.f.DefaultMavenResourcesFiltering - Copying 1 resource from src\main\resources to target\classes
2025-11-14 21:09:20,736 [Worker-39: Building] INFO  o.a.m.s.f.DefaultMavenResourcesFiltering - Copying 0 resource from src\main\resources to target\classes
2025-11-14 21:09:20,741 [Worker-39: Building] INFO  o.a.m.s.f.DefaultMavenResourcesFiltering - skip non existing resourceDirectory C:\Users\irene\eclipse-workspace\E-Comm_Appln\payment-service\src\test\resources
2025-11-14 21:10:06,194 [Worker-39: Building] INFO  o.a.m.s.f.DefaultMavenResourcesFiltering - Copying 1 resource from src\main\resources to target\classes
2025-11-14 21:10:06,200 [Worker-39: Building] INFO  o.a.m.s.f.DefaultMavenResourcesFiltering - Copying 0 resource from src\main\resources to target\classes
2025-11-14 21:10:06,205 [Worker-39: Building] INFO  o.a.m.s.f.DefaultMavenResourcesFiltering - skip non existing resourceDirectory C:\Users\irene\eclipse-workspace\E-Comm_Appln\payment-service\src\test\resources
2025-11-14 21:12:46,986 [Worker-38: Building] INFO  o.a.m.s.f.DefaultMavenResourcesFiltering - Copying 1 resource from src\main\resources to target\classes
2025-11-14 21:12:46,995 [Worker-38: Building] INFO  o.a.m.s.f.DefaultMavenResourcesFiltering - Copying 0 resource from src\main\resources to target\classes
2025-11-14 21:12:47,001 [Worker-38: Building] INFO  o.a.m.s.f.DefaultMavenResourcesFiltering - skip non existing resourceDirectory C:\Users\irene\eclipse-workspace\E-Comm_Appln\payment-service\src\test\resources
2025-11-14 21:12:56,412 [Worker-39: Building] INFO  o.a.m.s.f.DefaultMavenResourcesFiltering - Copying 1 resource from src\main\resources to target\classes
2025-11-14 21:12:56,418 [Worker-39: Building] INFO  o.a.m.s.f.DefaultMavenResourcesFiltering - Copying 0 resource from src\main\resources to target\classes
2025-11-14 21:12:56,425 [Worker-39: Building] INFO  o.a.m.s.f.DefaultMavenResourcesFiltering - skip non existing resourceDirectory C:\Users\irene\eclipse-workspace\E-Comm_Appln\payment-service\src\test\resources
2025-11-14 21:14:09,010 [Worker-36: Building] INFO  o.a.m.s.f.DefaultMavenResourcesFiltering - Copying 1 resource from src\main\resources to target\classes
2025-11-14 21:14:09,017 [Worker-36: Building] INFO  o.a.m.s.f.DefaultMavenResourcesFiltering - Copying 0 resource from src\main\resources to target\classes
2025-11-14 21:14:09,027 [Worker-36: Building] INFO  o.a.m.s.f.DefaultMavenResourcesFiltering - skip non existing resourceDirectory C:\Users\irene\eclipse-workspace\E-Comm_Appln\payment-service\src\test\resources
2025-11-14 21:14:26,788 [Worker-41: Building] INFO  o.a.m.s.f.DefaultMavenResourcesFiltering - Copying 1 resource from src\main\resources to target\classes
2025-11-14 21:14:26,795 [Worker-41: Building] INFO  o.a.m.s.f.DefaultMavenResourcesFiltering - Copying 0 resource from src\main\resources to target\classes
2025-11-14 21:14:26,802 [Worker-41: Building] INFO  o.a.m.s.f.DefaultMavenResourcesFiltering - skip non existing resourceDirectory C:\Users\irene\eclipse-workspace\E-Comm_Appln\payment-service\src\test\resources
2025-11-14 21:14:41,896 [Worker-36: Building] INFO  o.a.m.s.f.DefaultMavenResourcesFiltering - Copying 1 resource from src\main\resources to target\classes
2025-11-14 21:14:41,906 [Worker-36: Building] INFO  o.a.m.s.f.DefaultMavenResourcesFiltering - Copying 0 resource from src\main\resources to target\classes
2025-11-14 21:14:41,912 [Worker-36: Building] INFO  o.a.m.s.f.DefaultMavenResourcesFiltering - skip non existing resourceDirectory C:\Users\irene\eclipse-workspace\E-Comm_Appln\payment-service\src\test\resources
2025-11-14 21:49:21,014 [Worker-46: Building] INFO  o.e.m.c.i.p.WorkspaceClassifierResolverManager - Resolving P/product-service: com.irene:productService:0.0.1-SNAPSHOT with classifier  to /product-service/target/classes
2025-11-14 21:49:22,361 [Worker-46: Building] INFO  o.a.m.s.f.DefaultMavenResourcesFiltering - Copying 1 resource from src\main\resources to target\classes
2025-11-14 21:49:22,397 [Worker-46: Building] INFO  o.a.m.s.f.DefaultMavenResourcesFiltering - Copying 0 resource from src\main\resources to target\classes
2025-11-14 21:49:22,402 [Worker-46: Building] INFO  o.a.m.s.f.DefaultMavenResourcesFiltering - skip non existing resourceDirectory C:\Users\irene\eclipse-workspace\E-Comm_Appln\order-service\src\test\resources
2025-11-14 21:49:23,286 [Worker-41: Building] INFO  o.a.m.s.f.DefaultMavenResourcesFiltering - Copying 1 resource from src\main\resources to target\classes
2025-11-14 21:49:23,291 [Worker-41: Building] INFO  o.a.m.s.f.DefaultMavenResourcesFiltering - Copying 0 resource from src\main\resources to target\classes
2025-11-14 21:49:23,296 [Worker-41: Building] INFO  o.a.m.s.f.DefaultMavenResourcesFiltering - skip non existing resourceDirectory C:\Users\irene\eclipse-workspace\E-Comm_Appln\order-service\src\test\resources
2025-11-14 21:49:28,605 [Worker-41: Building] INFO  o.a.m.s.f.DefaultMavenResourcesFiltering - Copying 1 resource from src\main\resources to target\classes
2025-11-14 21:49:28,612 [Worker-41: Building] INFO  o.a.m.s.f.DefaultMavenResourcesFiltering - Copying 0 resource from src\main\resources to target\classes
2025-11-14 21:49:28,617 [Worker-41: Building] INFO  o.a.m.s.f.DefaultMavenResourcesFiltering - skip non existing resourceDirectory C:\Users\irene\eclipse-workspace\E-Comm_Appln\order-service\src\test\resources
2025-11-14 21:57:36,548 [Worker-51: Building] INFO  o.a.m.s.f.DefaultMavenResourcesFiltering - Copying 1 resource from src\main\resources to target\classes
2025-11-14 21:57:36,557 [Worker-51: Building] INFO  o.a.m.s.f.DefaultMavenResourcesFiltering - Copying 0 resource from src\main\resources to target\classes
2025-11-14 21:57:36,563 [Worker-51: Building] INFO  o.a.m.s.f.DefaultMavenResourcesFiltering - skip non existing resourceDirectory C:\Users\irene\eclipse-workspace\E-Comm_Appln\payment-service\src\test\resources
2025-11-14 21:57:49,820 [Worker-46: Building] INFO  o.a.m.s.f.DefaultMavenResourcesFiltering - Copying 1 resource from src\main\resources to target\classes
2025-11-14 21:57:49,845 [Worker-46: Building] INFO  o.a.m.s.f.DefaultMavenResourcesFiltering - Copying 0 resource from src\main\resources to target\classes
2025-11-14 21:57:49,850 [Worker-46: Building] INFO  o.a.m.s.f.DefaultMavenResourcesFiltering - skip non existing resourceDirectory C:\Users\irene\eclipse-workspace\E-Comm_Appln\product-service\src\test\resources
2025-11-14 21:57:58,116 [Worker-41: Building] INFO  o.a.m.s.f.DefaultMavenResourcesFiltering - Copying 1 resource from src\main\resources to target\classes
2025-11-14 21:57:58,125 [Worker-41: Building] INFO  o.a.m.s.f.DefaultMavenResourcesFiltering - Copying 0 resource from src\main\resources to target\classes
2025-11-14 21:57:58,132 [Worker-41: Building] INFO  o.a.m.s.f.DefaultMavenResourcesFiltering - skip non existing resourceDirectory C:\Users\irene\eclipse-workspace\E-Comm_Appln\product-service\src\test\resources
2025-11-14 21:58:54,360 [Worker-46: Building] INFO  o.a.m.s.f.DefaultMavenResourcesFiltering - Copying 1 resource from src\main\resources to target\classes
2025-11-14 21:58:54,368 [Worker-46: Building] INFO  o.a.m.s.f.DefaultMavenResourcesFiltering - Copying 0 resource from src\main\resources to target\classes
2025-11-14 21:58:54,375 [Worker-46: Building] INFO  o.a.m.s.f.DefaultMavenResourcesFiltering - skip non existing resourceDirectory C:\Users\irene\eclipse-workspace\E-Comm_Appln\product-service\src\test\resources
2025-11-14 21:59:01,596 [Worker-41: Building] INFO  o.a.m.s.f.DefaultMavenResourcesFiltering - Copying 1 resource from src\main\resources to target\classes
2025-11-14 21:59:01,603 [Worker-41: Building] INFO  o.a.m.s.f.DefaultMavenResourcesFiltering - Copying 0 resource from src\main\resources to target\classes
2025-11-14 21:59:01,610 [Worker-41: Building] INFO  o.a.m.s.f.DefaultMavenResourcesFiltering - skip non existing resourceDirectory C:\Users\irene\eclipse-workspace\E-Comm_Appln\product-service\src\test\resources
2025-11-14 21:59:04,398 [Worker-41: Building] INFO  o.a.m.s.f.DefaultMavenResourcesFiltering - Copying 1 resource from src\main\resources to target\classes
2025-11-14 21:59:04,406 [Worker-41: Building] INFO  o.a.m.s.f.DefaultMavenResourcesFiltering - Copying 0 resource from src\main\resources to target\classes
2025-11-14 21:59:04,411 [Worker-41: Building] INFO  o.a.m.s.f.DefaultMavenResourcesFiltering - skip non existing resourceDirectory C:\Users\irene\eclipse-workspace\E-Comm_Appln\product-service\src\test\resources
2025-11-14 21:59:14,094 [Worker-46: Building] INFO  o.a.m.s.f.DefaultMavenResourcesFiltering - Copying 1 resource from src\main\resources to target\classes
2025-11-14 21:59:14,102 [Worker-46: Building] INFO  o.a.m.s.f.DefaultMavenResourcesFiltering - Copying 0 resource from src\main\resources to target\classes
2025-11-14 21:59:14,108 [Worker-46: Building] INFO  o.a.m.s.f.DefaultMavenResourcesFiltering - skip non existing resourceDirectory C:\Users\irene\eclipse-workspace\E-Comm_Appln\product-service\src\test\resources
2025-11-14 22:00:35,398 [Worker-41: Building] INFO  o.a.m.s.f.DefaultMavenResourcesFiltering - Copying 1 resource from src\main\resources to target\classes
2025-11-14 22:00:35,410 [Worker-41: Building] INFO  o.a.m.s.f.DefaultMavenResourcesFiltering - Copying 0 resource from src\main\resources to target\classes
2025-11-14 22:00:35,415 [Worker-41: Building] INFO  o.a.m.s.f.DefaultMavenResourcesFiltering - skip non existing resourceDirectory C:\Users\irene\eclipse-workspace\E-Comm_Appln\product-service\src\test\resources
2025-11-14 22:00:35,890 [Worker-41: Building] INFO  o.a.m.s.f.DefaultMavenResourcesFiltering - Copying 1 resource from src\main\resources to target\classes
2025-11-14 22:00:35,901 [Worker-41: Building] INFO  o.a.m.s.f.DefaultMavenResourcesFiltering - Copying 0 resource from src\main\resources to target\classes
2025-11-14 22:00:35,905 [Worker-41: Building] INFO  o.a.m.s.f.DefaultMavenResourcesFiltering - skip non existing resourceDirectory C:\Users\irene\eclipse-workspace\E-Comm_Appln\order-service\src\test\resources
2025-11-14 22:00:36,255 [Worker-41: Building] INFO  o.a.m.s.f.DefaultMavenResourcesFiltering - Copying 1 resource from src\main\resources to target\classes
2025-11-14 22:00:36,259 [Worker-41: Building] INFO  o.a.m.s.f.DefaultMavenResourcesFiltering - Copying 0 resource from src\main\resources to target\classes
2025-11-14 22:00:36,263 [Worker-41: Building] INFO  o.a.m.s.f.DefaultMavenResourcesFiltering - skip non existing resourceDirectory C:\Users\irene\eclipse-workspace\E-Comm_Appln\payment-service\src\test\resources
2025-11-14 22:00:43,239 [Worker-53: Building] INFO  o.a.m.s.f.DefaultMavenResourcesFiltering - Copying 1 resource from src\main\resources to target\classes
2025-11-14 22:00:43,376 [Worker-53: Building] INFO  o.a.m.s.f.DefaultMavenResourcesFiltering - Copying 0 resource from src\main\resources to target\classes
2025-11-14 22:00:43,382 [Worker-53: Building] INFO  o.a.m.s.f.DefaultMavenResourcesFiltering - skip non existing resourceDirectory C:\Users\irene\eclipse-workspace\E-Comm_Appln\service-registry\src\test\resources
2025-11-14 22:01:02,551 [Stop Help Server] INFO  org.eclipse.jetty.server.Server - Stopped oejs.Server@76699884{STOPPING}[12.0.6,sto=0]
2025-11-14 22:01:02,564 [Stop Help Server] INFO  o.e.jetty.server.AbstractConnector - Stopped ServerConnector@63402296{HTTP/1.1, (http/1.1)}{127.0.0.1:0}
2025-11-14 22:02:36,848 [Worker-8: Loading available Gradle versions] INFO  o.e.b.c.i.u.g.PublishedGradleVersions - Gradle version information cache is up-to-date. Trying to read.
2025-11-14 22:03:55,212 [Worker-1: Building] INFO  o.a.m.s.f.DefaultMavenResourcesFiltering - Copying 1 resource from src\main\resources to target\classes
2025-11-14 22:03:55,247 [Worker-1: Building] INFO  o.a.m.s.f.DefaultMavenResourcesFiltering - Copying 0 resource from src\main\resources to target\classes
2025-11-14 22:03:55,258 [Worker-1: Building] INFO  o.a.m.s.f.DefaultMavenResourcesFiltering - skip non existing resourceDirectory C:\Users\irene\eclipse-workspace\E-Comm_Appln\product-service\src\test\resources
2025-11-14 22:03:58,145 [Worker-4: Building] INFO  o.a.m.s.f.DefaultMavenResourcesFiltering - Copying 1 resource from src\main\resources to target\classes
2025-11-14 22:03:58,151 [Worker-4: Building] INFO  o.a.m.s.f.DefaultMavenResourcesFiltering - Copying 0 resource from src\main\resources to target\classes
2025-11-14 22:03:58,157 [Worker-4: Building] INFO  o.a.m.s.f.DefaultMavenResourcesFiltering - skip non existing resourceDirectory C:\Users\irene\eclipse-workspace\E-Comm_Appln\product-service\src\test\resources
2025-11-14 22:04:42,974 [Worker-23: Building] INFO  o.e.m.c.i.p.WorkspaceClassifierResolverManager - Resolving P/order-service: com.irene:orderService:0.0.1-SNAPSHOT with classifier  to /order-service/target/classes
2025-11-14 22:04:42,975 [Worker-23: Building] INFO  o.e.m.c.i.p.WorkspaceClassifierResolverManager - Resolving P/product-service: com.irene:productService:0.0.1-SNAPSHOT with classifier  to /product-service/target/classes
2025-11-14 22:04:43,238 [Worker-23: Building] INFO  o.a.m.s.f.DefaultMavenResourcesFiltering - Copying 1 resource from src\main\resources to target\classes
2025-11-14 22:04:43,278 [Worker-23: Building] INFO  o.a.m.s.f.DefaultMavenResourcesFiltering - Copying 0 resource from src\main\resources to target\classes
2025-11-14 22:04:43,286 [Worker-23: Building] INFO  o.a.m.s.f.DefaultMavenResourcesFiltering - skip non existing resourceDirectory C:\Users\irene\eclipse-workspace\E-Comm_Appln\payment-service\src\test\resources
2025-11-14 22:04:52,669 [Worker-10: Building] INFO  o.a.m.s.f.DefaultMavenResourcesFiltering - Copying 1 resource from src\main\resources to target\classes
2025-11-14 22:04:52,676 [Worker-10: Building] INFO  o.a.m.s.f.DefaultMavenResourcesFiltering - Copying 0 resource from src\main\resources to target\classes
2025-11-14 22:04:52,684 [Worker-10: Building] INFO  o.a.m.s.f.DefaultMavenResourcesFiltering - skip non existing resourceDirectory C:\Users\irene\eclipse-workspace\E-Comm_Appln\payment-service\src\test\resources
2025-11-14 22:05:44,692 [Start Help Server] INFO  org.eclipse.jetty.server.Server - jetty-12.0.6; built: 2024-01-30T02:43:24.387Z; git: 78ab6e6ba163f89cdd97f2ae0283fbb5e371cfaf; jvm 17.0.10+7
2025-11-14 22:05:44,809 [Start Help Server] INFO  o.e.j.server.handler.ContextHandler - Started oeje8n.ContextHandler$CoreContextHandler@5fbbf07c{/help,/help,b=null,a=AVAILABLE,h=oeje8n.ContextHandler$CoreContextHandler$CoreToNestedHandler@7626c6fe{STARTED}}
2025-11-14 22:05:44,810 [Start Help Server] INFO  o.e.j.s.DefaultSessionIdManager - Session workerName=node0
2025-11-14 22:05:44,864 [Start Help Server] INFO  o.e.jetty.server.AbstractConnector - Started ServerConnector@6724ef98{HTTP/1.1, (http/1.1)}{127.0.0.1:64948}
2025-11-14 22:05:44,918 [Start Help Server] INFO  org.eclipse.jetty.server.Server - Started oejs.Server@19eb8310{STARTING}[12.0.6,sto=0] @277994ms
2025-11-14 23:03:49,722 [Worker-38: Building] INFO  o.a.m.s.f.DefaultMavenResourcesFiltering - Copying 1 resource from src\main\resources to target\classes
2025-11-14 23:03:49,785 [Worker-38: Building] INFO  o.a.m.s.f.DefaultMavenResourcesFiltering - Copying 0 resource from src\main\resources to target\classes
2025-11-14 23:03:49,793 [Worker-38: Building] INFO  o.a.m.s.f.DefaultMavenResourcesFiltering - skip non existing resourceDirectory C:\Users\irene\eclipse-workspace\E-Comm_Appln\payment-service\src\test\resources
2025-11-14 23:03:56,620 [Worker-10: Building] INFO  o.a.m.s.f.DefaultMavenResourcesFiltering - Copying 1 resource from src\main\resources to target\classes
2025-11-14 23:03:56,659 [Worker-10: Building] INFO  o.a.m.s.f.DefaultMavenResourcesFiltering - Copying 0 resource from src\main\resources to target\classes
2025-11-14 23:03:56,667 [Worker-10: Building] INFO  o.a.m.s.f.DefaultMavenResourcesFiltering - skip non existing resourceDirectory C:\Users\irene\eclipse-workspace\E-Comm_Appln\payment-service\src\test\resources
2025-11-14 23:05:56,837 [Worker-38: Building] INFO  o.e.m.c.i.p.WorkspaceClassifierResolverManager - Resolving P/order-service: com.irene:orderService:0.0.1-SNAPSHOT with classifier  to /order-service/target/classes
2025-11-14 23:05:56,837 [Worker-38: Building] INFO  o.e.m.c.i.p.WorkspaceClassifierResolverManager - Resolving P/product-service: com.irene:productService:0.0.1-SNAPSHOT with classifier  to /product-service/target/classes
2025-11-14 23:05:59,496 [Worker-38: Building] INFO  o.e.m.c.i.l.LifecycleMappingFactory - Using org.eclipse.m2e.jdt.JarLifecycleMapping lifecycle mapping for MavenProject: com.irene:paymentService:0.0.1-SNAPSHOT @ C:\Users\irene\eclipse-workspace\E-Comm_Appln\payment-service\pom.xml.
2025-11-14 23:05:59,773 [Worker-38: Building] INFO  o.e.m.c.i.p.WorkspaceClassifierResolverManager - Resolving P/order-service: com.irene:orderService:0.0.1-SNAPSHOT with classifier  to /order-service/target/classes
2025-11-14 23:05:59,773 [Worker-38: Building] INFO  o.e.m.c.i.p.WorkspaceClassifierResolverManager - Resolving P/product-service: com.irene:productService:0.0.1-SNAPSHOT with classifier  to /product-service/target/classes
2025-11-14 23:06:01,232 [Worker-38: Building] INFO  o.e.m.c.i.p.WorkspaceClassifierResolverManager - Resolving P/product-service: com.irene:productService:0.0.1-SNAPSHOT with classifier  to /product-service/target/classes
2025-11-14 23:06:01,433 [Worker-38: Building] INFO  o.e.m.c.i.l.LifecycleMappingFactory - Using org.eclipse.m2e.jdt.JarLifecycleMapping lifecycle mapping for MavenProject: com.irene:orderService:0.0.1-SNAPSHOT @ C:\Users\irene\eclipse-workspace\E-Comm_Appln\order-service\pom.xml.
2025-11-14 23:06:01,693 [Worker-38: Building] INFO  o.e.m.c.i.p.WorkspaceClassifierResolverManager - Resolving P/product-service: com.irene:productService:0.0.1-SNAPSHOT with classifier  to /product-service/target/classes
2025-11-14 23:06:11,396 [Worker-38: Building] INFO  o.a.m.s.f.DefaultMavenResourcesFiltering - Copying 0 resource from src\main\resources to target\classes
2025-11-14 23:06:11,398 [Worker-38: Building] INFO  o.a.m.s.f.DefaultMavenResourcesFiltering - Copying 0 resource from src\main\resources to target\classes
2025-11-14 23:06:11,404 [Worker-38: Building] INFO  o.a.m.s.f.DefaultMavenResourcesFiltering - skip non existing resourceDirectory C:\Users\irene\eclipse-workspace\E-Comm_Appln\payment-service\src\test\resources
2025-11-14 23:08:07,338 [Worker-39: Building] INFO  o.a.m.s.f.DefaultMavenResourcesFiltering - Copying 1 resource from src\main\resources to target\classes
2025-11-14 23:08:07,420 [Worker-39: Building] INFO  o.a.m.s.f.DefaultMavenResourcesFiltering - Copying 0 resource from src\main\resources to target\classes
2025-11-14 23:08:07,428 [Worker-39: Building] INFO  o.a.m.s.f.DefaultMavenResourcesFiltering - skip non existing resourceDirectory C:\Users\irene\eclipse-workspace\E-Comm_Appln\payment-service\src\test\resources
2025-11-14 23:13:33,562 [Worker-41: Launching OrderServiceApplication] INFO  o.e.m.c.i.p.WorkspaceClassifierResolverManager - Resolving P/product-service: com.irene:productService:0.0.1-SNAPSHOT with classifier null to /product-service/target/classes
2025-11-14 23:13:34,100 [Worker-41: Launching OrderServiceApplication] INFO  o.e.m.c.i.p.WorkspaceClassifierResolverManager - Resolving P/product-service: com.irene:productService:0.0.1-SNAPSHOT with classifier null to /product-service/target/classes
2025-11-14 23:13:34,639 [Worker-41: Launching OrderServiceApplication] INFO  o.e.m.c.i.p.WorkspaceClassifierResolverManager - Resolving P/product-service: com.irene:productService:0.0.1-SNAPSHOT with classifier null to /product-service/target/classes
2025-11-14 23:15:40,801 [Worker-44: Launching PaymentServiceApplication] INFO  o.e.m.c.i.p.WorkspaceClassifierResolverManager - Resolving P/order-service: com.irene:orderService:0.0.1-SNAPSHOT with classifier null to /order-service/target/classes
2025-11-14 23:15:40,804 [Worker-44: Launching PaymentServiceApplication] INFO  o.e.m.c.i.p.WorkspaceClassifierResolverManager - Resolving P/product-service: com.irene:productService:0.0.1-SNAPSHOT with classifier null to /product-service/target/classes
2025-11-14 23:15:41,339 [Worker-44: Launching PaymentServiceApplication] INFO  o.e.m.c.i.p.WorkspaceClassifierResolverManager - Resolving P/order-service: com.irene:orderService:0.0.1-SNAPSHOT with classifier null to /order-service/target/classes
2025-11-14 23:15:41,340 [Worker-44: Launching PaymentServiceApplication] INFO  o.e.m.c.i.p.WorkspaceClassifierResolverManager - Resolving P/product-service: com.irene:productService:0.0.1-SNAPSHOT with classifier null to /product-service/target/classes
2025-11-14 23:15:41,892 [Worker-44: Launching PaymentServiceApplication] INFO  o.e.m.c.i.p.WorkspaceClassifierResolverManager - Resolving P/order-service: com.irene:orderService:0.0.1-SNAPSHOT with classifier null to /order-service/target/classes
2025-11-14 23:15:41,893 [Worker-44: Launching PaymentServiceApplication] INFO  o.e.m.c.i.p.WorkspaceClassifierResolverManager - Resolving P/product-service: com.irene:productService:0.0.1-SNAPSHOT with classifier null to /product-service/target/classes
2025-11-14 23:21:42,679 [Worker-47: Building] INFO  o.a.m.s.f.DefaultMavenResourcesFiltering - Copying 1 resource from src\main\resources to target\classes
2025-11-14 23:21:42,690 [Worker-47: Building] INFO  o.a.m.s.f.DefaultMavenResourcesFiltering - Copying 0 resource from src\main\resources to target\classes
2025-11-14 23:21:42,696 [Worker-47: Building] INFO  o.a.m.s.f.DefaultMavenResourcesFiltering - skip non existing resourceDirectory C:\Users\irene\eclipse-workspace\E-Comm_Appln\payment-service\src\test\resources
2025-11-14 23:21:55,659 [Worker-47: Launching PaymentServiceApplication] INFO  o.e.m.c.i.p.WorkspaceClassifierResolverManager - Resolving P/order-service: com.irene:orderService:0.0.1-SNAPSHOT with classifier null to /order-service/target/classes
2025-11-14 23:21:55,660 [Worker-47: Launching PaymentServiceApplication] INFO  o.e.m.c.i.p.WorkspaceClassifierResolverManager - Resolving P/product-service: com.irene:productService:0.0.1-SNAPSHOT with classifier null to /product-service/target/classes
2025-11-14 23:21:56,225 [Worker-47: Launching PaymentServiceApplication] INFO  o.e.m.c.i.p.WorkspaceClassifierResolverManager - Resolving P/order-service: com.irene:orderService:0.0.1-SNAPSHOT with classifier null to /order-service/target/classes
2025-11-14 23:21:56,228 [Worker-47: Launching PaymentServiceApplication] INFO  o.e.m.c.i.p.WorkspaceClassifierResolverManager - Resolving P/product-service: com.irene:productService:0.0.1-SNAPSHOT with classifier null to /product-service/target/classes
2025-11-14 23:21:56,765 [Worker-47: Launching PaymentServiceApplication] INFO  o.e.m.c.i.p.WorkspaceClassifierResolverManager - Resolving P/order-service: com.irene:orderService:0.0.1-SNAPSHOT with classifier null to /order-service/target/classes
2025-11-14 23:21:56,768 [Worker-47: Launching PaymentServiceApplication] INFO  o.e.m.c.i.p.WorkspaceClassifierResolverManager - Resolving P/product-service: com.irene:productService:0.0.1-SNAPSHOT with classifier null to /product-service/target/classes
2025-11-14 23:54:17,823 [Worker-57: Building] INFO  o.a.m.s.f.DefaultMavenResourcesFiltering - Copying 1 resource from src\main\resources to target\classes
2025-11-14 23:54:17,834 [Worker-57: Building] INFO  o.a.m.s.f.DefaultMavenResourcesFiltering - Copying 0 resource from src\main\resources to target\classes
2025-11-14 23:54:17,841 [Worker-57: Building] INFO  o.a.m.s.f.DefaultMavenResourcesFiltering - skip non existing resourceDirectory C:\Users\irene\eclipse-workspace\E-Comm_Appln\payment-service\src\test\resources
2025-11-15 00:01:59,539 [Stop Help Server] INFO  org.eclipse.jetty.server.Server - Stopped oejs.Server@19eb8310{STOPPING}[12.0.6,sto=0]
2025-11-15 00:01:59,547 [Stop Help Server] INFO  o.e.jetty.server.AbstractConnector - Stopped ServerConnector@6724ef98{HTTP/1.1, (http/1.1)}{127.0.0.1:0}
2025-11-15 11:12:36,598 [Worker-5: Loading available Gradle versions] INFO  o.e.b.c.i.u.g.PublishedGradleVersions - Gradle version information cache is up-to-date. Trying to read.
2025-11-15 11:42:57,909 [Worker-29: reload maven project] INFO  o.e.m.c.i.p.WorkspaceClassifierResolverManager - Resolving P/order-service: com.irene:orderService:0.0.1-SNAPSHOT with classifier  to /order-service/target/classes
2025-11-15 11:42:57,912 [Worker-29: reload maven project] INFO  o.e.m.c.i.p.WorkspaceClassifierResolverManager - Resolving P/product-service: com.irene:productService:0.0.1-SNAPSHOT with classifier  to /product-service/target/classes
2025-11-15 11:42:58,275 [Start Help Server] INFO  org.eclipse.jetty.server.Server - jetty-12.0.6; built: 2024-01-30T02:43:24.387Z; git: 78ab6e6ba163f89cdd97f2ae0283fbb5e371cfaf; jvm 17.0.10+7
2025-11-15 11:42:58,368 [Start Help Server] INFO  o.e.j.server.handler.ContextHandler - Started oeje8n.ContextHandler$CoreContextHandler@42c464f5{/help,/help,b=null,a=AVAILABLE,h=oeje8n.ContextHandler$CoreContextHandler$CoreToNestedHandler@6c5efa32{STARTED}}
2025-11-15 11:42:58,369 [Start Help Server] INFO  o.e.j.s.DefaultSessionIdManager - Session workerName=node0
2025-11-15 11:42:58,415 [Start Help Server] INFO  o.e.jetty.server.AbstractConnector - Started ServerConnector@753ca253{HTTP/1.1, (http/1.1)}{127.0.0.1:64235}
2025-11-15 11:42:58,536 [Start Help Server] INFO  org.eclipse.jetty.server.Server - Started oejs.Server@788b0b90{STARTING}[12.0.6,sto=0] @2456832ms
2025-11-15 13:30:04,363 [Stop Help Server] INFO  org.eclipse.jetty.server.Server - Stopped oejs.Server@788b0b90{STOPPING}[12.0.6,sto=0]
2025-11-15 13:30:04,370 [Stop Help Server] INFO  o.e.jetty.server.AbstractConnector - Stopped ServerConnector@753ca253{HTTP/1.1, (http/1.1)}{127.0.0.1:0}
2025-11-17 20:25:58,237 [Worker-6: Loading available Gradle versions] INFO  o.e.b.c.i.u.g.PublishedGradleVersions - Gradle version information cache is out-of-date. Trying to update.
2025-11-17 20:55:59,863 [Worker-34: Launching ServiceRegistryApplication] INFO  o.a.m.s.f.DefaultMavenResourcesFiltering - Copying 1 resource from src\main\resources to target\classes
2025-11-17 20:55:59,902 [Worker-34: Launching ServiceRegistryApplication] INFO  o.a.m.s.f.DefaultMavenResourcesFiltering - Copying 0 resource from src\main\resources to target\classes
2025-11-17 20:55:59,909 [Worker-34: Launching ServiceRegistryApplication] INFO  o.a.m.s.f.DefaultMavenResourcesFiltering - skip non existing resourceDirectory C:\Users\irene\eclipse-workspace\E-Comm_Appln\service-registry\src\test\resources
2025-11-17 20:56:13,555 [Worker-38: Building] INFO  o.a.m.s.f.DefaultMavenResourcesFiltering - Copying 1 resource from src\main\resources to target\classes
2025-11-17 20:56:13,605 [Worker-38: Building] INFO  o.a.m.s.f.DefaultMavenResourcesFiltering - Copying 0 resource from src\main\resources to target\classes
2025-11-17 20:56:13,613 [Worker-38: Building] INFO  o.a.m.s.f.DefaultMavenResourcesFiltering - skip non existing resourceDirectory C:\Users\irene\eclipse-workspace\E-Comm_Appln\product-service\src\test\resources
2025-11-17 20:56:18,133 [Worker-34: Building] INFO  o.e.m.c.i.p.WorkspaceClassifierResolverManager - Resolving P/product-service: com.irene:productService:0.0.1-SNAPSHOT with classifier  to /product-service/target/classes
2025-11-17 20:56:18,413 [Worker-34: Building] INFO  o.a.m.s.f.DefaultMavenResourcesFiltering - Copying 1 resource from src\main\resources to target\classes
2025-11-17 20:56:18,445 [Worker-34: Building] INFO  o.a.m.s.f.DefaultMavenResourcesFiltering - Copying 0 resource from src\main\resources to target\classes
2025-11-17 20:56:18,453 [Worker-34: Building] INFO  o.a.m.s.f.DefaultMavenResourcesFiltering - skip non existing resourceDirectory C:\Users\irene\eclipse-workspace\E-Comm_Appln\order-service\src\test\resources
2025-11-17 20:56:21,889 [Worker-37: Building] INFO  o.e.m.c.i.p.WorkspaceClassifierResolverManager - Resolving P/order-service: com.irene:orderService:0.0.1-SNAPSHOT with classifier  to /order-service/target/classes
2025-11-17 20:56:21,889 [Worker-37: Building] INFO  o.e.m.c.i.p.WorkspaceClassifierResolverManager - Resolving P/product-service: com.irene:productService:0.0.1-SNAPSHOT with classifier  to /product-service/target/classes
2025-11-17 20:56:22,127 [Worker-37: Building] INFO  o.a.m.s.f.DefaultMavenResourcesFiltering - Copying 1 resource from src\main\resources to target\classes
2025-11-17 20:56:22,178 [Worker-37: Building] INFO  o.a.m.s.f.DefaultMavenResourcesFiltering - Copying 0 resource from src\main\resources to target\classes
2025-11-17 20:56:22,189 [Worker-37: Building] INFO  o.a.m.s.f.DefaultMavenResourcesFiltering - skip non existing resourceDirectory C:\Users\irene\eclipse-workspace\E-Comm_Appln\payment-service\src\test\resources
2025-11-17 20:56:55,155 [Worker-39: Launching PaymentServiceApplication] INFO  o.e.m.c.i.p.WorkspaceClassifierResolverManager - Resolving P/order-service: com.irene:orderService:0.0.1-SNAPSHOT with classifier null to /order-service/target/classes
2025-11-17 20:56:55,157 [Worker-39: Launching PaymentServiceApplication] INFO  o.e.m.c.i.p.WorkspaceClassifierResolverManager - Resolving P/product-service: com.irene:productService:0.0.1-SNAPSHOT with classifier null to /product-service/target/classes
2025-11-17 20:56:55,808 [Worker-39: Launching PaymentServiceApplication] INFO  o.e.m.c.i.p.WorkspaceClassifierResolverManager - Resolving P/order-service: com.irene:orderService:0.0.1-SNAPSHOT with classifier null to /order-service/target/classes
2025-11-17 20:56:55,810 [Worker-39: Launching PaymentServiceApplication] INFO  o.e.m.c.i.p.WorkspaceClassifierResolverManager - Resolving P/product-service: com.irene:productService:0.0.1-SNAPSHOT with classifier null to /product-service/target/classes
2025-11-17 20:56:56,417 [Worker-39: Launching PaymentServiceApplication] INFO  o.e.m.c.i.p.WorkspaceClassifierResolverManager - Resolving P/order-service: com.irene:orderService:0.0.1-SNAPSHOT with classifier null to /order-service/target/classes
2025-11-17 20:56:56,418 [Worker-39: Launching PaymentServiceApplication] INFO  o.e.m.c.i.p.WorkspaceClassifierResolverManager - Resolving P/product-service: com.irene:productService:0.0.1-SNAPSHOT with classifier null to /product-service/target/classes
2025-11-17 20:57:07,123 [Worker-3: Launching PaymentServiceApplication] INFO  o.e.m.c.i.p.WorkspaceClassifierResolverManager - Resolving P/order-service: com.irene:orderService:0.0.1-SNAPSHOT with classifier null to /order-service/target/classes
2025-11-17 20:57:07,125 [Worker-3: Launching PaymentServiceApplication] INFO  o.e.m.c.i.p.WorkspaceClassifierResolverManager - Resolving P/product-service: com.irene:productService:0.0.1-SNAPSHOT with classifier null to /product-service/target/classes
2025-11-17 20:57:07,771 [Worker-3: Launching PaymentServiceApplication] INFO  o.e.m.c.i.p.WorkspaceClassifierResolverManager - Resolving P/order-service: com.irene:orderService:0.0.1-SNAPSHOT with classifier null to /order-service/target/classes
2025-11-17 20:57:07,773 [Worker-3: Launching PaymentServiceApplication] INFO  o.e.m.c.i.p.WorkspaceClassifierResolverManager - Resolving P/product-service: com.irene:productService:0.0.1-SNAPSHOT with classifier null to /product-service/target/classes
2025-11-17 20:57:08,548 [Worker-3: Launching PaymentServiceApplication] INFO  o.e.m.c.i.p.WorkspaceClassifierResolverManager - Resolving P/order-service: com.irene:orderService:0.0.1-SNAPSHOT with classifier null to /order-service/target/classes
2025-11-17 20:57:08,550 [Worker-3: Launching PaymentServiceApplication] INFO  o.e.m.c.i.p.WorkspaceClassifierResolverManager - Resolving P/product-service: com.irene:productService:0.0.1-SNAPSHOT with classifier null to /product-service/target/classes
2025-11-17 20:59:09,422 [Worker-37: Launching OrderServiceApplication] INFO  o.e.m.c.i.p.WorkspaceClassifierResolverManager - Resolving P/product-service: com.irene:productService:0.0.1-SNAPSHOT with classifier null to /product-service/target/classes
2025-11-17 20:59:09,964 [Worker-37: Launching OrderServiceApplication] INFO  o.e.m.c.i.p.WorkspaceClassifierResolverManager - Resolving P/product-service: com.irene:productService:0.0.1-SNAPSHOT with classifier null to /product-service/target/classes
2025-11-17 20:59:10,505 [Worker-37: Launching OrderServiceApplication] INFO  o.e.m.c.i.p.WorkspaceClassifierResolverManager - Resolving P/product-service: com.irene:productService:0.0.1-SNAPSHOT with classifier null to /product-service/target/classes
2025-11-17 21:10:50,176 [Start Help Server] INFO  org.eclipse.jetty.server.Server - jetty-12.0.6; built: 2024-01-30T02:43:24.387Z; git: 78ab6e6ba163f89cdd97f2ae0283fbb5e371cfaf; jvm 17.0.10+7
2025-11-17 21:10:50,256 [Start Help Server] INFO  o.e.j.server.handler.ContextHandler - Started oeje8n.ContextHandler$CoreContextHandler@33be9c4f{/help,/help,b=null,a=AVAILABLE,h=oeje8n.ContextHandler$CoreContextHandler$CoreToNestedHandler@272f884d{STARTED}}
2025-11-17 21:10:50,258 [Start Help Server] INFO  o.e.j.s.DefaultSessionIdManager - Session workerName=node0
2025-11-17 21:10:50,305 [Start Help Server] INFO  o.e.jetty.server.AbstractConnector - Started ServerConnector@2be75277{HTTP/1.1, (http/1.1)}{127.0.0.1:53297}
2025-11-17 21:10:50,339 [Start Help Server] INFO  org.eclipse.jetty.server.Server - Started oejs.Server@4a52a1ea{STARTING}[12.0.6,sto=0] @2711433ms
2025-11-17 21:16:10,296 [Worker-47: Building] INFO  o.a.m.s.f.DefaultMavenResourcesFiltering - Copying 1 resource from src\main\resources to target\classes
2025-11-17 21:16:10,306 [Worker-47: Building] INFO  o.a.m.s.f.DefaultMavenResourcesFiltering - Copying 0 resource from src\main\resources to target\classes
2025-11-17 21:16:10,311 [Worker-47: Building] INFO  o.a.m.s.f.DefaultMavenResourcesFiltering - skip non existing resourceDirectory C:\Users\irene\eclipse-workspace\E-Comm_Appln\product-service\src\test\resources
2025-11-17 21:18:07,873 [Worker-49: Building] INFO  o.a.m.s.f.DefaultMavenResourcesFiltering - Copying 1 resource from src\main\resources to target\classes
2025-11-17 21:18:07,881 [Worker-49: Building] INFO  o.a.m.s.f.DefaultMavenResourcesFiltering - Copying 0 resource from src\main\resources to target\classes
2025-11-17 21:18:07,888 [Worker-49: Building] INFO  o.a.m.s.f.DefaultMavenResourcesFiltering - skip non existing resourceDirectory C:\Users\irene\eclipse-workspace\E-Comm_Appln\product-service\src\test\resources
2025-11-17 21:22:25,193 [Worker-51: Building] INFO  o.a.m.s.f.DefaultMavenResourcesFiltering - Copying 1 resource from src\main\resources to target\classes
2025-11-17 21:22:25,206 [Worker-51: Building] INFO  o.a.m.s.f.DefaultMavenResourcesFiltering - Copying 0 resource from src\main\resources to target\classes
2025-11-17 21:22:25,214 [Worker-51: Building] INFO  o.a.m.s.f.DefaultMavenResourcesFiltering - skip non existing resourceDirectory C:\Users\irene\eclipse-workspace\E-Comm_Appln\order-service\src\test\resources
2025-11-17 21:22:48,530 [Worker-55: Building] INFO  o.a.m.s.f.DefaultMavenResourcesFiltering - Copying 1 resource from src\main\resources to target\classes
2025-11-17 21:22:48,536 [Worker-55: Building] INFO  o.a.m.s.f.DefaultMavenResourcesFiltering - Copying 0 resource from src\main\resources to target\classes
2025-11-17 21:22:48,543 [Worker-55: Building] INFO  o.a.m.s.f.DefaultMavenResourcesFiltering - skip non existing resourceDirectory C:\Users\irene\eclipse-workspace\E-Comm_Appln\order-service\src\test\resources
2025-11-17 21:34:02,600 [Worker-47: Building] INFO  o.a.m.s.f.DefaultMavenResourcesFiltering - Copying 1 resource from src\main\resources to target\classes
2025-11-17 21:34:02,609 [Worker-47: Building] INFO  o.a.m.s.f.DefaultMavenResourcesFiltering - Copying 0 resource from src\main\resources to target\classes
2025-11-17 21:34:02,615 [Worker-47: Building] INFO  o.a.m.s.f.DefaultMavenResourcesFiltering - skip non existing resourceDirectory C:\Users\irene\eclipse-workspace\E-Comm_Appln\order-service\src\test\resources
2025-11-17 21:34:16,426 [Worker-58: Building] INFO  o.a.m.s.f.DefaultMavenResourcesFiltering - Copying 1 resource from src\main\resources to target\classes
2025-11-17 21:34:16,435 [Worker-58: Building] INFO  o.a.m.s.f.DefaultMavenResourcesFiltering - Copying 0 resource from src\main\resources to target\classes
2025-11-17 21:34:16,440 [Worker-58: Building] INFO  o.a.m.s.f.DefaultMavenResourcesFiltering - skip non existing resourceDirectory C:\Users\irene\eclipse-workspace\E-Comm_Appln\order-service\src\test\resources
2025-11-17 21:36:29,280 [Worker-55: Building] INFO  o.a.m.s.f.DefaultMavenResourcesFiltering - Copying 1 resource from src\main\resources to target\classes
2025-11-17 21:36:29,287 [Worker-55: Building] INFO  o.a.m.s.f.DefaultMavenResourcesFiltering - Copying 0 resource from src\main\resources to target\classes
2025-11-17 21:36:29,307 [Worker-55: Building] INFO  o.a.m.s.f.DefaultMavenResourcesFiltering - skip non existing resourceDirectory C:\Users\irene\eclipse-workspace\E-Comm_Appln\order-service\src\test\resources
2025-11-17 21:36:45,396 [Worker-58: Building] INFO  o.a.m.s.f.DefaultMavenResourcesFiltering - Copying 1 resource from src\main\resources to target\classes
2025-11-17 21:36:45,402 [Worker-58: Building] INFO  o.a.m.s.f.DefaultMavenResourcesFiltering - Copying 0 resource from src\main\resources to target\classes
2025-11-17 21:36:45,409 [Worker-58: Building] INFO  o.a.m.s.f.DefaultMavenResourcesFiltering - skip non existing resourceDirectory C:\Users\irene\eclipse-workspace\E-Comm_Appln\order-service\src\test\resources
2025-11-17 21:36:50,100 [Worker-58: Building] INFO  o.a.m.s.f.DefaultMavenResourcesFiltering - Copying 1 resource from src\main\resources to target\classes
2025-11-17 21:36:50,109 [Worker-58: Building] INFO  o.a.m.s.f.DefaultMavenResourcesFiltering - Copying 0 resource from src\main\resources to target\classes
2025-11-17 21:36:50,119 [Worker-58: Building] INFO  o.a.m.s.f.DefaultMavenResourcesFiltering - skip non existing resourceDirectory C:\Users\irene\eclipse-workspace\E-Comm_Appln\order-service\src\test\resources
2025-11-17 21:37:09,410 [Worker-47: Building] INFO  o.a.m.s.f.DefaultMavenResourcesFiltering - Copying 1 resource from src\main\resources to target\classes
2025-11-17 21:37:09,420 [Worker-47: Building] INFO  o.a.m.s.f.DefaultMavenResourcesFiltering - Copying 0 resource from src\main\resources to target\classes
2025-11-17 21:37:09,428 [Worker-47: Building] INFO  o.a.m.s.f.DefaultMavenResourcesFiltering - skip non existing resourceDirectory C:\Users\irene\eclipse-workspace\E-Comm_Appln\order-service\src\test\resources
2025-11-17 21:38:52,726 [Worker-58: Building] INFO  o.a.m.s.f.DefaultMavenResourcesFiltering - Copying 1 resource from src\main\resources to target\classes
2025-11-17 21:38:52,735 [Worker-58: Building] INFO  o.a.m.s.f.DefaultMavenResourcesFiltering - Copying 0 resource from src\main\resources to target\classes
2025-11-17 21:38:52,742 [Worker-58: Building] INFO  o.a.m.s.f.DefaultMavenResourcesFiltering - skip non existing resourceDirectory C:\Users\irene\eclipse-workspace\E-Comm_Appln\order-service\src\test\resources
2025-11-17 21:39:09,618 [Worker-60: Building] INFO  o.a.m.s.f.DefaultMavenResourcesFiltering - Copying 1 resource from src\main\resources to target\classes
2025-11-17 21:39:09,625 [Worker-60: Building] INFO  o.a.m.s.f.DefaultMavenResourcesFiltering - Copying 0 resource from src\main\resources to target\classes
2025-11-17 21:39:09,633 [Worker-60: Building] INFO  o.a.m.s.f.DefaultMavenResourcesFiltering - skip non existing resourceDirectory C:\Users\irene\eclipse-workspace\E-Comm_Appln\order-service\src\test\resources
2025-11-17 21:39:49,680 [Worker-55: Building] INFO  o.a.m.s.f.DefaultMavenResourcesFiltering - Copying 1 resource from src\main\resources to target\classes
2025-11-17 21:39:49,687 [Worker-55: Building] INFO  o.a.m.s.f.DefaultMavenResourcesFiltering - Copying 0 resource from src\main\resources to target\classes
2025-11-17 21:39:49,693 [Worker-55: Building] INFO  o.a.m.s.f.DefaultMavenResourcesFiltering - skip non existing resourceDirectory C:\Users\irene\eclipse-workspace\E-Comm_Appln\order-service\src\test\resources
2025-11-17 21:39:57,064 [Worker-58: Building] INFO  o.a.m.s.f.DefaultMavenResourcesFiltering - Copying 1 resource from src\main\resources to target\classes
2025-11-17 21:39:57,068 [Worker-58: Building] INFO  o.a.m.s.f.DefaultMavenResourcesFiltering - Copying 0 resource from src\main\resources to target\classes
2025-11-17 21:39:57,073 [Worker-58: Building] INFO  o.a.m.s.f.DefaultMavenResourcesFiltering - skip non existing resourceDirectory C:\Users\irene\eclipse-workspace\E-Comm_Appln\order-service\src\test\resources
2025-11-17 21:40:26,553 [Worker-47: Building] INFO  o.a.m.s.f.DefaultMavenResourcesFiltering - Copying 1 resource from src\main\resources to target\classes
2025-11-17 21:40:26,561 [Worker-47: Building] INFO  o.a.m.s.f.DefaultMavenResourcesFiltering - Copying 0 resource from src\main\resources to target\classes
2025-11-17 21:40:26,567 [Worker-47: Building] INFO  o.a.m.s.f.DefaultMavenResourcesFiltering - skip non existing resourceDirectory C:\Users\irene\eclipse-workspace\E-Comm_Appln\order-service\src\test\resources
2025-11-17 21:41:06,205 [Worker-58: Building] INFO  o.a.m.s.f.DefaultMavenResourcesFiltering - Copying 1 resource from src\main\resources to target\classes
2025-11-17 21:41:06,214 [Worker-58: Building] INFO  o.a.m.s.f.DefaultMavenResourcesFiltering - Copying 0 resource from src\main\resources to target\classes
2025-11-17 21:41:06,221 [Worker-58: Building] INFO  o.a.m.s.f.DefaultMavenResourcesFiltering - skip non existing resourceDirectory C:\Users\irene\eclipse-workspace\E-Comm_Appln\order-service\src\test\resources
2025-11-17 21:41:36,146 [Worker-51: Building] INFO  o.a.m.s.f.DefaultMavenResourcesFiltering - Copying 1 resource from src\main\resources to target\classes
2025-11-17 21:41:36,152 [Worker-51: Building] INFO  o.a.m.s.f.DefaultMavenResourcesFiltering - Copying 0 resource from src\main\resources to target\classes
2025-11-17 21:41:36,158 [Worker-51: Building] INFO  o.a.m.s.f.DefaultMavenResourcesFiltering - skip non existing resourceDirectory C:\Users\irene\eclipse-workspace\E-Comm_Appln\order-service\src\test\resources
2025-11-17 21:41:55,651 [Worker-55: Building] INFO  o.a.m.s.f.DefaultMavenResourcesFiltering - Copying 1 resource from src\main\resources to target\classes
2025-11-17 21:41:55,657 [Worker-55: Building] INFO  o.a.m.s.f.DefaultMavenResourcesFiltering - Copying 0 resource from src\main\resources to target\classes
2025-11-17 21:41:55,662 [Worker-55: Building] INFO  o.a.m.s.f.DefaultMavenResourcesFiltering - skip non existing resourceDirectory C:\Users\irene\eclipse-workspace\E-Comm_Appln\order-service\src\test\resources
2025-11-17 21:49:08,362 [Worker-62: Building] INFO  o.a.m.s.f.DefaultMavenResourcesFiltering - Copying 1 resource from src\main\resources to target\classes
2025-11-17 21:49:08,372 [Worker-62: Building] INFO  o.a.m.s.f.DefaultMavenResourcesFiltering - Copying 0 resource from src\main\resources to target\classes
2025-11-17 21:49:08,378 [Worker-62: Building] INFO  o.a.m.s.f.DefaultMavenResourcesFiltering - skip non existing resourceDirectory C:\Users\irene\eclipse-workspace\E-Comm_Appln\order-service\src\test\resources
2025-11-17 21:49:57,522 [Worker-58: Building] INFO  o.a.m.s.f.DefaultMavenResourcesFiltering - Copying 1 resource from src\main\resources to target\classes
2025-11-17 21:49:57,528 [Worker-58: Building] INFO  o.a.m.s.f.DefaultMavenResourcesFiltering - Copying 0 resource from src\main\resources to target\classes
2025-11-17 21:49:57,533 [Worker-58: Building] INFO  o.a.m.s.f.DefaultMavenResourcesFiltering - skip non existing resourceDirectory C:\Users\irene\eclipse-workspace\E-Comm_Appln\order-service\src\test\resources
2025-11-17 22:05:11,610 [Worker-60: Building] INFO  o.a.m.s.f.DefaultMavenResourcesFiltering - Copying 1 resource from src\main\resources to target\classes
2025-11-17 22:05:11,619 [Worker-60: Building] INFO  o.a.m.s.f.DefaultMavenResourcesFiltering - Copying 0 resource from src\main\resources to target\classes
2025-11-17 22:05:11,625 [Worker-60: Building] INFO  o.a.m.s.f.DefaultMavenResourcesFiltering - skip non existing resourceDirectory C:\Users\irene\eclipse-workspace\E-Comm_Appln\order-service\src\test\resources
2025-11-17 22:05:35,543 [Worker-65: Building] INFO  o.a.m.s.f.DefaultMavenResourcesFiltering - Copying 1 resource from src\main\resources to target\classes
2025-11-17 22:05:35,552 [Worker-65: Building] INFO  o.a.m.s.f.DefaultMavenResourcesFiltering - Copying 0 resource from src\main\resources to target\classes
2025-11-17 22:05:35,559 [Worker-65: Building] INFO  o.a.m.s.f.DefaultMavenResourcesFiltering - skip non existing resourceDirectory C:\Users\irene\eclipse-workspace\E-Comm_Appln\order-service\src\test\resources
2025-11-17 22:05:43,900 [Worker-65: Building] INFO  o.a.m.s.f.DefaultMavenResourcesFiltering - Copying 1 resource from src\main\resources to target\classes
2025-11-17 22:05:43,912 [Worker-65: Building] INFO  o.a.m.s.f.DefaultMavenResourcesFiltering - Copying 0 resource from src\main\resources to target\classes
2025-11-17 22:05:43,918 [Worker-65: Building] INFO  o.a.m.s.f.DefaultMavenResourcesFiltering - skip non existing resourceDirectory C:\Users\irene\eclipse-workspace\E-Comm_Appln\order-service\src\test\resources
2025-11-17 22:05:48,821 [Worker-60: Building] INFO  o.a.m.s.f.DefaultMavenResourcesFiltering - Copying 1 resource from src\main\resources to target\classes
2025-11-17 22:05:48,826 [Worker-60: Building] INFO  o.a.m.s.f.DefaultMavenResourcesFiltering - Copying 0 resource from src\main\resources to target\classes
2025-11-17 22:05:48,832 [Worker-60: Building] INFO  o.a.m.s.f.DefaultMavenResourcesFiltering - skip non existing resourceDirectory C:\Users\irene\eclipse-workspace\E-Comm_Appln\order-service\src\test\resources
2025-11-17 22:06:53,121 [Worker-66: Building] INFO  o.a.m.s.f.DefaultMavenResourcesFiltering - Copying 1 resource from src\main\resources to target\classes
2025-11-17 22:06:53,140 [Worker-66: Building] INFO  o.a.m.s.f.DefaultMavenResourcesFiltering - Copying 0 resource from src\main\resources to target\classes
2025-11-17 22:06:53,148 [Worker-66: Building] INFO  o.a.m.s.f.DefaultMavenResourcesFiltering - skip non existing resourceDirectory C:\Users\irene\eclipse-workspace\E-Comm_Appln\order-service\src\test\resources
2025-11-17 22:06:56,468 [Worker-47: Building] INFO  o.a.m.s.f.DefaultMavenResourcesFiltering - Copying 1 resource from src\main\resources to target\classes
2025-11-17 22:06:56,474 [Worker-47: Building] INFO  o.a.m.s.f.DefaultMavenResourcesFiltering - Copying 0 resource from src\main\resources to target\classes
2025-11-17 22:06:56,478 [Worker-47: Building] INFO  o.a.m.s.f.DefaultMavenResourcesFiltering - skip non existing resourceDirectory C:\Users\irene\eclipse-workspace\E-Comm_Appln\order-service\src\test\resources
2025-11-17 22:06:59,486 [Worker-47: Building] INFO  o.a.m.s.f.DefaultMavenResourcesFiltering - Copying 1 resource from src\main\resources to target\classes
2025-11-17 22:06:59,491 [Worker-47: Building] INFO  o.a.m.s.f.DefaultMavenResourcesFiltering - Copying 0 resource from src\main\resources to target\classes
2025-11-17 22:06:59,496 [Worker-47: Building] INFO  o.a.m.s.f.DefaultMavenResourcesFiltering - skip non existing resourceDirectory C:\Users\irene\eclipse-workspace\E-Comm_Appln\order-service\src\test\resources
2025-11-17 22:07:11,592 [Worker-60: Building] INFO  o.a.m.s.f.DefaultMavenResourcesFiltering - Copying 1 resource from src\main\resources to target\classes
2025-11-17 22:07:11,600 [Worker-60: Building] INFO  o.a.m.s.f.DefaultMavenResourcesFiltering - Copying 0 resource from src\main\resources to target\classes
2025-11-17 22:07:11,605 [Worker-60: Building] INFO  o.a.m.s.f.DefaultMavenResourcesFiltering - skip non existing resourceDirectory C:\Users\irene\eclipse-workspace\E-Comm_Appln\order-service\src\test\resources
2025-11-17 22:07:22,423 [Worker-67: Building] INFO  o.a.m.s.f.DefaultMavenResourcesFiltering - Copying 1 resource from src\main\resources to target\classes
2025-11-17 22:07:22,431 [Worker-67: Building] INFO  o.a.m.s.f.DefaultMavenResourcesFiltering - Copying 0 resource from src\main\resources to target\classes
2025-11-17 22:07:22,436 [Worker-67: Building] INFO  o.a.m.s.f.DefaultMavenResourcesFiltering - skip non existing resourceDirectory C:\Users\irene\eclipse-workspace\E-Comm_Appln\order-service\src\test\resources
2025-11-17 22:10:52,633 [Worker-64: Building] INFO  o.a.m.s.f.DefaultMavenResourcesFiltering - Copying 1 resource from src\main\resources to target\classes
2025-11-17 22:10:52,642 [Worker-64: Building] INFO  o.a.m.s.f.DefaultMavenResourcesFiltering - Copying 0 resource from src\main\resources to target\classes
2025-11-17 22:10:52,649 [Worker-64: Building] INFO  o.a.m.s.f.DefaultMavenResourcesFiltering - skip non existing resourceDirectory C:\Users\irene\eclipse-workspace\E-Comm_Appln\order-service\src\test\resources
2025-11-17 22:11:17,683 [Worker-65: Building] INFO  o.a.m.s.f.DefaultMavenResourcesFiltering - Copying 1 resource from src\main\resources to target\classes
2025-11-17 22:11:17,692 [Worker-65: Building] INFO  o.a.m.s.f.DefaultMavenResourcesFiltering - Copying 0 resource from src\main\resources to target\classes
2025-11-17 22:11:17,698 [Worker-65: Building] INFO  o.a.m.s.f.DefaultMavenResourcesFiltering - skip non existing resourceDirectory C:\Users\irene\eclipse-workspace\E-Comm_Appln\order-service\src\test\resources
2025-11-17 22:11:28,754 [Worker-68: Building] INFO  o.a.m.s.f.DefaultMavenResourcesFiltering - Copying 1 resource from src\main\resources to target\classes
2025-11-17 22:11:28,764 [Worker-68: Building] INFO  o.a.m.s.f.DefaultMavenResourcesFiltering - Copying 0 resource from src\main\resources to target\classes
2025-11-17 22:11:28,768 [Worker-68: Building] INFO  o.a.m.s.f.DefaultMavenResourcesFiltering - skip non existing resourceDirectory C:\Users\irene\eclipse-workspace\E-Comm_Appln\order-service\src\test\resources
2025-11-17 22:11:47,693 [Worker-64: Building] INFO  o.a.m.s.f.DefaultMavenResourcesFiltering - Copying 1 resource from src\main\resources to target\classes
2025-11-17 22:11:47,700 [Worker-64: Building] INFO  o.a.m.s.f.DefaultMavenResourcesFiltering - Copying 0 resource from src\main\resources to target\classes
2025-11-17 22:11:47,704 [Worker-64: Building] INFO  o.a.m.s.f.DefaultMavenResourcesFiltering - skip non existing resourceDirectory C:\Users\irene\eclipse-workspace\E-Comm_Appln\order-service\src\test\resources
2025-11-17 22:18:59,597 [Worker-70: Building] INFO  o.a.m.s.f.DefaultMavenResourcesFiltering - Copying 1 resource from src\main\resources to target\classes
2025-11-17 22:18:59,605 [Worker-70: Building] INFO  o.a.m.s.f.DefaultMavenResourcesFiltering - Copying 0 resource from src\main\resources to target\classes
2025-11-17 22:18:59,612 [Worker-70: Building] INFO  o.a.m.s.f.DefaultMavenResourcesFiltering - skip non existing resourceDirectory C:\Users\irene\eclipse-workspace\E-Comm_Appln\order-service\src\test\resources
2025-11-17 22:21:05,649 [Worker-66: Building] INFO  o.a.m.s.f.DefaultMavenResourcesFiltering - Copying 1 resource from src\main\resources to target\classes
2025-11-17 22:21:05,659 [Worker-66: Building] INFO  o.a.m.s.f.DefaultMavenResourcesFiltering - Copying 0 resource from src\main\resources to target\classes
2025-11-17 22:21:05,666 [Worker-66: Building] INFO  o.a.m.s.f.DefaultMavenResourcesFiltering - skip non existing resourceDirectory C:\Users\irene\eclipse-workspace\E-Comm_Appln\order-service\src\test\resources
2025-11-17 22:27:15,201 [Worker-64: Building] INFO  o.a.m.s.f.DefaultMavenResourcesFiltering - Copying 1 resource from src\main\resources to target\classes
2025-11-17 22:27:15,210 [Worker-64: Building] INFO  o.a.m.s.f.DefaultMavenResourcesFiltering - Copying 0 resource from src\main\resources to target\classes
2025-11-17 22:27:15,216 [Worker-64: Building] INFO  o.a.m.s.f.DefaultMavenResourcesFiltering - skip non existing resourceDirectory C:\Users\irene\eclipse-workspace\E-Comm_Appln\order-service\src\test\resources
2025-11-17 22:27:41,671 [Worker-64: Building] INFO  o.a.m.s.f.DefaultMavenResourcesFiltering - Copying 1 resource from src\main\resources to target\classes
2025-11-17 22:27:41,679 [Worker-64: Building] INFO  o.a.m.s.f.DefaultMavenResourcesFiltering - Copying 0 resource from src\main\resources to target\classes
2025-11-17 22:27:41,683 [Worker-64: Building] INFO  o.a.m.s.f.DefaultMavenResourcesFiltering - skip non existing resourceDirectory C:\Users\irene\eclipse-workspace\E-Comm_Appln\order-service\src\test\resources
2025-11-17 22:27:44,681 [Worker-70: Building] INFO  o.a.m.s.f.DefaultMavenResourcesFiltering - Copying 1 resource from src\main\resources to target\classes
2025-11-17 22:27:44,689 [Worker-70: Building] INFO  o.a.m.s.f.DefaultMavenResourcesFiltering - Copying 0 resource from src\main\resources to target\classes
2025-11-17 22:27:44,695 [Worker-70: Building] INFO  o.a.m.s.f.DefaultMavenResourcesFiltering - skip non existing resourceDirectory C:\Users\irene\eclipse-workspace\E-Comm_Appln\order-service\src\test\resources
2025-11-17 22:33:29,412 [Worker-64: Building] INFO  o.a.m.s.f.DefaultMavenResourcesFiltering - Copying 1 resource from src\main\resources to target\classes
2025-11-17 22:33:29,421 [Worker-64: Building] INFO  o.a.m.s.f.DefaultMavenResourcesFiltering - Copying 0 resource from src\main\resources to target\classes
2025-11-17 22:33:29,426 [Worker-64: Building] INFO  o.a.m.s.f.DefaultMavenResourcesFiltering - skip non existing resourceDirectory C:\Users\irene\eclipse-workspace\E-Comm_Appln\order-service\src\test\resources
2025-11-17 22:33:48,088 [Worker-73: Building] INFO  o.a.m.s.f.DefaultMavenResourcesFiltering - Copying 1 resource from src\main\resources to target\classes
2025-11-17 22:33:48,097 [Worker-73: Building] INFO  o.a.m.s.f.DefaultMavenResourcesFiltering - Copying 0 resource from src\main\resources to target\classes
2025-11-17 22:33:48,103 [Worker-73: Building] INFO  o.a.m.s.f.DefaultMavenResourcesFiltering - skip non existing resourceDirectory C:\Users\irene\eclipse-workspace\E-Comm_Appln\order-service\src\test\resources
2025-11-17 22:33:50,485 [Worker-73: Launching OrderServiceApplication] INFO  o.e.m.c.i.p.WorkspaceClassifierResolverManager - Resolving P/product-service: com.irene:productService:0.0.1-SNAPSHOT with classifier null to /product-service/target/classes
2025-11-17 22:33:51,049 [Worker-73: Launching OrderServiceApplication] INFO  o.e.m.c.i.p.WorkspaceClassifierResolverManager - Resolving P/product-service: com.irene:productService:0.0.1-SNAPSHOT with classifier null to /product-service/target/classes
2025-11-17 22:33:51,582 [Worker-73: Launching OrderServiceApplication] INFO  o.e.m.c.i.p.WorkspaceClassifierResolverManager - Resolving P/product-service: com.irene:productService:0.0.1-SNAPSHOT with classifier null to /product-service/target/classes
2025-11-17 22:34:07,602 [Worker-74: Launching OrderServiceApplication] INFO  o.e.m.c.i.p.WorkspaceClassifierResolverManager - Resolving P/product-service: com.irene:productService:0.0.1-SNAPSHOT with classifier null to /product-service/target/classes
2025-11-17 22:34:08,131 [Worker-74: Launching OrderServiceApplication] INFO  o.e.m.c.i.p.WorkspaceClassifierResolverManager - Resolving P/product-service: com.irene:productService:0.0.1-SNAPSHOT with classifier null to /product-service/target/classes
2025-11-17 22:34:08,695 [Worker-74: Launching OrderServiceApplication] INFO  o.e.m.c.i.p.WorkspaceClassifierResolverManager - Resolving P/product-service: com.irene:productService:0.0.1-SNAPSHOT with classifier null to /product-service/target/classes
2025-11-17 22:34:49,912 [Worker-73: Building] INFO  o.a.m.s.f.DefaultMavenResourcesFiltering - Copying 1 resource from src\main\resources to target\classes
2025-11-17 22:34:49,920 [Worker-73: Building] INFO  o.a.m.s.f.DefaultMavenResourcesFiltering - Copying 0 resource from src\main\resources to target\classes
2025-11-17 22:34:49,926 [Worker-73: Building] INFO  o.a.m.s.f.DefaultMavenResourcesFiltering - skip non existing resourceDirectory C:\Users\irene\eclipse-workspace\E-Comm_Appln\order-service\src\test\resources
2025-11-17 22:34:57,287 [Worker-64: Building] INFO  o.a.m.s.f.DefaultMavenResourcesFiltering - Copying 1 resource from src\main\resources to target\classes
2025-11-17 22:34:57,291 [Worker-64: Building] INFO  o.a.m.s.f.DefaultMavenResourcesFiltering - Copying 0 resource from src\main\resources to target\classes
2025-11-17 22:34:57,295 [Worker-64: Building] INFO  o.a.m.s.f.DefaultMavenResourcesFiltering - skip non existing resourceDirectory C:\Users\irene\eclipse-workspace\E-Comm_Appln\order-service\src\test\resources
2025-11-17 22:35:36,355 [Worker-76: Building] INFO  o.a.m.s.f.DefaultMavenResourcesFiltering - Copying 1 resource from src\main\resources to target\classes
2025-11-17 22:35:36,363 [Worker-76: Building] INFO  o.a.m.s.f.DefaultMavenResourcesFiltering - Copying 0 resource from src\main\resources to target\classes
2025-11-17 22:35:36,368 [Worker-76: Building] INFO  o.a.m.s.f.DefaultMavenResourcesFiltering - skip non existing resourceDirectory C:\Users\irene\eclipse-workspace\E-Comm_Appln\order-service\src\test\resources
2025-11-17 22:36:50,915 [Worker-75: Building] INFO  o.a.m.s.f.DefaultMavenResourcesFiltering - Copying 1 resource from src\main\resources to target\classes
2025-11-17 22:36:50,923 [Worker-75: Building] INFO  o.a.m.s.f.DefaultMavenResourcesFiltering - Copying 0 resource from src\main\resources to target\classes
2025-11-17 22:36:50,927 [Worker-75: Building] INFO  o.a.m.s.f.DefaultMavenResourcesFiltering - skip non existing resourceDirectory C:\Users\irene\eclipse-workspace\E-Comm_Appln\order-service\src\test\resources
2025-11-17 22:38:10,926 [Worker-74: Building] INFO  o.a.m.s.f.DefaultMavenResourcesFiltering - Copying 1 resource from src\main\resources to target\classes
2025-11-17 22:38:10,934 [Worker-74: Building] INFO  o.a.m.s.f.DefaultMavenResourcesFiltering - Copying 0 resource from src\main\resources to target\classes
2025-11-17 22:38:10,939 [Worker-74: Building] INFO  o.a.m.s.f.DefaultMavenResourcesFiltering - skip non existing resourceDirectory C:\Users\irene\eclipse-workspace\E-Comm_Appln\order-service\src\test\resources
2025-11-17 22:40:20,940 [Worker-74: Building] INFO  o.a.m.s.f.DefaultMavenResourcesFiltering - Copying 1 resource from src\main\resources to target\classes
2025-11-17 22:40:20,951 [Worker-74: Building] INFO  o.a.m.s.f.DefaultMavenResourcesFiltering - Copying 0 resource from src\main\resources to target\classes
2025-11-17 22:40:20,957 [Worker-74: Building] INFO  o.a.m.s.f.DefaultMavenResourcesFiltering - skip non existing resourceDirectory C:\Users\irene\eclipse-workspace\E-Comm_Appln\payment-service\src\test\resources
2025-11-17 22:40:22,727 [Worker-73: Building] INFO  o.a.m.s.f.DefaultMavenResourcesFiltering - Copying 1 resource from src\main\resources to target\classes
2025-11-17 22:40:22,736 [Worker-73: Building] INFO  o.a.m.s.f.DefaultMavenResourcesFiltering - Copying 0 resource from src\main\resources to target\classes
2025-11-17 22:40:22,741 [Worker-73: Building] INFO  o.a.m.s.f.DefaultMavenResourcesFiltering - skip non existing resourceDirectory C:\Users\irene\eclipse-workspace\E-Comm_Appln\payment-service\src\test\resources
2025-11-17 22:51:49,677 [Worker-76: Building] INFO  o.a.m.s.f.DefaultMavenResourcesFiltering - Copying 1 resource from src\main\resources to target\classes
2025-11-17 22:51:49,699 [Worker-76: Building] INFO  o.a.m.s.f.DefaultMavenResourcesFiltering - Copying 0 resource from src\main\resources to target\classes
2025-11-17 22:51:49,706 [Worker-76: Building] INFO  o.a.m.s.f.DefaultMavenResourcesFiltering - skip non existing resourceDirectory C:\Users\irene\eclipse-workspace\E-Comm_Appln\payment-service\src\test\resources
2025-11-17 22:58:44,745 [Worker-76: Building] INFO  o.a.m.s.f.DefaultMavenResourcesFiltering - Copying 1 resource from src\main\resources to target\classes
2025-11-17 22:58:44,754 [Worker-76: Building] INFO  o.a.m.s.f.DefaultMavenResourcesFiltering - Copying 0 resource from src\main\resources to target\classes
2025-11-17 22:58:44,758 [Worker-76: Building] INFO  o.a.m.s.f.DefaultMavenResourcesFiltering - skip non existing resourceDirectory C:\Users\irene\eclipse-workspace\E-Comm_Appln\payment-service\src\test\resources
2025-11-17 23:01:52,760 [Worker-78: Building] INFO  o.a.m.s.f.DefaultMavenResourcesFiltering - Copying 1 resource from src\main\resources to target\classes
2025-11-17 23:01:52,769 [Worker-78: Building] INFO  o.a.m.s.f.DefaultMavenResourcesFiltering - Copying 0 resource from src\main\resources to target\classes
2025-11-17 23:01:52,773 [Worker-78: Building] INFO  o.a.m.s.f.DefaultMavenResourcesFiltering - skip non existing resourceDirectory C:\Users\irene\eclipse-workspace\E-Comm_Appln\payment-service\src\test\resources
2025-11-17 23:04:34,741 [Worker-78: Building] INFO  o.a.m.s.f.DefaultMavenResourcesFiltering - Copying 1 resource from src\main\resources to target\classes
2025-11-17 23:04:34,749 [Worker-78: Building] INFO  o.a.m.s.f.DefaultMavenResourcesFiltering - Copying 0 resource from src\main\resources to target\classes
2025-11-17 23:04:34,753 [Worker-78: Building] INFO  o.a.m.s.f.DefaultMavenResourcesFiltering - skip non existing resourceDirectory C:\Users\irene\eclipse-workspace\E-Comm_Appln\payment-service\src\test\resources
2025-11-17 23:06:14,050 [Worker-76: Building] INFO  o.a.m.s.f.DefaultMavenResourcesFiltering - Copying 1 resource from src\main\resources to target\classes
2025-11-17 23:06:14,067 [Worker-76: Building] INFO  o.a.m.s.f.DefaultMavenResourcesFiltering - Copying 0 resource from src\main\resources to target\classes
2025-11-17 23:06:14,073 [Worker-76: Building] INFO  o.a.m.s.f.DefaultMavenResourcesFiltering - skip non existing resourceDirectory C:\Users\irene\eclipse-workspace\E-Comm_Appln\payment-service\src\test\resources
2025-11-17 23:16:35,837 [Stop Help Server] INFO  org.eclipse.jetty.server.Server - Stopped oejs.Server@4a52a1ea{STOPPING}[12.0.6,sto=0]
2025-11-17 23:16:35,845 [Stop Help Server] INFO  o.e.jetty.server.AbstractConnector - Stopped ServerConnector@2be75277{HTTP/1.1, (http/1.1)}{127.0.0.1:0}
2025-11-18 22:13:36,202 [Worker-8: Loading available Gradle versions] INFO  o.e.b.c.i.u.g.PublishedGradleVersions - Gradle version information cache is out-of-date. Trying to update.
2025-11-18 22:53:34,327 [Worker-32: Importing Maven projects] INFO  o.e.m.c.i.e.AbstractTransferListenerAdapter - Downloading https://repo.maven.apache.org/maven2/org/springframework/boot/spring-boot-starter-parent/3.5.7/spring-boot-starter-parent-3.5.7.pom
2025-11-18 22:53:34,466 [Worker-32: Importing Maven projects] INFO  o.e.m.c.i.e.AbstractTransferListenerAdapter - Downloaded https://repo.maven.apache.org/maven2/org/springframework/boot/spring-boot-starter-parent/3.5.7/spring-boot-starter-parent-3.5.7.pom
2025-11-18 22:53:34,538 [Worker-32: Importing Maven projects] INFO  o.e.m.c.i.e.AbstractTransferListenerAdapter - Downloading https://repo.maven.apache.org/maven2/org/springframework/boot/spring-boot-dependencies/3.5.7/spring-boot-dependencies-3.5.7.pom
2025-11-18 22:53:34,708 [Worker-32: Importing Maven projects] INFO  o.e.m.c.i.e.AbstractTransferListenerAdapter - Downloaded https://repo.maven.apache.org/maven2/org/springframework/boot/spring-boot-dependencies/3.5.7/spring-boot-dependencies-3.5.7.pom
2025-11-18 22:53:35,803 [Worker-32: Importing Maven projects] INFO  o.e.m.c.i.e.AbstractTransferListenerAdapter - Downloading https://repo.maven.apache.org/maven2/org/apache/activemq/activemq-bom/6.1.8/activemq-bom-6.1.8.pom
2025-11-18 22:53:35,920 [Worker-32: Importing Maven projects] INFO  o.e.m.c.i.e.AbstractTransferListenerAdapter - Downloaded https://repo.maven.apache.org/maven2/org/apache/activemq/activemq-bom/6.1.8/activemq-bom-6.1.8.pom
2025-11-18 22:53:36,330 [Worker-32: Importing Maven projects] INFO  o.e.m.c.i.e.AbstractTransferListenerAdapter - Downloading https://repo.maven.apache.org/maven2/org/assertj/assertj-bom/3.27.6/assertj-bom-3.27.6.pom
2025-11-18 22:53:36,452 [Worker-32: Importing Maven projects] INFO  o.e.m.c.i.e.AbstractTransferListenerAdapter - Downloaded https://repo.maven.apache.org/maven2/org/assertj/assertj-bom/3.27.6/assertj-bom-3.27.6.pom
2025-11-18 22:53:36,714 [Worker-32: Importing Maven projects] INFO  o.e.m.c.i.e.AbstractTransferListenerAdapter - Downloading https://repo.maven.apache.org/maven2/org/apache/cassandra/java-driver-bom/4.19.1/java-driver-bom-4.19.1.pom
2025-11-18 22:53:36,820 [Worker-32: Importing Maven projects] INFO  o.e.m.c.i.e.AbstractTransferListenerAdapter - Downloaded https://repo.maven.apache.org/maven2/org/apache/cassandra/java-driver-bom/4.19.1/java-driver-bom-4.19.1.pom
2025-11-18 22:53:36,976 [Worker-32: Importing Maven projects] INFO  o.e.m.c.i.e.AbstractTransferListenerAdapter - Downloading https://repo.maven.apache.org/maven2/org/glassfish/jaxb/jaxb-bom/4.0.6/jaxb-bom-4.0.6.pom
2025-11-18 22:53:37,100 [Worker-32: Importing Maven projects] INFO  o.e.m.c.i.e.AbstractTransferListenerAdapter - Downloaded https://repo.maven.apache.org/maven2/org/glassfish/jaxb/jaxb-bom/4.0.6/jaxb-bom-4.0.6.pom
2025-11-18 22:53:37,199 [Worker-32: Importing Maven projects] INFO  o.e.m.c.i.e.AbstractTransferListenerAdapter - Downloading https://repo.maven.apache.org/maven2/org/apache/groovy/groovy-bom/4.0.29/groovy-bom-4.0.29.pom
2025-11-18 22:53:37,318 [Worker-32: Importing Maven projects] INFO  o.e.m.c.i.e.AbstractTransferListenerAdapter - Downloaded https://repo.maven.apache.org/maven2/org/apache/groovy/groovy-bom/4.0.29/groovy-bom-4.0.29.pom
2025-11-18 22:53:37,661 [Worker-32: Importing Maven projects] INFO  o.e.m.c.i.e.AbstractTransferListenerAdapter - Downloading https://repo.maven.apache.org/maven2/org/eclipse/jetty/ee10/jetty-ee10-bom/12.0.29/jetty-ee10-bom-12.0.29.pom
2025-11-18 22:53:37,787 [Worker-32: Importing Maven projects] INFO  o.e.m.c.i.e.AbstractTransferListenerAdapter - Downloaded https://repo.maven.apache.org/maven2/org/eclipse/jetty/ee10/jetty-ee10-bom/12.0.29/jetty-ee10-bom-12.0.29.pom
2025-11-18 22:53:37,862 [Worker-32: Importing Maven projects] INFO  o.e.m.c.i.e.AbstractTransferListenerAdapter - Downloading https://repo.maven.apache.org/maven2/org/eclipse/jetty/jetty-bom/12.0.29/jetty-bom-12.0.29.pom
2025-11-18 22:53:37,928 [Worker-32: Importing Maven projects] INFO  o.e.m.c.i.e.AbstractTransferListenerAdapter - Downloaded https://repo.maven.apache.org/maven2/org/eclipse/jetty/jetty-bom/12.0.29/jetty-bom-12.0.29.pom
2025-11-18 22:53:38,290 [Worker-32: Importing Maven projects] INFO  o.e.m.c.i.e.AbstractTransferListenerAdapter - Downloading https://repo.maven.apache.org/maven2/io/micrometer/micrometer-bom/1.15.5/micrometer-bom-1.15.5.pom
2025-11-18 22:53:38,405 [Worker-32: Importing Maven projects] INFO  o.e.m.c.i.e.AbstractTransferListenerAdapter - Downloaded https://repo.maven.apache.org/maven2/io/micrometer/micrometer-bom/1.15.5/micrometer-bom-1.15.5.pom
2025-11-18 22:53:38,459 [Worker-32: Importing Maven projects] INFO  o.e.m.c.i.e.AbstractTransferListenerAdapter - Downloading https://repo.maven.apache.org/maven2/io/micrometer/micrometer-tracing-bom/1.5.5/micrometer-tracing-bom-1.5.5.pom
2025-11-18 22:53:38,503 [Worker-32: Importing Maven projects] INFO  o.e.m.c.i.e.AbstractTransferListenerAdapter - Downloaded https://repo.maven.apache.org/maven2/io/micrometer/micrometer-tracing-bom/1.5.5/micrometer-tracing-bom-1.5.5.pom
2025-11-18 22:53:38,600 [Worker-32: Importing Maven projects] INFO  o.e.m.c.i.e.AbstractTransferListenerAdapter - Downloading https://repo.maven.apache.org/maven2/org/mongodb/mongodb-driver-bom/5.5.2/mongodb-driver-bom-5.5.2.pom
2025-11-18 22:53:38,646 [Worker-32: Importing Maven projects] INFO  o.e.m.c.i.e.AbstractTransferListenerAdapter - Downloaded https://repo.maven.apache.org/maven2/org/mongodb/mongodb-driver-bom/5.5.2/mongodb-driver-bom-5.5.2.pom
2025-11-18 22:53:38,684 [Worker-32: Importing Maven projects] INFO  o.e.m.c.i.e.AbstractTransferListenerAdapter - Downloading https://repo.maven.apache.org/maven2/io/netty/netty-bom/4.1.128.Final/netty-bom-4.1.128.Final.pom
2025-11-18 22:53:38,734 [Worker-32: Importing Maven projects] INFO  o.e.m.c.i.e.AbstractTransferListenerAdapter - Downloaded https://repo.maven.apache.org/maven2/io/netty/netty-bom/4.1.128.Final/netty-bom-4.1.128.Final.pom
2025-11-18 22:53:39,090 [Worker-32: Importing Maven projects] INFO  o.e.m.c.i.e.AbstractTransferListenerAdapter - Downloading https://repo.maven.apache.org/maven2/org/apache/pulsar/pulsar-bom/4.0.7/pulsar-bom-4.0.7.pom
2025-11-18 22:53:39,208 [Worker-32: Importing Maven projects] INFO  o.e.m.c.i.e.AbstractTransferListenerAdapter - Downloaded https://repo.maven.apache.org/maven2/org/apache/pulsar/pulsar-bom/4.0.7/pulsar-bom-4.0.7.pom
2025-11-18 22:53:39,295 [Worker-32: Importing Maven projects] INFO  o.e.m.c.i.e.AbstractTransferListenerAdapter - Downloading https://repo.maven.apache.org/maven2/org/apache/apache/35/apache-35.pom
2025-11-18 22:53:39,408 [Worker-32: Importing Maven projects] INFO  o.e.m.c.i.e.AbstractTransferListenerAdapter - Downloaded https://repo.maven.apache.org/maven2/org/apache/apache/35/apache-35.pom
2025-11-18 22:53:39,733 [Worker-32: Importing Maven projects] INFO  o.e.m.c.i.e.AbstractTransferListenerAdapter - Downloading https://repo.maven.apache.org/maven2/io/projectreactor/reactor-bom/2024.0.11/reactor-bom-2024.0.11.pom
2025-11-18 22:53:39,855 [Worker-32: Importing Maven projects] INFO  o.e.m.c.i.e.AbstractTransferListenerAdapter - Downloaded https://repo.maven.apache.org/maven2/io/projectreactor/reactor-bom/2024.0.11/reactor-bom-2024.0.11.pom
2025-11-18 22:53:40,248 [Worker-32: Importing Maven projects] INFO  o.e.m.c.i.e.AbstractTransferListenerAdapter - Downloading https://repo.maven.apache.org/maven2/org/springframework/amqp/spring-amqp-bom/3.2.8/spring-amqp-bom-3.2.8.pom
2025-11-18 22:53:40,355 [Worker-32: Importing Maven projects] INFO  o.e.m.c.i.e.AbstractTransferListenerAdapter - Downloaded https://repo.maven.apache.org/maven2/org/springframework/amqp/spring-amqp-bom/3.2.8/spring-amqp-bom-3.2.8.pom
2025-11-18 22:53:40,655 [Worker-32: Importing Maven projects] INFO  o.e.m.c.i.e.AbstractTransferListenerAdapter - Downloading https://repo.maven.apache.org/maven2/org/springframework/batch/spring-batch-bom/5.2.4/spring-batch-bom-5.2.4.pom
2025-11-18 22:53:40,779 [Worker-32: Importing Maven projects] INFO  o.e.m.c.i.e.AbstractTransferListenerAdapter - Downloaded https://repo.maven.apache.org/maven2/org/springframework/batch/spring-batch-bom/5.2.4/spring-batch-bom-5.2.4.pom
2025-11-18 22:53:40,836 [Worker-32: Importing Maven projects] INFO  o.e.m.c.i.e.AbstractTransferListenerAdapter - Downloading https://repo.maven.apache.org/maven2/org/springframework/data/spring-data-bom/2025.0.5/spring-data-bom-2025.0.5.pom
2025-11-18 22:53:40,892 [Worker-32: Importing Maven projects] INFO  o.e.m.c.i.e.AbstractTransferListenerAdapter - Downloaded https://repo.maven.apache.org/maven2/org/springframework/data/spring-data-bom/2025.0.5/spring-data-bom-2025.0.5.pom
2025-11-18 22:53:40,930 [Worker-32: Importing Maven projects] INFO  o.e.m.c.i.e.AbstractTransferListenerAdapter - Downloading https://repo.maven.apache.org/maven2/org/springframework/spring-framework-bom/6.2.12/spring-framework-bom-6.2.12.pom
2025-11-18 22:53:40,982 [Worker-32: Importing Maven projects] INFO  o.e.m.c.i.e.AbstractTransferListenerAdapter - Downloaded https://repo.maven.apache.org/maven2/org/springframework/spring-framework-bom/6.2.12/spring-framework-bom-6.2.12.pom
2025-11-18 22:53:41,030 [Worker-32: Importing Maven projects] INFO  o.e.m.c.i.e.AbstractTransferListenerAdapter - Downloading https://repo.maven.apache.org/maven2/org/springframework/integration/spring-integration-bom/6.5.3/spring-integration-bom-6.5.3.pom
2025-11-18 22:53:41,087 [Worker-32: Importing Maven projects] INFO  o.e.m.c.i.e.AbstractTransferListenerAdapter - Downloaded https://repo.maven.apache.org/maven2/org/springframework/integration/spring-integration-bom/6.5.3/spring-integration-bom-6.5.3.pom
2025-11-18 22:53:41,144 [Worker-32: Importing Maven projects] INFO  o.e.m.c.i.e.AbstractTransferListenerAdapter - Downloading https://repo.maven.apache.org/maven2/org/springframework/pulsar/spring-pulsar-bom/1.2.11/spring-pulsar-bom-1.2.11.pom
2025-11-18 22:53:41,197 [Worker-32: Importing Maven projects] INFO  o.e.m.c.i.e.AbstractTransferListenerAdapter - Downloaded https://repo.maven.apache.org/maven2/org/springframework/pulsar/spring-pulsar-bom/1.2.11/spring-pulsar-bom-1.2.11.pom
2025-11-18 22:53:41,273 [Worker-32: Importing Maven projects] INFO  o.e.m.c.i.e.AbstractTransferListenerAdapter - Downloading https://repo.maven.apache.org/maven2/org/springframework/security/spring-security-bom/6.5.6/spring-security-bom-6.5.6.pom
2025-11-18 22:53:41,395 [Worker-32: Importing Maven projects] INFO  o.e.m.c.i.e.AbstractTransferListenerAdapter - Downloaded https://repo.maven.apache.org/maven2/org/springframework/security/spring-security-bom/6.5.6/spring-security-bom-6.5.6.pom
2025-11-18 22:53:41,436 [Worker-32: Importing Maven projects] INFO  o.e.m.c.i.e.AbstractTransferListenerAdapter - Downloading https://repo.maven.apache.org/maven2/org/springframework/session/spring-session-bom/3.5.3/spring-session-bom-3.5.3.pom
2025-11-18 22:53:41,494 [Worker-32: Importing Maven projects] INFO  o.e.m.c.i.e.AbstractTransferListenerAdapter - Downloaded https://repo.maven.apache.org/maven2/org/springframework/session/spring-session-bom/3.5.3/spring-session-bom-3.5.3.pom
2025-11-18 22:53:41,536 [Worker-32: Importing Maven projects] INFO  o.e.m.c.i.e.AbstractTransferListenerAdapter - Downloading https://repo.maven.apache.org/maven2/org/springframework/ws/spring-ws-bom/4.1.2/spring-ws-bom-4.1.2.pom
2025-11-18 22:53:41,588 [Worker-32: Importing Maven projects] INFO  o.e.m.c.i.e.AbstractTransferListenerAdapter - Downloaded https://repo.maven.apache.org/maven2/org/springframework/ws/spring-ws-bom/4.1.2/spring-ws-bom-4.1.2.pom
2025-11-18 22:53:46,208 [Worker-32: Importing Maven projects] INFO  o.e.m.c.i.e.AbstractTransferListenerAdapter - Downloading https://repo.maven.apache.org/maven2/org/springframework/boot/spring-boot-maven-plugin/3.5.7/spring-boot-maven-plugin-3.5.7.pom
2025-11-18 22:53:46,264 [Worker-32: Importing Maven projects] INFO  o.e.m.c.i.e.AbstractTransferListenerAdapter - Downloaded https://repo.maven.apache.org/maven2/org/springframework/boot/spring-boot-maven-plugin/3.5.7/spring-boot-maven-plugin-3.5.7.pom
2025-11-18 22:53:46,333 [Worker-32: Importing Maven projects] INFO  o.e.m.c.i.e.AbstractTransferListenerAdapter - Downloading https://repo.maven.apache.org/maven2/org/springframework/boot/spring-boot-maven-plugin/3.5.7/spring-boot-maven-plugin-3.5.7.jar
2025-11-18 22:53:46,414 [Worker-32: Importing Maven projects] INFO  o.e.m.c.i.e.AbstractTransferListenerAdapter - Downloaded https://repo.maven.apache.org/maven2/org/springframework/boot/spring-boot-maven-plugin/3.5.7/spring-boot-maven-plugin-3.5.7.jar
2025-11-18 22:53:47,165 [Worker-32: Importing Maven projects] INFO  o.e.m.c.i.e.AbstractTransferListenerAdapter - Downloading https://repo.maven.apache.org/maven2/org/apache/maven/plugins/maven-compiler-plugin/3.14.1/maven-compiler-plugin-3.14.1.jar
2025-11-18 22:53:47,294 [Worker-32: Importing Maven projects] INFO  o.e.m.c.i.e.AbstractTransferListenerAdapter - Downloaded https://repo.maven.apache.org/maven2/org/apache/maven/plugins/maven-compiler-plugin/3.14.1/maven-compiler-plugin-3.14.1.jar
2025-11-18 22:53:48,670 [Worker-32: Importing Maven projects] INFO  o.e.m.c.i.e.AbstractTransferListenerAdapter - Downloading https://repo.maven.apache.org/maven2/org/apache/maven/plugins/maven-compiler-plugin/3.14.1/maven-compiler-plugin-3.14.1.pom
2025-11-18 22:53:48,727 [Worker-32: Importing Maven projects] INFO  o.e.m.c.i.e.AbstractTransferListenerAdapter - Downloaded https://repo.maven.apache.org/maven2/org/apache/maven/plugins/maven-compiler-plugin/3.14.1/maven-compiler-plugin-3.14.1.pom
2025-11-18 22:53:48,790 [Worker-32: Importing Maven projects] INFO  o.e.m.c.i.e.AbstractTransferListenerAdapter - Downloading https://repo.maven.apache.org/maven2/org/apache/maven/plugins/maven-plugins/45/maven-plugins-45.pom
2025-11-18 22:53:48,845 [Worker-32: Importing Maven projects] INFO  o.e.m.c.i.e.AbstractTransferListenerAdapter - Downloaded https://repo.maven.apache.org/maven2/org/apache/maven/plugins/maven-plugins/45/maven-plugins-45.pom
2025-11-18 22:53:48,898 [Worker-32: Importing Maven projects] INFO  o.e.m.c.i.e.AbstractTransferListenerAdapter - Downloading https://repo.maven.apache.org/maven2/org/apache/maven/maven-parent/45/maven-parent-45.pom
2025-11-18 22:53:48,950 [Worker-32: Importing Maven projects] INFO  o.e.m.c.i.e.AbstractTransferListenerAdapter - Downloaded https://repo.maven.apache.org/maven2/org/apache/maven/maven-parent/45/maven-parent-45.pom
2025-11-18 22:53:49,102 [Worker-32: Importing Maven projects] INFO  o.e.m.c.i.e.AbstractTransferListenerAdapter - Downloading https://repo.maven.apache.org/maven2/org/junit/junit-bom/5.13.1/junit-bom-5.13.1.pom
2025-11-18 22:53:49,146 [Worker-32: Importing Maven projects] INFO  o.e.m.c.i.e.AbstractTransferListenerAdapter - Downloaded https://repo.maven.apache.org/maven2/org/junit/junit-bom/5.13.1/junit-bom-5.13.1.pom
2025-11-18 22:53:50,158 [Worker-32: Importing Maven projects] INFO  o.e.m.c.i.e.AbstractTransferListenerAdapter - Downloading https://repo.maven.apache.org/maven2/org/codehaus/plexus/plexus-utils/4.0.2/plexus-utils-4.0.2.pom
2025-11-18 22:53:50,212 [Worker-32: Importing Maven projects] INFO  o.e.m.c.i.e.AbstractTransferListenerAdapter - Downloaded https://repo.maven.apache.org/maven2/org/codehaus/plexus/plexus-utils/4.0.2/plexus-utils-4.0.2.pom
2025-11-18 22:53:50,515 [Worker-32: Importing Maven projects] INFO  o.e.m.c.i.e.AbstractTransferListenerAdapter - Downloading https://repo.maven.apache.org/maven2/org/codehaus/plexus/plexus-utils/4.0.2/plexus-utils-4.0.2.jar
2025-11-18 22:53:50,596 [Worker-32: Importing Maven projects] INFO  o.e.m.c.i.e.AbstractTransferListenerAdapter - Downloaded https://repo.maven.apache.org/maven2/org/codehaus/plexus/plexus-utils/4.0.2/plexus-utils-4.0.2.jar
2025-11-18 22:53:51,678 [Worker-32: Importing Maven projects] INFO  o.e.m.c.i.l.LifecycleMappingFactory - Using org.eclipse.m2e.jdt.JarLifecycleMapping lifecycle mapping for MavenProject: com.irene:api-gateway:0.0.1-SNAPSHOT @ C:\Users\irene\eclipse-workspace\E-Comm_Appln\api-gateway\pom.xml.
2025-11-18 22:53:51,733 [Worker-32: Importing Maven projects] INFO  o.e.m.c.i.e.AbstractTransferListenerAdapter - Downloading https://repo.maven.apache.org/maven2/org/springframework/cloud/spring-cloud-starter-gateway-server-webmvc/4.3.0/spring-cloud-starter-gateway-server-webmvc-4.3.0.pom
2025-11-18 22:53:51,785 [Worker-32: Importing Maven projects] INFO  o.e.m.c.i.e.AbstractTransferListenerAdapter - Downloaded https://repo.maven.apache.org/maven2/org/springframework/cloud/spring-cloud-starter-gateway-server-webmvc/4.3.0/spring-cloud-starter-gateway-server-webmvc-4.3.0.pom
2025-11-18 22:53:51,823 [Worker-32: Importing Maven projects] INFO  o.e.m.c.i.e.AbstractTransferListenerAdapter - Downloading https://repo.maven.apache.org/maven2/org/springframework/cloud/spring-cloud-gateway/4.3.0/spring-cloud-gateway-4.3.0.pom
2025-11-18 22:53:51,866 [Worker-32: Importing Maven projects] INFO  o.e.m.c.i.e.AbstractTransferListenerAdapter - Downloaded https://repo.maven.apache.org/maven2/org/springframework/cloud/spring-cloud-gateway/4.3.0/spring-cloud-gateway-4.3.0.pom
2025-11-18 22:53:53,342 [Worker-32: Importing Maven projects] INFO  o.e.m.c.i.e.AbstractTransferListenerAdapter - Downloading https://repo.maven.apache.org/maven2/org/springframework/boot/spring-boot-starter/3.5.7/spring-boot-starter-3.5.7.pom
2025-11-18 22:53:53,387 [Worker-32: Importing Maven projects] INFO  o.e.m.c.i.e.AbstractTransferListenerAdapter - Downloaded https://repo.maven.apache.org/maven2/org/springframework/boot/spring-boot-starter/3.5.7/spring-boot-starter-3.5.7.pom
2025-11-18 22:53:53,433 [Worker-32: Importing Maven projects] INFO  o.e.m.c.i.e.AbstractTransferListenerAdapter - Downloading https://repo.maven.apache.org/maven2/org/springframework/boot/spring-boot/3.5.7/spring-boot-3.5.7.pom
2025-11-18 22:53:53,478 [Worker-32: Importing Maven projects] INFO  o.e.m.c.i.e.AbstractTransferListenerAdapter - Downloaded https://repo.maven.apache.org/maven2/org/springframework/boot/spring-boot/3.5.7/spring-boot-3.5.7.pom
2025-11-18 22:53:53,522 [Worker-32: Importing Maven projects] INFO  o.e.m.c.i.e.AbstractTransferListenerAdapter - Downloading https://repo.maven.apache.org/maven2/org/springframework/spring-core/6.2.12/spring-core-6.2.12.pom
2025-11-18 22:53:53,576 [Worker-32: Importing Maven projects] INFO  o.e.m.c.i.e.AbstractTransferListenerAdapter - Downloaded https://repo.maven.apache.org/maven2/org/springframework/spring-core/6.2.12/spring-core-6.2.12.pom
2025-11-18 22:53:53,637 [Worker-32: Importing Maven projects] INFO  o.e.m.c.i.e.AbstractTransferListenerAdapter - Downloading https://repo.maven.apache.org/maven2/org/springframework/spring-jcl/6.2.12/spring-jcl-6.2.12.pom
2025-11-18 22:53:53,685 [Worker-32: Importing Maven projects] INFO  o.e.m.c.i.e.AbstractTransferListenerAdapter - Downloaded https://repo.maven.apache.org/maven2/org/springframework/spring-jcl/6.2.12/spring-jcl-6.2.12.pom
2025-11-18 22:53:53,735 [Worker-32: Importing Maven projects] INFO  o.e.m.c.i.e.AbstractTransferListenerAdapter - Downloading https://repo.maven.apache.org/maven2/org/springframework/spring-context/6.2.12/spring-context-6.2.12.pom
2025-11-18 22:53:53,782 [Worker-32: Importing Maven projects] INFO  o.e.m.c.i.e.AbstractTransferListenerAdapter - Downloaded https://repo.maven.apache.org/maven2/org/springframework/spring-context/6.2.12/spring-context-6.2.12.pom
2025-11-18 22:53:53,821 [Worker-32: Importing Maven projects] INFO  o.e.m.c.i.e.AbstractTransferListenerAdapter - Downloading https://repo.maven.apache.org/maven2/org/springframework/spring-aop/6.2.12/spring-aop-6.2.12.pom
2025-11-18 22:53:53,868 [Worker-32: Importing Maven projects] INFO  o.e.m.c.i.e.AbstractTransferListenerAdapter - Downloaded https://repo.maven.apache.org/maven2/org/springframework/spring-aop/6.2.12/spring-aop-6.2.12.pom
2025-11-18 22:53:53,918 [Worker-32: Importing Maven projects] INFO  o.e.m.c.i.e.AbstractTransferListenerAdapter - Downloading https://repo.maven.apache.org/maven2/org/springframework/spring-beans/6.2.12/spring-beans-6.2.12.pom
2025-11-18 22:53:53,966 [Worker-32: Importing Maven projects] INFO  o.e.m.c.i.e.AbstractTransferListenerAdapter - Downloaded https://repo.maven.apache.org/maven2/org/springframework/spring-beans/6.2.12/spring-beans-6.2.12.pom
2025-11-18 22:53:54,041 [Worker-32: Importing Maven projects] INFO  o.e.m.c.i.e.AbstractTransferListenerAdapter - Downloading https://repo.maven.apache.org/maven2/org/springframework/spring-expression/6.2.12/spring-expression-6.2.12.pom
2025-11-18 22:53:54,086 [Worker-32: Importing Maven projects] INFO  o.e.m.c.i.e.AbstractTransferListenerAdapter - Downloaded https://repo.maven.apache.org/maven2/org/springframework/spring-expression/6.2.12/spring-expression-6.2.12.pom
2025-11-18 22:53:54,132 [Worker-32: Importing Maven projects] INFO  o.e.m.c.i.e.AbstractTransferListenerAdapter - Downloading https://repo.maven.apache.org/maven2/io/micrometer/micrometer-observation/1.15.5/micrometer-observation-1.15.5.pom
2025-11-18 22:53:54,177 [Worker-32: Importing Maven projects] INFO  o.e.m.c.i.e.AbstractTransferListenerAdapter - Downloaded https://repo.maven.apache.org/maven2/io/micrometer/micrometer-observation/1.15.5/micrometer-observation-1.15.5.pom
2025-11-18 22:53:54,224 [Worker-32: Importing Maven projects] INFO  o.e.m.c.i.e.AbstractTransferListenerAdapter - Downloading https://repo.maven.apache.org/maven2/io/micrometer/micrometer-commons/1.15.5/micrometer-commons-1.15.5.pom
2025-11-18 22:53:54,270 [Worker-32: Importing Maven projects] INFO  o.e.m.c.i.e.AbstractTransferListenerAdapter - Downloaded https://repo.maven.apache.org/maven2/io/micrometer/micrometer-commons/1.15.5/micrometer-commons-1.15.5.pom
2025-11-18 22:53:54,310 [Worker-32: Importing Maven projects] INFO  o.e.m.c.i.e.AbstractTransferListenerAdapter - Downloading https://repo.maven.apache.org/maven2/org/springframework/boot/spring-boot-autoconfigure/3.5.7/spring-boot-autoconfigure-3.5.7.pom
2025-11-18 22:53:54,361 [Worker-32: Importing Maven projects] INFO  o.e.m.c.i.e.AbstractTransferListenerAdapter - Downloaded https://repo.maven.apache.org/maven2/org/springframework/boot/spring-boot-autoconfigure/3.5.7/spring-boot-autoconfigure-3.5.7.pom
2025-11-18 22:53:54,412 [Worker-32: Importing Maven projects] INFO  o.e.m.c.i.e.AbstractTransferListenerAdapter - Downloading https://repo.maven.apache.org/maven2/org/springframework/boot/spring-boot-starter-logging/3.5.7/spring-boot-starter-logging-3.5.7.pom
2025-11-18 22:53:54,457 [Worker-32: Importing Maven projects] INFO  o.e.m.c.i.e.AbstractTransferListenerAdapter - Downloaded https://repo.maven.apache.org/maven2/org/springframework/boot/spring-boot-starter-logging/3.5.7/spring-boot-starter-logging-3.5.7.pom
2025-11-18 22:53:54,533 [Worker-32: Importing Maven projects] INFO  o.e.m.c.i.e.AbstractTransferListenerAdapter - Downloading https://repo.maven.apache.org/maven2/ch/qos/logback/logback-classic/1.5.20/logback-classic-1.5.20.pom
2025-11-18 22:53:54,575 [Worker-32: Importing Maven projects] INFO  o.e.m.c.i.e.AbstractTransferListenerAdapter - Downloaded https://repo.maven.apache.org/maven2/ch/qos/logback/logback-classic/1.5.20/logback-classic-1.5.20.pom
2025-11-18 22:53:54,626 [Worker-32: Importing Maven projects] INFO  o.e.m.c.i.e.AbstractTransferListenerAdapter - Downloading https://repo.maven.apache.org/maven2/ch/qos/logback/logback-parent/1.5.20/logback-parent-1.5.20.pom
2025-11-18 22:53:54,672 [Worker-32: Importing Maven projects] INFO  o.e.m.c.i.e.AbstractTransferListenerAdapter - Downloaded https://repo.maven.apache.org/maven2/ch/qos/logback/logback-parent/1.5.20/logback-parent-1.5.20.pom
2025-11-18 22:53:54,755 [Worker-32: Importing Maven projects] INFO  o.e.m.c.i.e.AbstractTransferListenerAdapter - Downloading https://repo.maven.apache.org/maven2/ch/qos/logback/logback-core/1.5.20/logback-core-1.5.20.pom
2025-11-18 22:53:54,805 [Worker-32: Importing Maven projects] INFO  o.e.m.c.i.e.AbstractTransferListenerAdapter - Downloaded https://repo.maven.apache.org/maven2/ch/qos/logback/logback-core/1.5.20/logback-core-1.5.20.pom
2025-11-18 22:53:55,697 [Worker-32: Importing Maven projects] INFO  o.e.m.c.i.e.AbstractTransferListenerAdapter - Downloading https://repo.maven.apache.org/maven2/org/springframework/security/spring-security-crypto/6.5.6/spring-security-crypto-6.5.6.pom
2025-11-18 22:53:55,747 [Worker-32: Importing Maven projects] INFO  o.e.m.c.i.e.AbstractTransferListenerAdapter - Downloaded https://repo.maven.apache.org/maven2/org/springframework/security/spring-security-crypto/6.5.6/spring-security-crypto-6.5.6.pom
2025-11-18 22:53:56,344 [Worker-32: Importing Maven projects] INFO  o.e.m.c.i.e.AbstractTransferListenerAdapter - Downloading https://repo.maven.apache.org/maven2/org/springframework/cloud/spring-cloud-gateway-server-webmvc/4.3.0/spring-cloud-gateway-server-webmvc-4.3.0.pom
2025-11-18 22:53:56,391 [Worker-32: Importing Maven projects] INFO  o.e.m.c.i.e.AbstractTransferListenerAdapter - Downloaded https://repo.maven.apache.org/maven2/org/springframework/cloud/spring-cloud-gateway-server-webmvc/4.3.0/spring-cloud-gateway-server-webmvc-4.3.0.pom
2025-11-18 22:53:56,440 [Worker-32: Importing Maven projects] INFO  o.e.m.c.i.e.AbstractTransferListenerAdapter - Downloading https://repo.maven.apache.org/maven2/org/springframework/cloud/spring-cloud-gateway-server-mvc/4.3.0/spring-cloud-gateway-server-mvc-4.3.0.pom
2025-11-18 22:53:56,486 [Worker-32: Importing Maven projects] INFO  o.e.m.c.i.e.AbstractTransferListenerAdapter - Downloaded https://repo.maven.apache.org/maven2/org/springframework/cloud/spring-cloud-gateway-server-mvc/4.3.0/spring-cloud-gateway-server-mvc-4.3.0.pom
2025-11-18 22:53:56,527 [Worker-32: Importing Maven projects] INFO  o.e.m.c.i.e.AbstractTransferListenerAdapter - Downloading https://repo.maven.apache.org/maven2/org/springframework/boot/spring-boot-starter-web/3.5.7/spring-boot-starter-web-3.5.7.pom
2025-11-18 22:53:56,574 [Worker-32: Importing Maven projects] INFO  o.e.m.c.i.e.AbstractTransferListenerAdapter - Downloaded https://repo.maven.apache.org/maven2/org/springframework/boot/spring-boot-starter-web/3.5.7/spring-boot-starter-web-3.5.7.pom
2025-11-18 22:53:56,611 [Worker-32: Importing Maven projects] INFO  o.e.m.c.i.e.AbstractTransferListenerAdapter - Downloading https://repo.maven.apache.org/maven2/org/springframework/boot/spring-boot-starter-json/3.5.7/spring-boot-starter-json-3.5.7.pom
2025-11-18 22:53:56,656 [Worker-32: Importing Maven projects] INFO  o.e.m.c.i.e.AbstractTransferListenerAdapter - Downloaded https://repo.maven.apache.org/maven2/org/springframework/boot/spring-boot-starter-json/3.5.7/spring-boot-starter-json-3.5.7.pom
2025-11-18 22:53:56,703 [Worker-32: Importing Maven projects] INFO  o.e.m.c.i.e.AbstractTransferListenerAdapter - Downloading https://repo.maven.apache.org/maven2/org/springframework/spring-web/6.2.12/spring-web-6.2.12.pom
2025-11-18 22:53:56,751 [Worker-32: Importing Maven projects] INFO  o.e.m.c.i.e.AbstractTransferListenerAdapter - Downloaded https://repo.maven.apache.org/maven2/org/springframework/spring-web/6.2.12/spring-web-6.2.12.pom
2025-11-18 22:53:57,142 [Worker-32: Importing Maven projects] INFO  o.e.m.c.i.e.AbstractTransferListenerAdapter - Downloading https://repo.maven.apache.org/maven2/org/springframework/boot/spring-boot-starter-tomcat/3.5.7/spring-boot-starter-tomcat-3.5.7.pom
2025-11-18 22:53:57,188 [Worker-32: Importing Maven projects] INFO  o.e.m.c.i.e.AbstractTransferListenerAdapter - Downloaded https://repo.maven.apache.org/maven2/org/springframework/boot/spring-boot-starter-tomcat/3.5.7/spring-boot-starter-tomcat-3.5.7.pom
2025-11-18 22:53:57,228 [Worker-32: Importing Maven projects] INFO  o.e.m.c.i.e.AbstractTransferListenerAdapter - Downloading https://repo.maven.apache.org/maven2/org/apache/tomcat/embed/tomcat-embed-core/10.1.48/tomcat-embed-core-10.1.48.pom
2025-11-18 22:53:57,272 [Worker-32: Importing Maven projects] INFO  o.e.m.c.i.e.AbstractTransferListenerAdapter - Downloaded https://repo.maven.apache.org/maven2/org/apache/tomcat/embed/tomcat-embed-core/10.1.48/tomcat-embed-core-10.1.48.pom
2025-11-18 22:53:57,316 [Worker-32: Importing Maven projects] INFO  o.e.m.c.i.e.AbstractTransferListenerAdapter - Downloading https://repo.maven.apache.org/maven2/org/apache/tomcat/embed/tomcat-embed-el/10.1.48/tomcat-embed-el-10.1.48.pom
2025-11-18 22:53:57,361 [Worker-32: Importing Maven projects] INFO  o.e.m.c.i.e.AbstractTransferListenerAdapter - Downloaded https://repo.maven.apache.org/maven2/org/apache/tomcat/embed/tomcat-embed-el/10.1.48/tomcat-embed-el-10.1.48.pom
2025-11-18 22:53:57,399 [Worker-32: Importing Maven projects] INFO  o.e.m.c.i.e.AbstractTransferListenerAdapter - Downloading https://repo.maven.apache.org/maven2/org/apache/tomcat/embed/tomcat-embed-websocket/10.1.48/tomcat-embed-websocket-10.1.48.pom
2025-11-18 22:53:57,448 [Worker-32: Importing Maven projects] INFO  o.e.m.c.i.e.AbstractTransferListenerAdapter - Downloaded https://repo.maven.apache.org/maven2/org/apache/tomcat/embed/tomcat-embed-websocket/10.1.48/tomcat-embed-websocket-10.1.48.pom
2025-11-18 22:53:57,484 [Worker-32: Importing Maven projects] INFO  o.e.m.c.i.e.AbstractTransferListenerAdapter - Downloading https://repo.maven.apache.org/maven2/org/springframework/spring-webmvc/6.2.12/spring-webmvc-6.2.12.pom
2025-11-18 22:53:57,530 [Worker-32: Importing Maven projects] INFO  o.e.m.c.i.e.AbstractTransferListenerAdapter - Downloaded https://repo.maven.apache.org/maven2/org/springframework/spring-webmvc/6.2.12/spring-webmvc-6.2.12.pom
2025-11-18 22:53:57,605 [Worker-32: Importing Maven projects] INFO  o.e.m.c.i.e.AbstractTransferListenerAdapter - Downloading https://repo.maven.apache.org/maven2/org/springframework/boot/spring-boot-starter-validation/3.5.7/spring-boot-starter-validation-3.5.7.pom
2025-11-18 22:53:57,650 [Worker-32: Importing Maven projects] INFO  o.e.m.c.i.e.AbstractTransferListenerAdapter - Downloaded https://repo.maven.apache.org/maven2/org/springframework/boot/spring-boot-starter-validation/3.5.7/spring-boot-starter-validation-3.5.7.pom
2025-11-18 22:53:58,009 [Worker-32: Importing Maven projects] INFO  o.e.m.c.i.e.AbstractTransferListenerAdapter - Downloading https://repo.maven.apache.org/maven2/com/fasterxml/classmate/1.7.1/classmate-1.7.1.pom
2025-11-18 22:53:58,056 [Worker-32: Importing Maven projects] INFO  o.e.m.c.i.e.AbstractTransferListenerAdapter - Downloaded https://repo.maven.apache.org/maven2/com/fasterxml/classmate/1.7.1/classmate-1.7.1.pom
2025-11-18 22:53:58,127 [Worker-32: Importing Maven projects] INFO  o.e.m.c.i.e.AbstractTransferListenerAdapter - Downloading https://repo.maven.apache.org/maven2/org/springframework/boot/spring-boot-properties-migrator/3.5.7/spring-boot-properties-migrator-3.5.7.pom
2025-11-18 22:53:58,177 [Worker-32: Importing Maven projects] INFO  o.e.m.c.i.e.AbstractTransferListenerAdapter - Downloaded https://repo.maven.apache.org/maven2/org/springframework/boot/spring-boot-properties-migrator/3.5.7/spring-boot-properties-migrator-3.5.7.pom
2025-11-18 22:53:58,219 [Worker-32: Importing Maven projects] INFO  o.e.m.c.i.e.AbstractTransferListenerAdapter - Downloading https://repo.maven.apache.org/maven2/org/springframework/boot/spring-boot-configuration-metadata/3.5.7/spring-boot-configuration-metadata-3.5.7.pom
2025-11-18 22:53:58,267 [Worker-32: Importing Maven projects] INFO  o.e.m.c.i.e.AbstractTransferListenerAdapter - Downloaded https://repo.maven.apache.org/maven2/org/springframework/boot/spring-boot-configuration-metadata/3.5.7/spring-boot-configuration-metadata-3.5.7.pom
2025-11-18 22:54:00,273 [Worker-32: Importing Maven projects] INFO  o.e.m.c.i.e.AbstractTransferListenerAdapter - Downloading https://repo.maven.apache.org/maven2/org/apache/httpcomponents/client5/httpclient5/5.5.1/httpclient5-5.5.1.pom
2025-11-18 22:54:00,320 [Worker-32: Importing Maven projects] INFO  o.e.m.c.i.e.AbstractTransferListenerAdapter - Downloaded https://repo.maven.apache.org/maven2/org/apache/httpcomponents/client5/httpclient5/5.5.1/httpclient5-5.5.1.pom
2025-11-18 22:54:00,593 [Worker-32: Importing Maven projects] INFO  o.e.m.c.i.e.AbstractTransferListenerAdapter - Downloading https://repo.maven.apache.org/maven2/org/apache/httpcomponents/client5/httpclient5-parent/5.5.1/httpclient5-parent-5.5.1.pom
2025-11-18 22:54:00,651 [Worker-32: Importing Maven projects] INFO  o.e.m.c.i.e.AbstractTransferListenerAdapter - Downloaded https://repo.maven.apache.org/maven2/org/apache/httpcomponents/client5/httpclient5-parent/5.5.1/httpclient5-parent-5.5.1.pom
2025-11-18 22:54:00,850 [Worker-32: Importing Maven projects] INFO  o.e.m.c.i.e.AbstractTransferListenerAdapter - Downloading https://repo.maven.apache.org/maven2/org/junit/junit-bom/5.13.0/junit-bom-5.13.0.pom
2025-11-18 22:54:00,896 [Worker-32: Importing Maven projects] INFO  o.e.m.c.i.e.AbstractTransferListenerAdapter - Downloaded https://repo.maven.apache.org/maven2/org/junit/junit-bom/5.13.0/junit-bom-5.13.0.pom
2025-11-18 22:54:00,942 [Worker-32: Importing Maven projects] INFO  o.e.m.c.i.e.AbstractTransferListenerAdapter - Downloading https://repo.maven.apache.org/maven2/org/apache/httpcomponents/core5/httpcore5/5.3.6/httpcore5-5.3.6.pom
2025-11-18 22:54:00,989 [Worker-32: Importing Maven projects] INFO  o.e.m.c.i.e.AbstractTransferListenerAdapter - Downloaded https://repo.maven.apache.org/maven2/org/apache/httpcomponents/core5/httpcore5/5.3.6/httpcore5-5.3.6.pom
2025-11-18 22:54:01,025 [Worker-32: Importing Maven projects] INFO  o.e.m.c.i.e.AbstractTransferListenerAdapter - Downloading https://repo.maven.apache.org/maven2/org/apache/httpcomponents/core5/httpcore5-parent/5.3.6/httpcore5-parent-5.3.6.pom
2025-11-18 22:54:01,088 [Worker-32: Importing Maven projects] INFO  o.e.m.c.i.e.AbstractTransferListenerAdapter - Downloaded https://repo.maven.apache.org/maven2/org/apache/httpcomponents/core5/httpcore5-parent/5.3.6/httpcore5-parent-5.3.6.pom
2025-11-18 22:54:01,178 [Worker-32: Importing Maven projects] INFO  o.e.m.c.i.e.AbstractTransferListenerAdapter - Downloading https://repo.maven.apache.org/maven2/org/apache/httpcomponents/core5/httpcore5-h2/5.3.6/httpcore5-h2-5.3.6.pom
2025-11-18 22:54:01,224 [Worker-32: Importing Maven projects] INFO  o.e.m.c.i.e.AbstractTransferListenerAdapter - Downloaded https://repo.maven.apache.org/maven2/org/apache/httpcomponents/core5/httpcore5-h2/5.3.6/httpcore5-h2-5.3.6.pom
2025-11-18 22:54:01,344 [Worker-32: Importing Maven projects] INFO  o.e.m.c.i.e.AbstractTransferListenerAdapter - Downloading https://repo.maven.apache.org/maven2/io/projectreactor/reactor-core/3.7.12/reactor-core-3.7.12.pom
2025-11-18 22:54:01,401 [Worker-32: Importing Maven projects] INFO  o.e.m.c.i.e.AbstractTransferListenerAdapter - Downloaded https://repo.maven.apache.org/maven2/io/projectreactor/reactor-core/3.7.12/reactor-core-3.7.12.pom
2025-11-18 22:54:01,480 [Worker-32: Importing Maven projects] INFO  o.e.m.c.i.e.AbstractTransferListenerAdapter - Downloading https://repo.maven.apache.org/maven2/io/projectreactor/addons/reactor-extra/3.5.4/reactor-extra-3.5.4.pom
2025-11-18 22:54:01,529 [Worker-32: Importing Maven projects] INFO  o.e.m.c.i.e.AbstractTransferListenerAdapter - Downloaded https://repo.maven.apache.org/maven2/io/projectreactor/addons/reactor-extra/3.5.4/reactor-extra-3.5.4.pom
2025-11-18 22:54:01,565 [Worker-32: Importing Maven projects] INFO  o.e.m.c.i.e.AbstractTransferListenerAdapter - Downloading https://repo.maven.apache.org/maven2/org/springframework/boot/spring-boot-starter-cache/3.5.7/spring-boot-starter-cache-3.5.7.pom
2025-11-18 22:54:01,610 [Worker-32: Importing Maven projects] INFO  o.e.m.c.i.e.AbstractTransferListenerAdapter - Downloaded https://repo.maven.apache.org/maven2/org/springframework/boot/spring-boot-starter-cache/3.5.7/spring-boot-starter-cache-3.5.7.pom
2025-11-18 22:54:01,649 [Worker-32: Importing Maven projects] INFO  o.e.m.c.i.e.AbstractTransferListenerAdapter - Downloading https://repo.maven.apache.org/maven2/org/springframework/spring-context-support/6.2.12/spring-context-support-6.2.12.pom
2025-11-18 22:54:01,696 [Worker-32: Importing Maven projects] INFO  o.e.m.c.i.e.AbstractTransferListenerAdapter - Downloaded https://repo.maven.apache.org/maven2/org/springframework/spring-context-support/6.2.12/spring-context-support-6.2.12.pom
2025-11-18 22:54:01,773 [Worker-32: Importing Maven projects] INFO  o.e.m.c.i.e.AbstractTransferListenerAdapter - Downloading https://repo.maven.apache.org/maven2/org/springframework/boot/spring-boot-starter-test/3.5.7/spring-boot-starter-test-3.5.7.pom
2025-11-18 22:54:01,818 [Worker-32: Importing Maven projects] INFO  o.e.m.c.i.e.AbstractTransferListenerAdapter - Downloaded https://repo.maven.apache.org/maven2/org/springframework/boot/spring-boot-starter-test/3.5.7/spring-boot-starter-test-3.5.7.pom
2025-11-18 22:54:01,857 [Worker-32: Importing Maven projects] INFO  o.e.m.c.i.e.AbstractTransferListenerAdapter - Downloading https://repo.maven.apache.org/maven2/org/springframework/boot/spring-boot-test/3.5.7/spring-boot-test-3.5.7.pom
2025-11-18 22:54:01,902 [Worker-32: Importing Maven projects] INFO  o.e.m.c.i.e.AbstractTransferListenerAdapter - Downloaded https://repo.maven.apache.org/maven2/org/springframework/boot/spring-boot-test/3.5.7/spring-boot-test-3.5.7.pom
2025-11-18 22:54:01,941 [Worker-32: Importing Maven projects] INFO  o.e.m.c.i.e.AbstractTransferListenerAdapter - Downloading https://repo.maven.apache.org/maven2/org/springframework/spring-test/6.2.12/spring-test-6.2.12.pom
2025-11-18 22:54:01,986 [Worker-32: Importing Maven projects] INFO  o.e.m.c.i.e.AbstractTransferListenerAdapter - Downloaded https://repo.maven.apache.org/maven2/org/springframework/spring-test/6.2.12/spring-test-6.2.12.pom
2025-11-18 22:54:02,027 [Worker-32: Importing Maven projects] INFO  o.e.m.c.i.e.AbstractTransferListenerAdapter - Downloading https://repo.maven.apache.org/maven2/org/springframework/boot/spring-boot-test-autoconfigure/3.5.7/spring-boot-test-autoconfigure-3.5.7.pom
2025-11-18 22:54:02,071 [Worker-32: Importing Maven projects] INFO  o.e.m.c.i.e.AbstractTransferListenerAdapter - Downloaded https://repo.maven.apache.org/maven2/org/springframework/boot/spring-boot-test-autoconfigure/3.5.7/spring-boot-test-autoconfigure-3.5.7.pom
2025-11-18 22:54:02,330 [Worker-32: Importing Maven projects] INFO  o.e.m.c.i.e.AbstractTransferListenerAdapter - Downloading https://repo.maven.apache.org/maven2/jakarta/xml/bind/jakarta.xml.bind-api/4.0.4/jakarta.xml.bind-api-4.0.4.pom
2025-11-18 22:54:02,381 [Worker-32: Importing Maven projects] INFO  o.e.m.c.i.e.AbstractTransferListenerAdapter - Downloaded https://repo.maven.apache.org/maven2/jakarta/xml/bind/jakarta.xml.bind-api/4.0.4/jakarta.xml.bind-api-4.0.4.pom
2025-11-18 22:54:02,431 [Worker-32: Importing Maven projects] INFO  o.e.m.c.i.e.AbstractTransferListenerAdapter - Downloading https://repo.maven.apache.org/maven2/jakarta/xml/bind/jakarta.xml.bind-api-parent/4.0.4/jakarta.xml.bind-api-parent-4.0.4.pom
2025-11-18 22:54:02,481 [Worker-32: Importing Maven projects] INFO  o.e.m.c.i.e.AbstractTransferListenerAdapter - Downloaded https://repo.maven.apache.org/maven2/jakarta/xml/bind/jakarta.xml.bind-api-parent/4.0.4/jakarta.xml.bind-api-parent-4.0.4.pom
2025-11-18 22:54:02,577 [Worker-32: Importing Maven projects] INFO  o.e.m.c.i.e.AbstractTransferListenerAdapter - Downloading https://repo.maven.apache.org/maven2/org/assertj/assertj-core/3.27.6/assertj-core-3.27.6.pom
2025-11-18 22:54:02,620 [Worker-32: Importing Maven projects] INFO  o.e.m.c.i.e.AbstractTransferListenerAdapter - Downloaded https://repo.maven.apache.org/maven2/org/assertj/assertj-core/3.27.6/assertj-core-3.27.6.pom
2025-11-18 22:54:02,679 [Worker-32: Importing Maven projects] INFO  o.e.m.c.i.e.AbstractTransferListenerAdapter - Downloading https://repo.maven.apache.org/maven2/net/bytebuddy/byte-buddy/1.17.8/byte-buddy-1.17.8.pom
2025-11-18 22:54:02,725 [Worker-32: Importing Maven projects] INFO  o.e.m.c.i.e.AbstractTransferListenerAdapter - Downloaded https://repo.maven.apache.org/maven2/net/bytebuddy/byte-buddy/1.17.8/byte-buddy-1.17.8.pom
2025-11-18 22:54:02,778 [Worker-32: Importing Maven projects] INFO  o.e.m.c.i.e.AbstractTransferListenerAdapter - Downloading https://repo.maven.apache.org/maven2/net/bytebuddy/byte-buddy-parent/1.17.8/byte-buddy-parent-1.17.8.pom
2025-11-18 22:54:02,833 [Worker-32: Importing Maven projects] INFO  o.e.m.c.i.e.AbstractTransferListenerAdapter - Downloaded https://repo.maven.apache.org/maven2/net/bytebuddy/byte-buddy-parent/1.17.8/byte-buddy-parent-1.17.8.pom
2025-11-18 22:54:03,357 [Worker-32: Importing Maven projects] INFO  o.e.m.c.i.e.AbstractTransferListenerAdapter - Downloading https://repo.maven.apache.org/maven2/net/bytebuddy/byte-buddy-agent/1.17.8/byte-buddy-agent-1.17.8.pom
2025-11-18 22:54:03,402 [Worker-32: Importing Maven projects] INFO  o.e.m.c.i.e.AbstractTransferListenerAdapter - Downloaded https://repo.maven.apache.org/maven2/net/bytebuddy/byte-buddy-agent/1.17.8/byte-buddy-agent-1.17.8.pom
2025-11-18 22:54:03,967 [Worker-32: Importing Maven projects] INFO  o.e.m.c.i.e.AbstractTransferListenerAdapter - Downloading https://repo.maven.apache.org/maven2/org/springframework/cloud/spring-cloud-starter-gateway-server-webmvc/4.3.0/spring-cloud-starter-gateway-server-webmvc-4.3.0.jar
2025-11-18 22:54:04,112 [Worker-32: Importing Maven projects] INFO  o.e.m.c.i.e.AbstractTransferListenerAdapter - Downloaded https://repo.maven.apache.org/maven2/org/springframework/cloud/spring-cloud-starter-gateway-server-webmvc/4.3.0/spring-cloud-starter-gateway-server-webmvc-4.3.0.jar
2025-11-18 22:54:04,151 [BasicRepositoryConnector-repo.maven.apache.org-0-2] INFO  o.e.m.c.i.e.AbstractTransferListenerAdapter - Downloading https://repo.maven.apache.org/maven2/org/springframework/cloud/spring-cloud-gateway-server-mvc/4.3.0/spring-cloud-gateway-server-mvc-4.3.0.jar
2025-11-18 22:54:04,207 [BasicRepositoryConnector-repo.maven.apache.org-0-0] INFO  o.e.m.c.i.e.AbstractTransferListenerAdapter - Downloading https://repo.maven.apache.org/maven2/org/springframework/security/spring-security-crypto/6.5.6/spring-security-crypto-6.5.6.jar
2025-11-18 22:54:04,218 [BasicRepositoryConnector-repo.maven.apache.org-0-1] INFO  o.e.m.c.i.e.AbstractTransferListenerAdapter - Downloading https://repo.maven.apache.org/maven2/org/springframework/cloud/spring-cloud-gateway-server-webmvc/4.3.0/spring-cloud-gateway-server-webmvc-4.3.0.jar
2025-11-18 22:54:04,237 [BasicRepositoryConnector-repo.maven.apache.org-0-3] INFO  o.e.m.c.i.e.AbstractTransferListenerAdapter - Downloading https://repo.maven.apache.org/maven2/org/springframework/boot/spring-boot-starter-validation/3.5.7/spring-boot-starter-validation-3.5.7.jar
2025-11-18 22:54:04,284 [BasicRepositoryConnector-repo.maven.apache.org-0-0] INFO  o.e.m.c.i.e.AbstractTransferListenerAdapter - Downloaded https://repo.maven.apache.org/maven2/org/springframework/security/spring-security-crypto/6.5.6/spring-security-crypto-6.5.6.jar
2025-11-18 22:54:04,330 [BasicRepositoryConnector-repo.maven.apache.org-0-3] INFO  o.e.m.c.i.e.AbstractTransferListenerAdapter - Downloaded https://repo.maven.apache.org/maven2/org/springframework/boot/spring-boot-starter-validation/3.5.7/spring-boot-starter-validation-3.5.7.jar
2025-11-18 22:54:04,330 [BasicRepositoryConnector-repo.maven.apache.org-0-0] INFO  o.e.m.c.i.e.AbstractTransferListenerAdapter - Downloading https://repo.maven.apache.org/maven2/org/springframework/boot/spring-boot-starter-web/3.5.7/spring-boot-starter-web-3.5.7.jar
2025-11-18 22:54:04,331 [BasicRepositoryConnector-repo.maven.apache.org-0-1] INFO  o.e.m.c.i.e.AbstractTransferListenerAdapter - Downloaded https://repo.maven.apache.org/maven2/org/springframework/cloud/spring-cloud-gateway-server-webmvc/4.3.0/spring-cloud-gateway-server-webmvc-4.3.0.jar
2025-11-18 22:54:04,340 [BasicRepositoryConnector-repo.maven.apache.org-0-2] INFO  o.e.m.c.i.e.AbstractTransferListenerAdapter - Downloaded https://repo.maven.apache.org/maven2/org/springframework/cloud/spring-cloud-gateway-server-mvc/4.3.0/spring-cloud-gateway-server-mvc-4.3.0.jar
2025-11-18 22:54:04,361 [BasicRepositoryConnector-repo.maven.apache.org-0-3] INFO  o.e.m.c.i.e.AbstractTransferListenerAdapter - Downloading https://repo.maven.apache.org/maven2/org/springframework/boot/spring-boot-starter-json/3.5.7/spring-boot-starter-json-3.5.7.jar
2025-11-18 22:54:04,377 [BasicRepositoryConnector-repo.maven.apache.org-0-1] INFO  o.e.m.c.i.e.AbstractTransferListenerAdapter - Downloading https://repo.maven.apache.org/maven2/org/springframework/boot/spring-boot-starter-tomcat/3.5.7/spring-boot-starter-tomcat-3.5.7.jar
2025-11-18 22:54:04,393 [BasicRepositoryConnector-repo.maven.apache.org-0-2] INFO  o.e.m.c.i.e.AbstractTransferListenerAdapter - Downloading https://repo.maven.apache.org/maven2/org/apache/tomcat/embed/tomcat-embed-core/10.1.48/tomcat-embed-core-10.1.48.jar
2025-11-18 22:54:04,409 [BasicRepositoryConnector-repo.maven.apache.org-0-4] INFO  o.e.m.c.i.e.AbstractTransferListenerAdapter - Downloading https://repo.maven.apache.org/maven2/com/fasterxml/classmate/1.7.1/classmate-1.7.1.jar
2025-11-18 22:54:04,416 [BasicRepositoryConnector-repo.maven.apache.org-0-0] INFO  o.e.m.c.i.e.AbstractTransferListenerAdapter - Downloaded https://repo.maven.apache.org/maven2/org/springframework/boot/spring-boot-starter-web/3.5.7/spring-boot-starter-web-3.5.7.jar
2025-11-18 22:54:04,447 [BasicRepositoryConnector-repo.maven.apache.org-0-3] INFO  o.e.m.c.i.e.AbstractTransferListenerAdapter - Downloaded https://repo.maven.apache.org/maven2/org/springframework/boot/spring-boot-starter-json/3.5.7/spring-boot-starter-json-3.5.7.jar
2025-11-18 22:54:04,464 [BasicRepositoryConnector-repo.maven.apache.org-0-1] INFO  o.e.m.c.i.e.AbstractTransferListenerAdapter - Downloaded https://repo.maven.apache.org/maven2/org/springframework/boot/spring-boot-starter-tomcat/3.5.7/spring-boot-starter-tomcat-3.5.7.jar
2025-11-18 22:54:04,467 [BasicRepositoryConnector-repo.maven.apache.org-0-0] INFO  o.e.m.c.i.e.AbstractTransferListenerAdapter - Downloading https://repo.maven.apache.org/maven2/org/apache/tomcat/embed/tomcat-embed-el/10.1.48/tomcat-embed-el-10.1.48.jar
2025-11-18 22:54:04,490 [BasicRepositoryConnector-repo.maven.apache.org-0-4] INFO  o.e.m.c.i.e.AbstractTransferListenerAdapter - Downloaded https://repo.maven.apache.org/maven2/com/fasterxml/classmate/1.7.1/classmate-1.7.1.jar
2025-11-18 22:54:04,512 [BasicRepositoryConnector-repo.maven.apache.org-0-3] INFO  o.e.m.c.i.e.AbstractTransferListenerAdapter - Downloading https://repo.maven.apache.org/maven2/org/apache/tomcat/embed/tomcat-embed-websocket/10.1.48/tomcat-embed-websocket-10.1.48.jar
2025-11-18 22:54:04,562 [BasicRepositoryConnector-repo.maven.apache.org-0-4] INFO  o.e.m.c.i.e.AbstractTransferListenerAdapter - Downloading https://repo.maven.apache.org/maven2/org/springframework/spring-beans/6.2.12/spring-beans-6.2.12.jar
2025-11-18 22:54:04,599 [BasicRepositoryConnector-repo.maven.apache.org-0-1] INFO  o.e.m.c.i.e.AbstractTransferListenerAdapter - Downloading https://repo.maven.apache.org/maven2/org/springframework/spring-web/6.2.12/spring-web-6.2.12.jar
2025-11-18 22:54:05,011 [BasicRepositoryConnector-repo.maven.apache.org-0-3] INFO  o.e.m.c.i.e.AbstractTransferListenerAdapter - Downloaded https://repo.maven.apache.org/maven2/org/apache/tomcat/embed/tomcat-embed-websocket/10.1.48/tomcat-embed-websocket-10.1.48.jar
2025-11-18 22:54:05,058 [BasicRepositoryConnector-repo.maven.apache.org-0-0] INFO  o.e.m.c.i.e.AbstractTransferListenerAdapter - Downloaded https://repo.maven.apache.org/maven2/org/apache/tomcat/embed/tomcat-embed-el/10.1.48/tomcat-embed-el-10.1.48.jar
2025-11-18 22:54:05,080 [BasicRepositoryConnector-repo.maven.apache.org-0-3] INFO  o.e.m.c.i.e.AbstractTransferListenerAdapter - Downloading https://repo.maven.apache.org/maven2/io/micrometer/micrometer-observation/1.15.5/micrometer-observation-1.15.5.jar
2025-11-18 22:54:05,141 [BasicRepositoryConnector-repo.maven.apache.org-0-1] INFO  o.e.m.c.i.e.AbstractTransferListenerAdapter - Downloaded https://repo.maven.apache.org/maven2/org/springframework/spring-web/6.2.12/spring-web-6.2.12.jar
2025-11-18 22:54:05,290 [BasicRepositoryConnector-repo.maven.apache.org-0-0] INFO  o.e.m.c.i.e.AbstractTransferListenerAdapter - Downloading https://repo.maven.apache.org/maven2/io/micrometer/micrometer-commons/1.15.5/micrometer-commons-1.15.5.jar
2025-11-18 22:54:05,305 [BasicRepositoryConnector-repo.maven.apache.org-0-1] INFO  o.e.m.c.i.e.AbstractTransferListenerAdapter - Downloading https://repo.maven.apache.org/maven2/org/springframework/spring-webmvc/6.2.12/spring-webmvc-6.2.12.jar
2025-11-18 22:54:05,365 [BasicRepositoryConnector-repo.maven.apache.org-0-3] INFO  o.e.m.c.i.e.AbstractTransferListenerAdapter - Downloaded https://repo.maven.apache.org/maven2/io/micrometer/micrometer-observation/1.15.5/micrometer-observation-1.15.5.jar
2025-11-18 22:54:05,474 [BasicRepositoryConnector-repo.maven.apache.org-0-3] INFO  o.e.m.c.i.e.AbstractTransferListenerAdapter - Downloading https://repo.maven.apache.org/maven2/org/springframework/spring-aop/6.2.12/spring-aop-6.2.12.jar
2025-11-18 22:54:05,718 [BasicRepositoryConnector-repo.maven.apache.org-0-1] INFO  o.e.m.c.i.e.AbstractTransferListenerAdapter - Downloaded https://repo.maven.apache.org/maven2/org/springframework/spring-webmvc/6.2.12/spring-webmvc-6.2.12.jar
2025-11-18 22:54:05,770 [BasicRepositoryConnector-repo.maven.apache.org-0-1] INFO  o.e.m.c.i.e.AbstractTransferListenerAdapter - Downloading https://repo.maven.apache.org/maven2/org/springframework/spring-context/6.2.12/spring-context-6.2.12.jar
2025-11-18 22:54:05,931 [BasicRepositoryConnector-repo.maven.apache.org-0-3] INFO  o.e.m.c.i.e.AbstractTransferListenerAdapter - Downloaded https://repo.maven.apache.org/maven2/org/springframework/spring-aop/6.2.12/spring-aop-6.2.12.jar
2025-11-18 22:54:05,965 [BasicRepositoryConnector-repo.maven.apache.org-0-2] INFO  o.e.m.c.i.e.AbstractTransferListenerAdapter - Downloaded https://repo.maven.apache.org/maven2/org/apache/tomcat/embed/tomcat-embed-core/10.1.48/tomcat-embed-core-10.1.48.jar
2025-11-18 22:54:05,982 [BasicRepositoryConnector-repo.maven.apache.org-0-3] INFO  o.e.m.c.i.e.AbstractTransferListenerAdapter - Downloading https://repo.maven.apache.org/maven2/org/springframework/spring-expression/6.2.12/spring-expression-6.2.12.jar
2025-11-18 22:54:06,010 [BasicRepositoryConnector-repo.maven.apache.org-0-2] INFO  o.e.m.c.i.e.AbstractTransferListenerAdapter - Downloading https://repo.maven.apache.org/maven2/org/springframework/boot/spring-boot-properties-migrator/3.5.7/spring-boot-properties-migrator-3.5.7.jar
2025-11-18 22:54:06,128 [BasicRepositoryConnector-repo.maven.apache.org-0-1] INFO  o.e.m.c.i.e.AbstractTransferListenerAdapter - Downloaded https://repo.maven.apache.org/maven2/org/springframework/spring-context/6.2.12/spring-context-6.2.12.jar
2025-11-18 22:54:06,133 [BasicRepositoryConnector-repo.maven.apache.org-0-3] INFO  o.e.m.c.i.e.AbstractTransferListenerAdapter - Downloaded https://repo.maven.apache.org/maven2/org/springframework/spring-expression/6.2.12/spring-expression-6.2.12.jar
2025-11-18 22:54:06,173 [BasicRepositoryConnector-repo.maven.apache.org-0-3] INFO  o.e.m.c.i.e.AbstractTransferListenerAdapter - Downloading https://repo.maven.apache.org/maven2/org/springframework/boot/spring-boot-configuration-metadata/3.5.7/spring-boot-configuration-metadata-3.5.7.jar
2025-11-18 22:54:06,178 [BasicRepositoryConnector-repo.maven.apache.org-0-1] INFO  o.e.m.c.i.e.AbstractTransferListenerAdapter - Downloading https://repo.maven.apache.org/maven2/org/springframework/boot/spring-boot/3.5.7/spring-boot-3.5.7.jar
2025-11-18 22:54:06,456 [BasicRepositoryConnector-repo.maven.apache.org-0-2] INFO  o.e.m.c.i.e.AbstractTransferListenerAdapter - Downloaded https://repo.maven.apache.org/maven2/org/springframework/boot/spring-boot-properties-migrator/3.5.7/spring-boot-properties-migrator-3.5.7.jar
2025-11-18 22:54:06,461 [BasicRepositoryConnector-repo.maven.apache.org-0-4] INFO  o.e.m.c.i.e.AbstractTransferListenerAdapter - Downloaded https://repo.maven.apache.org/maven2/org/springframework/spring-beans/6.2.12/spring-beans-6.2.12.jar
2025-11-18 22:54:06,526 [BasicRepositoryConnector-repo.maven.apache.org-0-2] INFO  o.e.m.c.i.e.AbstractTransferListenerAdapter - Downloading https://repo.maven.apache.org/maven2/org/apache/httpcomponents/client5/httpclient5/5.5.1/httpclient5-5.5.1.jar
2025-11-18 22:54:06,529 [BasicRepositoryConnector-repo.maven.apache.org-0-4] INFO  o.e.m.c.i.e.AbstractTransferListenerAdapter - Downloading https://repo.maven.apache.org/maven2/org/apache/httpcomponents/core5/httpcore5/5.3.6/httpcore5-5.3.6.jar
2025-11-18 22:54:06,817 [BasicRepositoryConnector-repo.maven.apache.org-0-0] INFO  o.e.m.c.i.e.AbstractTransferListenerAdapter - Downloaded https://repo.maven.apache.org/maven2/io/micrometer/micrometer-commons/1.15.5/micrometer-commons-1.15.5.jar
2025-11-18 22:54:06,840 [BasicRepositoryConnector-repo.maven.apache.org-0-3] INFO  o.e.m.c.i.e.AbstractTransferListenerAdapter - Downloaded https://repo.maven.apache.org/maven2/org/springframework/boot/spring-boot-configuration-metadata/3.5.7/spring-boot-configuration-metadata-3.5.7.jar
2025-11-18 22:54:06,908 [BasicRepositoryConnector-repo.maven.apache.org-0-1] INFO  o.e.m.c.i.e.AbstractTransferListenerAdapter - Downloaded https://repo.maven.apache.org/maven2/org/springframework/boot/spring-boot/3.5.7/spring-boot-3.5.7.jar
2025-11-18 22:54:06,953 [BasicRepositoryConnector-repo.maven.apache.org-0-0] INFO  o.e.m.c.i.e.AbstractTransferListenerAdapter - Downloading https://repo.maven.apache.org/maven2/org/apache/httpcomponents/core5/httpcore5-h2/5.3.6/httpcore5-h2-5.3.6.jar
2025-11-18 22:54:06,981 [BasicRepositoryConnector-repo.maven.apache.org-0-3] INFO  o.e.m.c.i.e.AbstractTransferListenerAdapter - Downloading https://repo.maven.apache.org/maven2/com/google/errorprone/error_prone_annotations/2.41.0/error_prone_annotations-2.41.0.jar
2025-11-18 22:54:06,988 [BasicRepositoryConnector-repo.maven.apache.org-0-4] INFO  o.e.m.c.i.e.AbstractTransferListenerAdapter - Downloaded https://repo.maven.apache.org/maven2/org/apache/httpcomponents/core5/httpcore5/5.3.6/httpcore5-5.3.6.jar
2025-11-18 22:54:07,014 [BasicRepositoryConnector-repo.maven.apache.org-0-1] INFO  o.e.m.c.i.e.AbstractTransferListenerAdapter - Downloading https://repo.maven.apache.org/maven2/io/projectreactor/reactor-core/3.7.12/reactor-core-3.7.12.jar
2025-11-18 22:54:07,061 [BasicRepositoryConnector-repo.maven.apache.org-0-4] INFO  o.e.m.c.i.e.AbstractTransferListenerAdapter - Downloading https://repo.maven.apache.org/maven2/io/projectreactor/addons/reactor-extra/3.5.4/reactor-extra-3.5.4.jar
2025-11-18 22:54:07,138 [BasicRepositoryConnector-repo.maven.apache.org-0-4] INFO  o.e.m.c.i.e.AbstractTransferListenerAdapter - Downloaded https://repo.maven.apache.org/maven2/io/projectreactor/addons/reactor-extra/3.5.4/reactor-extra-3.5.4.jar
2025-11-18 22:54:07,168 [BasicRepositoryConnector-repo.maven.apache.org-0-0] INFO  o.e.m.c.i.e.AbstractTransferListenerAdapter - Downloaded https://repo.maven.apache.org/maven2/org/apache/httpcomponents/core5/httpcore5-h2/5.3.6/httpcore5-h2-5.3.6.jar
2025-11-18 22:54:07,189 [BasicRepositoryConnector-repo.maven.apache.org-0-4] INFO  o.e.m.c.i.e.AbstractTransferListenerAdapter - Downloading https://repo.maven.apache.org/maven2/org/springframework/boot/spring-boot-starter-cache/3.5.7/spring-boot-starter-cache-3.5.7.jar
2025-11-18 22:54:07,319 [BasicRepositoryConnector-repo.maven.apache.org-0-0] INFO  o.e.m.c.i.e.AbstractTransferListenerAdapter - Downloading https://repo.maven.apache.org/maven2/org/springframework/spring-context-support/6.2.12/spring-context-support-6.2.12.jar
2025-11-18 22:54:07,343 [BasicRepositoryConnector-repo.maven.apache.org-0-4] INFO  o.e.m.c.i.e.AbstractTransferListenerAdapter - Downloaded https://repo.maven.apache.org/maven2/org/springframework/boot/spring-boot-starter-cache/3.5.7/spring-boot-starter-cache-3.5.7.jar
2025-11-18 22:54:07,380 [BasicRepositoryConnector-repo.maven.apache.org-0-0] INFO  o.e.m.c.i.e.AbstractTransferListenerAdapter - Downloaded https://repo.maven.apache.org/maven2/org/springframework/spring-context-support/6.2.12/spring-context-support-6.2.12.jar
2025-11-18 22:54:07,443 [BasicRepositoryConnector-repo.maven.apache.org-0-4] INFO  o.e.m.c.i.e.AbstractTransferListenerAdapter - Downloading https://repo.maven.apache.org/maven2/org/springframework/boot/spring-boot-starter-test/3.5.7/spring-boot-starter-test-3.5.7.jar
2025-11-18 22:54:07,463 [BasicRepositoryConnector-repo.maven.apache.org-0-0] INFO  o.e.m.c.i.e.AbstractTransferListenerAdapter - Downloading https://repo.maven.apache.org/maven2/org/springframework/boot/spring-boot-starter/3.5.7/spring-boot-starter-3.5.7.jar
2025-11-18 22:54:07,526 [BasicRepositoryConnector-repo.maven.apache.org-0-4] INFO  o.e.m.c.i.e.AbstractTransferListenerAdapter - Downloaded https://repo.maven.apache.org/maven2/org/springframework/boot/spring-boot-starter-test/3.5.7/spring-boot-starter-test-3.5.7.jar
2025-11-18 22:54:07,546 [BasicRepositoryConnector-repo.maven.apache.org-0-0] INFO  o.e.m.c.i.e.AbstractTransferListenerAdapter - Downloaded https://repo.maven.apache.org/maven2/org/springframework/boot/spring-boot-starter/3.5.7/spring-boot-starter-3.5.7.jar
2025-11-18 22:54:07,601 [BasicRepositoryConnector-repo.maven.apache.org-0-4] INFO  o.e.m.c.i.e.AbstractTransferListenerAdapter - Downloading https://repo.maven.apache.org/maven2/org/springframework/boot/spring-boot-autoconfigure/3.5.7/spring-boot-autoconfigure-3.5.7.jar
2025-11-18 22:54:07,609 [BasicRepositoryConnector-repo.maven.apache.org-0-0] INFO  o.e.m.c.i.e.AbstractTransferListenerAdapter - Downloading https://repo.maven.apache.org/maven2/org/springframework/boot/spring-boot-starter-logging/3.5.7/spring-boot-starter-logging-3.5.7.jar
2025-11-18 22:54:07,664 [BasicRepositoryConnector-repo.maven.apache.org-0-2] INFO  o.e.m.c.i.e.AbstractTransferListenerAdapter - Downloaded https://repo.maven.apache.org/maven2/org/apache/httpcomponents/client5/httpclient5/5.5.1/httpclient5-5.5.1.jar
2025-11-18 22:54:07,700 [BasicRepositoryConnector-repo.maven.apache.org-0-0] INFO  o.e.m.c.i.e.AbstractTransferListenerAdapter - Downloaded https://repo.maven.apache.org/maven2/org/springframework/boot/spring-boot-starter-logging/3.5.7/spring-boot-starter-logging-3.5.7.jar
2025-11-18 22:54:07,703 [BasicRepositoryConnector-repo.maven.apache.org-0-2] INFO  o.e.m.c.i.e.AbstractTransferListenerAdapter - Downloading https://repo.maven.apache.org/maven2/ch/qos/logback/logback-classic/1.5.20/logback-classic-1.5.20.jar
2025-11-18 22:54:07,815 [BasicRepositoryConnector-repo.maven.apache.org-0-0] INFO  o.e.m.c.i.e.AbstractTransferListenerAdapter - Downloading https://repo.maven.apache.org/maven2/ch/qos/logback/logback-core/1.5.20/logback-core-1.5.20.jar
2025-11-18 22:54:07,862 [BasicRepositoryConnector-repo.maven.apache.org-0-2] INFO  o.e.m.c.i.e.AbstractTransferListenerAdapter - Downloaded https://repo.maven.apache.org/maven2/ch/qos/logback/logback-classic/1.5.20/logback-classic-1.5.20.jar
2025-11-18 22:54:07,863 [BasicRepositoryConnector-repo.maven.apache.org-0-3] INFO  o.e.m.c.i.e.AbstractTransferListenerAdapter - Downloaded https://repo.maven.apache.org/maven2/com/google/errorprone/error_prone_annotations/2.41.0/error_prone_annotations-2.41.0.jar
2025-11-18 22:54:08,004 [BasicRepositoryConnector-repo.maven.apache.org-0-2] INFO  o.e.m.c.i.e.AbstractTransferListenerAdapter - Downloading https://repo.maven.apache.org/maven2/org/springframework/boot/spring-boot-test/3.5.7/spring-boot-test-3.5.7.jar
2025-11-18 22:54:08,018 [BasicRepositoryConnector-repo.maven.apache.org-0-3] INFO  o.e.m.c.i.e.AbstractTransferListenerAdapter - Downloading https://repo.maven.apache.org/maven2/org/springframework/boot/spring-boot-test-autoconfigure/3.5.7/spring-boot-test-autoconfigure-3.5.7.jar
2025-11-18 22:54:08,192 [BasicRepositoryConnector-repo.maven.apache.org-0-3] INFO  o.e.m.c.i.e.AbstractTransferListenerAdapter - Downloaded https://repo.maven.apache.org/maven2/org/springframework/boot/spring-boot-test-autoconfigure/3.5.7/spring-boot-test-autoconfigure-3.5.7.jar
2025-11-18 22:54:08,291 [BasicRepositoryConnector-repo.maven.apache.org-0-2] INFO  o.e.m.c.i.e.AbstractTransferListenerAdapter - Downloaded https://repo.maven.apache.org/maven2/org/springframework/boot/spring-boot-test/3.5.7/spring-boot-test-3.5.7.jar
2025-11-18 22:54:08,313 [BasicRepositoryConnector-repo.maven.apache.org-0-3] INFO  o.e.m.c.i.e.AbstractTransferListenerAdapter - Downloading https://repo.maven.apache.org/maven2/jakarta/xml/bind/jakarta.xml.bind-api/4.0.4/jakarta.xml.bind-api-4.0.4.jar
2025-11-18 22:54:08,363 [BasicRepositoryConnector-repo.maven.apache.org-0-2] INFO  o.e.m.c.i.e.AbstractTransferListenerAdapter - Downloading https://repo.maven.apache.org/maven2/org/assertj/assertj-core/3.27.6/assertj-core-3.27.6.jar
2025-11-18 22:54:08,392 [BasicRepositoryConnector-repo.maven.apache.org-0-3] INFO  o.e.m.c.i.e.AbstractTransferListenerAdapter - Downloaded https://repo.maven.apache.org/maven2/jakarta/xml/bind/jakarta.xml.bind-api/4.0.4/jakarta.xml.bind-api-4.0.4.jar
2025-11-18 22:54:08,404 [BasicRepositoryConnector-repo.maven.apache.org-0-1] INFO  o.e.m.c.i.e.AbstractTransferListenerAdapter - Downloaded https://repo.maven.apache.org/maven2/io/projectreactor/reactor-core/3.7.12/reactor-core-3.7.12.jar
2025-11-18 22:54:08,439 [BasicRepositoryConnector-repo.maven.apache.org-0-1] INFO  o.e.m.c.i.e.AbstractTransferListenerAdapter - Downloading https://repo.maven.apache.org/maven2/net/bytebuddy/byte-buddy-agent/1.17.8/byte-buddy-agent-1.17.8.jar
2025-11-18 22:54:08,440 [BasicRepositoryConnector-repo.maven.apache.org-0-3] INFO  o.e.m.c.i.e.AbstractTransferListenerAdapter - Downloading https://repo.maven.apache.org/maven2/net/bytebuddy/byte-buddy/1.17.8/byte-buddy-1.17.8.jar
2025-11-18 22:54:08,455 [BasicRepositoryConnector-repo.maven.apache.org-0-0] INFO  o.e.m.c.i.e.AbstractTransferListenerAdapter - Downloaded https://repo.maven.apache.org/maven2/ch/qos/logback/logback-core/1.5.20/logback-core-1.5.20.jar
2025-11-18 22:54:08,547 [BasicRepositoryConnector-repo.maven.apache.org-0-0] INFO  o.e.m.c.i.e.AbstractTransferListenerAdapter - Downloading https://repo.maven.apache.org/maven2/org/springframework/spring-core/6.2.12/spring-core-6.2.12.jar
2025-11-18 22:54:08,740 [BasicRepositoryConnector-repo.maven.apache.org-0-1] INFO  o.e.m.c.i.e.AbstractTransferListenerAdapter - Downloaded https://repo.maven.apache.org/maven2/net/bytebuddy/byte-buddy-agent/1.17.8/byte-buddy-agent-1.17.8.jar
2025-11-18 22:54:08,808 [BasicRepositoryConnector-repo.maven.apache.org-0-1] INFO  o.e.m.c.i.e.AbstractTransferListenerAdapter - Downloading https://repo.maven.apache.org/maven2/org/springframework/spring-jcl/6.2.12/spring-jcl-6.2.12.jar
2025-11-18 22:54:09,016 [BasicRepositoryConnector-repo.maven.apache.org-0-4] INFO  o.e.m.c.i.e.AbstractTransferListenerAdapter - Downloaded https://repo.maven.apache.org/maven2/org/springframework/boot/spring-boot-autoconfigure/3.5.7/spring-boot-autoconfigure-3.5.7.jar
2025-11-18 22:54:09,050 [BasicRepositoryConnector-repo.maven.apache.org-0-2] INFO  o.e.m.c.i.e.AbstractTransferListenerAdapter - Downloaded https://repo.maven.apache.org/maven2/org/assertj/assertj-core/3.27.6/assertj-core-3.27.6.jar
2025-11-18 22:54:09,061 [BasicRepositoryConnector-repo.maven.apache.org-0-4] INFO  o.e.m.c.i.e.AbstractTransferListenerAdapter - Downloading https://repo.maven.apache.org/maven2/org/springframework/spring-test/6.2.12/spring-test-6.2.12.jar
2025-11-18 22:54:09,458 [BasicRepositoryConnector-repo.maven.apache.org-0-1] INFO  o.e.m.c.i.e.AbstractTransferListenerAdapter - Downloaded https://repo.maven.apache.org/maven2/org/springframework/spring-jcl/6.2.12/spring-jcl-6.2.12.jar
2025-11-18 22:54:09,671 [BasicRepositoryConnector-repo.maven.apache.org-0-0] INFO  o.e.m.c.i.e.AbstractTransferListenerAdapter - Downloaded https://repo.maven.apache.org/maven2/org/springframework/spring-core/6.2.12/spring-core-6.2.12.jar
2025-11-18 22:54:09,896 [BasicRepositoryConnector-repo.maven.apache.org-0-4] INFO  o.e.m.c.i.e.AbstractTransferListenerAdapter - Downloaded https://repo.maven.apache.org/maven2/org/springframework/spring-test/6.2.12/spring-test-6.2.12.jar
2025-11-18 22:54:11,792 [BasicRepositoryConnector-repo.maven.apache.org-0-3] INFO  o.e.m.c.i.e.AbstractTransferListenerAdapter - Downloaded https://repo.maven.apache.org/maven2/net/bytebuddy/byte-buddy/1.17.8/byte-buddy-1.17.8.jar
2025-11-18 22:54:12,796 [Worker-32: Importing Maven projects] INFO  o.e.m.c.i.l.LifecycleMappingFactory - Using org.eclipse.m2e.jdt.JarLifecycleMapping lifecycle mapping for MavenProject: com.irene:service-registry:0.0.1-SNAPSHOT @ C:\Users\irene\eclipse-workspace\E-Comm_Appln\service-registry\pom.xml.
2025-11-18 22:54:18,072 [Worker-32: Importing Maven projects] INFO  o.e.m.c.i.l.LifecycleMappingFactory - Using org.eclipse.m2e.jdt.JarLifecycleMapping lifecycle mapping for MavenProject: com.irene:productService:0.0.1-SNAPSHOT @ C:\Users\irene\eclipse-workspace\E-Comm_Appln\product-service\pom.xml.
2025-11-18 22:54:24,099 [Worker-32: Importing Maven projects] INFO  o.e.m.c.i.l.LifecycleMappingFactory - Using org.eclipse.m2e.jdt.JarLifecycleMapping lifecycle mapping for MavenProject: com.irene:paymentService:0.0.1-SNAPSHOT @ C:\Users\irene\eclipse-workspace\E-Comm_Appln\payment-service\pom.xml.
2025-11-18 22:54:25,332 [Worker-32: Importing Maven projects] INFO  o.e.m.c.i.p.WorkspaceClassifierResolverManager - Resolving P/order-service: com.irene:orderService:0.0.1-SNAPSHOT with classifier  to /order-service/target/classes
2025-11-18 22:54:25,332 [Worker-32: Importing Maven projects] INFO  o.e.m.c.i.p.WorkspaceClassifierResolverManager - Resolving P/product-service: com.irene:productService:0.0.1-SNAPSHOT with classifier  to /product-service/target/classes
2025-11-18 22:54:25,436 [Worker-32: Importing Maven projects] INFO  o.e.m.c.i.l.LifecycleMappingFactory - Using org.eclipse.m2e.jdt.JarLifecycleMapping lifecycle mapping for MavenProject: com.irene:orderService:0.0.1-SNAPSHOT @ C:\Users\irene\eclipse-workspace\E-Comm_Appln\order-service\pom.xml.
2025-11-18 22:54:25,693 [Worker-32: Importing Maven projects] INFO  o.e.m.c.i.p.WorkspaceClassifierResolverManager - Resolving P/product-service: com.irene:productService:0.0.1-SNAPSHOT with classifier  to /product-service/target/classes
2025-11-18 22:54:25,775 [Worker-32: Importing Maven projects] INFO  o.e.m.c.i.l.LifecycleMappingFactory - Using org.eclipse.m2e.jdt.JarLifecycleMapping lifecycle mapping for MavenProject: com.irene:api-gateway:0.0.1-SNAPSHOT @ C:\Users\irene\eclipse-workspace\E-Comm_Appln\api-gateway\pom.xml.
2025-11-18 22:55:03,446 [Worker-40: Download sources and javadoc] INFO  o.e.m.c.i.e.AbstractTransferListenerAdapter - Downloaded https://repo.maven.apache.org/maven2/org/springframework/cloud/spring-cloud-starter-gateway-server-webmvc/4.3.0/spring-cloud-starter-gateway-server-webmvc-4.3.0-sources.jar
2025-11-18 22:55:03,454 [Worker-40: Download sources and javadoc] ERROR o.e.m.j.internal.DownloadSourcesJob - Could not download sources for org.springframework.cloud:spring-cloud-starter-gateway-server-webmvc:4.3.0
org.eclipse.core.runtime.CoreException: Could not resolve artifact org.springframework.cloud:spring-cloud-starter-gateway-server-webmvc:jar:sources:4.3.0
	at org.eclipse.m2e.core.internal.embedder.MavenImpl.lambda$7(MavenImpl.java:540)
	at org.eclipse.m2e.core.internal.embedder.MavenExecutionContext.executeBare(MavenExecutionContext.java:458)
	at org.eclipse.m2e.core.internal.embedder.MavenExecutionContext.execute(MavenExecutionContext.java:292)
	at org.eclipse.m2e.core.internal.embedder.MavenExecutionContext.execute(MavenExecutionContext.java:278)
	at org.eclipse.m2e.core.internal.embedder.MavenImpl.resolve(MavenImpl.java:509)
	at org.eclipse.m2e.core.internal.embedder.MavenImpl.resolve(MavenImpl.java:494)
	at org.eclipse.m2e.jdt.internal.DownloadSourcesJob.download(DownloadSourcesJob.java:308)
	at org.eclipse.m2e.jdt.internal.DownloadSourcesJob.downloadAttachments(DownloadSourcesJob.java:282)
	at org.eclipse.m2e.jdt.internal.DownloadSourcesJob.downloadMaven(DownloadSourcesJob.java:252)
	at org.eclipse.m2e.jdt.internal.DownloadSourcesJob.downloadFilesAndPopulateToUpdate(DownloadSourcesJob.java:220)
	at org.eclipse.m2e.jdt.internal.DownloadSourcesJob.lambda$0(DownloadSourcesJob.java:149)
	at org.eclipse.m2e.core.internal.embedder.MavenExecutionContext.executeBare(MavenExecutionContext.java:458)
	at org.eclipse.m2e.core.internal.embedder.MavenExecutionContext.execute(MavenExecutionContext.java:339)
	at org.eclipse.m2e.core.internal.embedder.MavenExecutionContext.execute(MavenExecutionContext.java:278)
	at org.eclipse.m2e.core.embedder.IMaven.execute(IMaven.java:300)
	at org.eclipse.m2e.jdt.internal.DownloadSourcesJob.run(DownloadSourcesJob.java:149)
	at org.eclipse.core.internal.jobs.Worker.run(Worker.java:63)
2025-11-18 22:55:03,540 [Worker-40: Download sources and javadoc] INFO  o.e.m.c.i.e.AbstractTransferListenerAdapter - Downloading https://repo.maven.apache.org/maven2/org/springframework/security/spring-security-crypto/6.5.6/spring-security-crypto-6.5.6-sources.jar
2025-11-18 22:55:03,592 [Worker-32: Importing Maven projects] INFO  o.e.m.j.i.AbstractJavaProjectConfigurator - Adding source folder /api-gateway/src/main/java
2025-11-18 22:55:03,596 [Worker-32: Importing Maven projects] INFO  o.e.m.j.i.AbstractJavaProjectConfigurator - Adding resource folder /api-gateway/src/main/resources
2025-11-18 22:55:03,611 [Worker-40: Download sources and javadoc] INFO  o.e.m.c.i.e.AbstractTransferListenerAdapter - Downloaded https://repo.maven.apache.org/maven2/org/springframework/security/spring-security-crypto/6.5.6/spring-security-crypto-6.5.6-sources.jar
2025-11-18 22:55:03,617 [Worker-32: Importing Maven projects] INFO  o.e.m.j.i.AbstractJavaProjectConfigurator - Adding resource folder /api-gateway/src/main/resources
2025-11-18 22:55:03,619 [Worker-40: Download sources and javadoc] INFO  o.e.m.j.internal.DownloadSourcesJob - Downloaded sources for org.springframework.security:spring-security-crypto:6.5.6
2025-11-18 22:55:03,640 [Worker-32: Importing Maven projects] INFO  o.e.m.j.i.AbstractJavaProjectConfigurator - Adding source folder /api-gateway/src/test/java
2025-11-18 22:55:03,643 [Worker-32: Importing Maven projects] INFO  o.e.m.j.i.AbstractJavaProjectConfigurator - Adding resource folder /api-gateway/src/test/resources
2025-11-18 22:55:03,689 [Worker-40: Download sources and javadoc] INFO  o.e.m.c.i.e.AbstractTransferListenerAdapter - Downloading https://repo.maven.apache.org/maven2/org/springframework/cloud/spring-cloud-gateway-server-webmvc/4.3.0/spring-cloud-gateway-server-webmvc-4.3.0-sources.jar
2025-11-18 22:55:03,879 [Worker-40: Download sources and javadoc] INFO  o.e.m.c.i.e.AbstractTransferListenerAdapter - Downloaded https://repo.maven.apache.org/maven2/org/springframework/cloud/spring-cloud-gateway-server-webmvc/4.3.0/spring-cloud-gateway-server-webmvc-4.3.0-sources.jar
2025-11-18 22:55:03,889 [Worker-40: Download sources and javadoc] INFO  o.e.m.j.internal.DownloadSourcesJob - Downloaded sources for org.springframework.cloud:spring-cloud-gateway-server-webmvc:4.3.0
2025-11-18 22:55:04,483 [Worker-40: Download sources and javadoc] INFO  o.e.m.c.i.e.AbstractTransferListenerAdapter - Downloading https://repo.maven.apache.org/maven2/org/springframework/cloud/spring-cloud-gateway-server-mvc/4.3.0/spring-cloud-gateway-server-mvc-4.3.0-sources.jar
2025-11-18 22:55:04,561 [Worker-40: Download sources and javadoc] INFO  o.e.m.c.i.e.AbstractTransferListenerAdapter - Downloaded https://repo.maven.apache.org/maven2/org/springframework/cloud/spring-cloud-gateway-server-mvc/4.3.0/spring-cloud-gateway-server-mvc-4.3.0-sources.jar
2025-11-18 22:55:04,569 [Worker-40: Download sources and javadoc] INFO  o.e.m.j.internal.DownloadSourcesJob - Downloaded sources for org.springframework.cloud:spring-cloud-gateway-server-mvc:4.3.0
2025-11-18 22:55:04,639 [Worker-40: Download sources and javadoc] INFO  o.e.m.c.i.e.AbstractTransferListenerAdapter - Downloading https://repo.maven.apache.org/maven2/org/springframework/boot/spring-boot-starter-validation/3.5.7/spring-boot-starter-validation-3.5.7-sources.jar
2025-11-18 22:55:04,736 [Worker-40: Download sources and javadoc] INFO  o.e.m.c.i.e.AbstractTransferListenerAdapter - Downloaded https://repo.maven.apache.org/maven2/org/springframework/boot/spring-boot-starter-validation/3.5.7/spring-boot-starter-validation-3.5.7-sources.jar
2025-11-18 22:55:04,745 [Worker-40: Download sources and javadoc] INFO  o.e.m.j.internal.DownloadSourcesJob - Downloaded sources for org.springframework.boot:spring-boot-starter-validation:3.5.7
2025-11-18 22:55:04,752 [Worker-32: Importing Maven projects] INFO  o.e.m.c.i.p.ProjectConfigurationManager - Imported and configured 1 project(s) in 91 sec
2025-11-18 22:55:04,832 [Worker-40: Download sources and javadoc] INFO  o.e.m.c.i.e.AbstractTransferListenerAdapter - Downloading https://repo.maven.apache.org/maven2/com/fasterxml/classmate/1.7.1/classmate-1.7.1-sources.jar
2025-11-18 22:55:04,897 [Worker-40: Download sources and javadoc] INFO  o.e.m.c.i.e.AbstractTransferListenerAdapter - Downloaded https://repo.maven.apache.org/maven2/com/fasterxml/classmate/1.7.1/classmate-1.7.1-sources.jar
2025-11-18 22:55:04,906 [Worker-40: Download sources and javadoc] INFO  o.e.m.j.internal.DownloadSourcesJob - Downloaded sources for com.fasterxml:classmate:1.7.1
2025-11-18 22:55:04,980 [Worker-40: Download sources and javadoc] INFO  o.e.m.c.i.e.AbstractTransferListenerAdapter - Downloading https://repo.maven.apache.org/maven2/org/springframework/boot/spring-boot-starter-web/3.5.7/spring-boot-starter-web-3.5.7-sources.jar
2025-11-18 22:55:05,148 [Worker-40: Download sources and javadoc] INFO  o.e.m.c.i.e.AbstractTransferListenerAdapter - Downloaded https://repo.maven.apache.org/maven2/org/springframework/boot/spring-boot-starter-web/3.5.7/spring-boot-starter-web-3.5.7-sources.jar
2025-11-18 22:55:05,157 [Worker-40: Download sources and javadoc] INFO  o.e.m.j.internal.DownloadSourcesJob - Downloaded sources for org.springframework.boot:spring-boot-starter-web:3.5.7
2025-11-18 22:55:05,233 [Worker-40: Download sources and javadoc] INFO  o.e.m.c.i.e.AbstractTransferListenerAdapter - Downloading https://repo.maven.apache.org/maven2/org/springframework/boot/spring-boot-starter-json/3.5.7/spring-boot-starter-json-3.5.7-sources.jar
2025-11-18 22:55:05,332 [Worker-40: Download sources and javadoc] INFO  o.e.m.c.i.e.AbstractTransferListenerAdapter - Downloaded https://repo.maven.apache.org/maven2/org/springframework/boot/spring-boot-starter-json/3.5.7/spring-boot-starter-json-3.5.7-sources.jar
2025-11-18 22:55:05,344 [Worker-40: Download sources and javadoc] INFO  o.e.m.j.internal.DownloadSourcesJob - Downloaded sources for org.springframework.boot:spring-boot-starter-json:3.5.7
2025-11-18 22:55:05,435 [Worker-40: Download sources and javadoc] INFO  o.e.m.c.i.e.AbstractTransferListenerAdapter - Downloading https://repo.maven.apache.org/maven2/org/springframework/boot/spring-boot-starter-tomcat/3.5.7/spring-boot-starter-tomcat-3.5.7-sources.jar
2025-11-18 22:55:05,534 [Worker-40: Download sources and javadoc] INFO  o.e.m.c.i.e.AbstractTransferListenerAdapter - Downloaded https://repo.maven.apache.org/maven2/org/springframework/boot/spring-boot-starter-tomcat/3.5.7/spring-boot-starter-tomcat-3.5.7-sources.jar
2025-11-18 22:55:05,541 [Worker-40: Download sources and javadoc] INFO  o.e.m.j.internal.DownloadSourcesJob - Downloaded sources for org.springframework.boot:spring-boot-starter-tomcat:3.5.7
2025-11-18 22:55:05,615 [Worker-40: Download sources and javadoc] INFO  o.e.m.c.i.e.AbstractTransferListenerAdapter - Downloading https://repo.maven.apache.org/maven2/org/apache/tomcat/embed/tomcat-embed-core/10.1.48/tomcat-embed-core-10.1.48-sources.jar
2025-11-18 22:55:05,892 [Worker-42: Updating Maven Project] INFO  o.e.m.c.i.p.ProjectConfigurationManager - Update started
2025-11-18 22:55:06,126 [Worker-40: Download sources and javadoc] INFO  o.e.m.c.i.e.AbstractTransferListenerAdapter - Downloaded https://repo.maven.apache.org/maven2/org/apache/tomcat/embed/tomcat-embed-core/10.1.48/tomcat-embed-core-10.1.48-sources.jar
2025-11-18 22:55:06,134 [Worker-40: Download sources and javadoc] INFO  o.e.m.j.internal.DownloadSourcesJob - Downloaded sources for org.apache.tomcat.embed:tomcat-embed-core:10.1.48
2025-11-18 22:55:08,018 [Worker-42: Updating Maven Project] INFO  o.e.m.c.i.l.LifecycleMappingFactory - Using org.eclipse.m2e.jdt.JarLifecycleMapping lifecycle mapping for MavenProject: com.irene:api-gateway:0.0.1-SNAPSHOT @ C:\Users\irene\eclipse-workspace\E-Comm_Appln\api-gateway\pom.xml.
2025-11-18 22:55:08,051 [Worker-40: Download sources and javadoc] INFO  o.e.m.c.i.e.AbstractTransferListenerAdapter - Downloading https://repo.maven.apache.org/maven2/org/apache/tomcat/embed/tomcat-embed-el/10.1.48/tomcat-embed-el-10.1.48-sources.jar
2025-11-18 22:55:08,133 [Worker-40: Download sources and javadoc] INFO  o.e.m.c.i.e.AbstractTransferListenerAdapter - Downloaded https://repo.maven.apache.org/maven2/org/apache/tomcat/embed/tomcat-embed-el/10.1.48/tomcat-embed-el-10.1.48-sources.jar
2025-11-18 22:55:08,142 [Worker-40: Download sources and javadoc] INFO  o.e.m.j.internal.DownloadSourcesJob - Downloaded sources for org.apache.tomcat.embed:tomcat-embed-el:10.1.48
2025-11-18 22:55:08,226 [Worker-40: Download sources and javadoc] INFO  o.e.m.c.i.e.AbstractTransferListenerAdapter - Downloading https://repo.maven.apache.org/maven2/org/apache/tomcat/embed/tomcat-embed-websocket/10.1.48/tomcat-embed-websocket-10.1.48-sources.jar
2025-11-18 22:55:08,321 [Worker-40: Download sources and javadoc] INFO  o.e.m.c.i.e.AbstractTransferListenerAdapter - Downloaded https://repo.maven.apache.org/maven2/org/apache/tomcat/embed/tomcat-embed-websocket/10.1.48/tomcat-embed-websocket-10.1.48-sources.jar
2025-11-18 22:55:08,330 [Worker-40: Download sources and javadoc] INFO  o.e.m.j.internal.DownloadSourcesJob - Downloaded sources for org.apache.tomcat.embed:tomcat-embed-websocket:10.1.48
2025-11-18 22:55:08,407 [Worker-40: Download sources and javadoc] INFO  o.e.m.c.i.e.AbstractTransferListenerAdapter - Downloading https://repo.maven.apache.org/maven2/org/springframework/spring-web/6.2.12/spring-web-6.2.12-sources.jar
2025-11-18 22:55:08,629 [Worker-40: Download sources and javadoc] INFO  o.e.m.c.i.e.AbstractTransferListenerAdapter - Downloaded https://repo.maven.apache.org/maven2/org/springframework/spring-web/6.2.12/spring-web-6.2.12-sources.jar
2025-11-18 22:55:08,637 [Worker-40: Download sources and javadoc] INFO  o.e.m.j.internal.DownloadSourcesJob - Downloaded sources for org.springframework:spring-web:6.2.12
2025-11-18 22:55:08,716 [Worker-40: Download sources and javadoc] INFO  o.e.m.c.i.e.AbstractTransferListenerAdapter - Downloading https://repo.maven.apache.org/maven2/org/springframework/spring-beans/6.2.12/spring-beans-6.2.12-sources.jar
2025-11-18 22:55:08,868 [Worker-40: Download sources and javadoc] INFO  o.e.m.c.i.e.AbstractTransferListenerAdapter - Downloaded https://repo.maven.apache.org/maven2/org/springframework/spring-beans/6.2.12/spring-beans-6.2.12-sources.jar
2025-11-18 22:55:08,877 [Worker-40: Download sources and javadoc] INFO  o.e.m.j.internal.DownloadSourcesJob - Downloaded sources for org.springframework:spring-beans:6.2.12
2025-11-18 22:55:08,941 [Worker-40: Download sources and javadoc] INFO  o.e.m.c.i.e.AbstractTransferListenerAdapter - Downloading https://repo.maven.apache.org/maven2/io/micrometer/micrometer-observation/1.15.5/micrometer-observation-1.15.5-sources.jar
2025-11-18 22:55:09,010 [Worker-40: Download sources and javadoc] INFO  o.e.m.c.i.e.AbstractTransferListenerAdapter - Downloaded https://repo.maven.apache.org/maven2/io/micrometer/micrometer-observation/1.15.5/micrometer-observation-1.15.5-sources.jar
2025-11-18 22:55:09,022 [Worker-40: Download sources and javadoc] INFO  o.e.m.j.internal.DownloadSourcesJob - Downloaded sources for io.micrometer:micrometer-observation:1.15.5
2025-11-18 22:55:09,088 [Worker-40: Download sources and javadoc] INFO  o.e.m.c.i.e.AbstractTransferListenerAdapter - Downloading https://repo.maven.apache.org/maven2/io/micrometer/micrometer-commons/1.15.5/micrometer-commons-1.15.5-sources.jar
2025-11-18 22:55:09,939 [Worker-42: Updating Maven Project] INFO  o.e.m.j.i.AbstractJavaProjectConfigurator - Adding source folder /api-gateway/src/main/java
2025-11-18 22:55:09,941 [Worker-42: Updating Maven Project] INFO  o.e.m.j.i.AbstractJavaProjectConfigurator - Adding resource folder /api-gateway/src/main/resources
2025-11-18 22:55:09,943 [Worker-42: Updating Maven Project] INFO  o.e.m.j.i.AbstractJavaProjectConfigurator - Adding resource folder /api-gateway/src/main/resources
2025-11-18 22:55:09,944 [Worker-42: Updating Maven Project] INFO  o.e.m.j.i.AbstractJavaProjectConfigurator - Adding source folder /api-gateway/src/test/java
2025-11-18 22:55:09,946 [Worker-42: Updating Maven Project] INFO  o.e.m.j.i.AbstractJavaProjectConfigurator - Adding resource folder /api-gateway/src/test/resources
2025-11-18 22:55:10,616 [Worker-40: Download sources and javadoc] INFO  o.e.m.c.i.e.AbstractTransferListenerAdapter - Downloaded https://repo.maven.apache.org/maven2/io/micrometer/micrometer-commons/1.15.5/micrometer-commons-1.15.5-sources.jar
2025-11-18 22:55:10,623 [Worker-40: Download sources and javadoc] INFO  o.e.m.j.internal.DownloadSourcesJob - Downloaded sources for io.micrometer:micrometer-commons:1.15.5
2025-11-18 22:55:10,701 [Worker-40: Download sources and javadoc] INFO  o.e.m.c.i.e.AbstractTransferListenerAdapter - Downloading https://repo.maven.apache.org/maven2/org/springframework/spring-webmvc/6.2.12/spring-webmvc-6.2.12-sources.jar
2025-11-18 22:55:10,864 [Worker-40: Download sources and javadoc] INFO  o.e.m.c.i.e.AbstractTransferListenerAdapter - Downloaded https://repo.maven.apache.org/maven2/org/springframework/spring-webmvc/6.2.12/spring-webmvc-6.2.12-sources.jar
2025-11-18 22:55:10,873 [Worker-40: Download sources and javadoc] INFO  o.e.m.j.internal.DownloadSourcesJob - Downloaded sources for org.springframework:spring-webmvc:6.2.12
2025-11-18 22:55:10,934 [Worker-40: Download sources and javadoc] INFO  o.e.m.c.i.e.AbstractTransferListenerAdapter - Downloading https://repo.maven.apache.org/maven2/org/springframework/spring-aop/6.2.12/spring-aop-6.2.12-sources.jar
2025-11-18 22:55:11,095 [Worker-40: Download sources and javadoc] INFO  o.e.m.c.i.e.AbstractTransferListenerAdapter - Downloaded https://repo.maven.apache.org/maven2/org/springframework/spring-aop/6.2.12/spring-aop-6.2.12-sources.jar
2025-11-18 22:55:11,107 [Worker-40: Download sources and javadoc] INFO  o.e.m.j.internal.DownloadSourcesJob - Downloaded sources for org.springframework:spring-aop:6.2.12
2025-11-18 22:55:11,127 [Worker-42: Updating Maven Project] INFO  o.e.m.c.i.p.ProjectConfigurationManager - Update completed for 1 poms: local refresh takes 0.00 sec, refresh facades takes 3.00 sec, update config takes 0.00 sec 
2025-11-18 22:55:11,158 [Worker-43: Updating Maven Project] INFO  o.e.m.c.i.p.ProjectConfigurationManager - Update started
2025-11-18 22:55:11,268 [Worker-40: Download sources and javadoc] INFO  o.e.m.c.i.e.AbstractTransferListenerAdapter - Downloading https://repo.maven.apache.org/maven2/org/springframework/spring-context/6.2.12/spring-context-6.2.12-sources.jar
2025-11-18 22:55:11,634 [Worker-40: Download sources and javadoc] INFO  o.e.m.c.i.e.AbstractTransferListenerAdapter - Downloaded https://repo.maven.apache.org/maven2/org/springframework/spring-context/6.2.12/spring-context-6.2.12-sources.jar
2025-11-18 22:55:11,643 [Worker-40: Download sources and javadoc] INFO  o.e.m.j.internal.DownloadSourcesJob - Downloaded sources for org.springframework:spring-context:6.2.12
2025-11-18 22:55:13,407 [Worker-40: Download sources and javadoc] INFO  o.e.m.c.i.e.AbstractTransferListenerAdapter - Downloading https://repo.maven.apache.org/maven2/org/springframework/spring-expression/6.2.12/spring-expression-6.2.12-sources.jar
2025-11-18 22:55:13,439 [Worker-43: Updating Maven Project] INFO  o.e.m.c.i.l.LifecycleMappingFactory - Using org.eclipse.m2e.jdt.JarLifecycleMapping lifecycle mapping for MavenProject: com.irene:api-gateway:0.0.1-SNAPSHOT @ C:\Users\irene\eclipse-workspace\E-Comm_Appln\api-gateway\pom.xml.
2025-11-18 22:55:13,558 [Worker-40: Download sources and javadoc] INFO  o.e.m.c.i.e.AbstractTransferListenerAdapter - Downloaded https://repo.maven.apache.org/maven2/org/springframework/spring-expression/6.2.12/spring-expression-6.2.12-sources.jar
2025-11-18 22:55:13,566 [Worker-40: Download sources and javadoc] INFO  o.e.m.j.internal.DownloadSourcesJob - Downloaded sources for org.springframework:spring-expression:6.2.12
2025-11-18 22:55:13,641 [Worker-40: Download sources and javadoc] INFO  o.e.m.c.i.e.AbstractTransferListenerAdapter - Downloading https://repo.maven.apache.org/maven2/org/springframework/boot/spring-boot-properties-migrator/3.5.7/spring-boot-properties-migrator-3.5.7-sources.jar
2025-11-18 22:55:14,035 [Worker-40: Download sources and javadoc] INFO  o.e.m.c.i.e.AbstractTransferListenerAdapter - Downloaded https://repo.maven.apache.org/maven2/org/springframework/boot/spring-boot-properties-migrator/3.5.7/spring-boot-properties-migrator-3.5.7-sources.jar
2025-11-18 22:55:14,049 [Worker-40: Download sources and javadoc] INFO  o.e.m.j.internal.DownloadSourcesJob - Downloaded sources for org.springframework.boot:spring-boot-properties-migrator:3.5.7
2025-11-18 22:55:14,122 [Worker-40: Download sources and javadoc] INFO  o.e.m.c.i.e.AbstractTransferListenerAdapter - Downloading https://repo.maven.apache.org/maven2/org/springframework/boot/spring-boot/3.5.7/spring-boot-3.5.7-sources.jar
2025-11-18 22:55:14,381 [Worker-40: Download sources and javadoc] INFO  o.e.m.c.i.e.AbstractTransferListenerAdapter - Downloaded https://repo.maven.apache.org/maven2/org/springframework/boot/spring-boot/3.5.7/spring-boot-3.5.7-sources.jar
2025-11-18 22:55:14,389 [Worker-40: Download sources and javadoc] INFO  o.e.m.j.internal.DownloadSourcesJob - Downloaded sources for org.springframework.boot:spring-boot:3.5.7
2025-11-18 22:55:14,526 [Worker-40: Download sources and javadoc] INFO  o.e.m.c.i.e.AbstractTransferListenerAdapter - Downloading https://repo.maven.apache.org/maven2/org/springframework/boot/spring-boot-configuration-metadata/3.5.7/spring-boot-configuration-metadata-3.5.7-sources.jar
2025-11-18 22:55:15,191 [Worker-43: Updating Maven Project] INFO  o.e.m.j.i.AbstractJavaProjectConfigurator - Adding source folder /api-gateway/src/main/java
2025-11-18 22:55:15,191 [Worker-43: Updating Maven Project] INFO  o.e.m.j.i.AbstractJavaProjectConfigurator - Adding resource folder /api-gateway/src/main/resources
2025-11-18 22:55:15,191 [Worker-43: Updating Maven Project] INFO  o.e.m.j.i.AbstractJavaProjectConfigurator - Adding resource folder /api-gateway/src/main/resources
2025-11-18 22:55:15,197 [Worker-43: Updating Maven Project] INFO  o.e.m.j.i.AbstractJavaProjectConfigurator - Adding source folder /api-gateway/src/test/java
2025-11-18 22:55:15,198 [Worker-43: Updating Maven Project] INFO  o.e.m.j.i.AbstractJavaProjectConfigurator - Adding resource folder /api-gateway/src/test/resources
2025-11-18 22:55:15,310 [Worker-40: Download sources and javadoc] INFO  o.e.m.c.i.e.AbstractTransferListenerAdapter - Downloaded https://repo.maven.apache.org/maven2/org/springframework/boot/spring-boot-configuration-metadata/3.5.7/spring-boot-configuration-metadata-3.5.7-sources.jar
2025-11-18 22:55:15,319 [Worker-40: Download sources and javadoc] INFO  o.e.m.j.internal.DownloadSourcesJob - Downloaded sources for org.springframework.boot:spring-boot-configuration-metadata:3.5.7
2025-11-18 22:55:15,453 [Worker-40: Download sources and javadoc] INFO  o.e.m.c.i.e.AbstractTransferListenerAdapter - Downloading https://repo.maven.apache.org/maven2/org/apache/httpcomponents/client5/httpclient5/5.5.1/httpclient5-5.5.1-sources.jar
2025-11-18 22:55:15,589 [Worker-40: Download sources and javadoc] INFO  o.e.m.c.i.e.AbstractTransferListenerAdapter - Downloaded https://repo.maven.apache.org/maven2/org/apache/httpcomponents/client5/httpclient5/5.5.1/httpclient5-5.5.1-sources.jar
2025-11-18 22:55:15,598 [Worker-40: Download sources and javadoc] INFO  o.e.m.j.internal.DownloadSourcesJob - Downloaded sources for org.apache.httpcomponents.client5:httpclient5:5.5.1
2025-11-18 22:55:15,664 [Worker-40: Download sources and javadoc] INFO  o.e.m.c.i.e.AbstractTransferListenerAdapter - Downloading https://repo.maven.apache.org/maven2/org/apache/httpcomponents/core5/httpcore5/5.3.6/httpcore5-5.3.6-sources.jar
2025-11-18 22:55:15,875 [Worker-40: Download sources and javadoc] INFO  o.e.m.c.i.e.AbstractTransferListenerAdapter - Downloaded https://repo.maven.apache.org/maven2/org/apache/httpcomponents/core5/httpcore5/5.3.6/httpcore5-5.3.6-sources.jar
2025-11-18 22:55:15,881 [Worker-40: Download sources and javadoc] INFO  o.e.m.j.internal.DownloadSourcesJob - Downloaded sources for org.apache.httpcomponents.core5:httpcore5:5.3.6
2025-11-18 22:55:15,949 [Worker-40: Download sources and javadoc] INFO  o.e.m.c.i.e.AbstractTransferListenerAdapter - Downloading https://repo.maven.apache.org/maven2/org/apache/httpcomponents/core5/httpcore5-h2/5.3.6/httpcore5-h2-5.3.6-sources.jar
2025-11-18 22:55:16,029 [Worker-40: Download sources and javadoc] INFO  o.e.m.c.i.e.AbstractTransferListenerAdapter - Downloaded https://repo.maven.apache.org/maven2/org/apache/httpcomponents/core5/httpcore5-h2/5.3.6/httpcore5-h2-5.3.6-sources.jar
2025-11-18 22:55:16,040 [Worker-40: Download sources and javadoc] INFO  o.e.m.j.internal.DownloadSourcesJob - Downloaded sources for org.apache.httpcomponents.core5:httpcore5-h2:5.3.6
2025-11-18 22:55:16,109 [Worker-40: Download sources and javadoc] INFO  o.e.m.c.i.e.AbstractTransferListenerAdapter - Downloading https://repo.maven.apache.org/maven2/com/google/errorprone/error_prone_annotations/2.41.0/error_prone_annotations-2.41.0-sources.jar
2025-11-18 22:55:16,129 [Worker-43: Updating Maven Project] INFO  o.e.m.c.i.p.ProjectConfigurationManager - Update completed for 1 poms: local refresh takes 0.00 sec, refresh facades takes 3.00 sec, update config takes 0.00 sec 
2025-11-18 22:55:16,881 [Worker-39: Building] INFO  o.a.m.s.f.DefaultMavenResourcesFiltering - Copying 1 resource from src\main\resources to target\classes
2025-11-18 22:55:16,931 [Worker-39: Building] INFO  o.a.m.s.f.DefaultMavenResourcesFiltering - Copying 0 resource from src\main\resources to target\classes
2025-11-18 22:55:16,938 [Worker-39: Building] INFO  o.a.m.s.f.DefaultMavenResourcesFiltering - skip non existing resourceDirectory C:\Users\irene\eclipse-workspace\E-Comm_Appln\api-gateway\src\test\resources
2025-11-18 22:55:17,534 [Worker-40: Download sources and javadoc] INFO  o.e.m.c.i.e.AbstractTransferListenerAdapter - Downloaded https://repo.maven.apache.org/maven2/com/google/errorprone/error_prone_annotations/2.41.0/error_prone_annotations-2.41.0-sources.jar
2025-11-18 22:55:17,544 [Worker-40: Download sources and javadoc] INFO  o.e.m.j.internal.DownloadSourcesJob - Downloaded sources for com.google.errorprone:error_prone_annotations:2.41.0
2025-11-18 22:55:17,665 [Worker-40: Download sources and javadoc] INFO  o.e.m.c.i.e.AbstractTransferListenerAdapter - Downloading https://repo.maven.apache.org/maven2/io/projectreactor/reactor-core/3.7.12/reactor-core-3.7.12-sources.jar
2025-11-18 22:55:18,173 [Worker-40: Download sources and javadoc] INFO  o.e.m.c.i.e.AbstractTransferListenerAdapter - Downloaded https://repo.maven.apache.org/maven2/io/projectreactor/reactor-core/3.7.12/reactor-core-3.7.12-sources.jar
2025-11-18 22:55:18,181 [Worker-40: Download sources and javadoc] INFO  o.e.m.j.internal.DownloadSourcesJob - Downloaded sources for io.projectreactor:reactor-core:3.7.12
2025-11-18 22:55:18,253 [Worker-40: Download sources and javadoc] INFO  o.e.m.c.i.e.AbstractTransferListenerAdapter - Downloading https://repo.maven.apache.org/maven2/io/projectreactor/addons/reactor-extra/3.5.4/reactor-extra-3.5.4-sources.jar
2025-11-18 22:55:18,349 [Worker-40: Download sources and javadoc] INFO  o.e.m.c.i.e.AbstractTransferListenerAdapter - Downloaded https://repo.maven.apache.org/maven2/io/projectreactor/addons/reactor-extra/3.5.4/reactor-extra-3.5.4-sources.jar
2025-11-18 22:55:18,357 [Worker-40: Download sources and javadoc] INFO  o.e.m.j.internal.DownloadSourcesJob - Downloaded sources for io.projectreactor.addons:reactor-extra:3.5.4
2025-11-18 22:55:18,432 [Worker-40: Download sources and javadoc] INFO  o.e.m.c.i.e.AbstractTransferListenerAdapter - Downloading https://repo.maven.apache.org/maven2/org/springframework/boot/spring-boot-starter-cache/3.5.7/spring-boot-starter-cache-3.5.7-sources.jar
2025-11-18 22:55:18,548 [Worker-40: Download sources and javadoc] INFO  o.e.m.c.i.e.AbstractTransferListenerAdapter - Downloaded https://repo.maven.apache.org/maven2/org/springframework/boot/spring-boot-starter-cache/3.5.7/spring-boot-starter-cache-3.5.7-sources.jar
2025-11-18 22:55:18,553 [Worker-40: Download sources and javadoc] INFO  o.e.m.j.internal.DownloadSourcesJob - Downloaded sources for org.springframework.boot:spring-boot-starter-cache:3.5.7
2025-11-18 22:55:18,627 [Worker-40: Download sources and javadoc] INFO  o.e.m.c.i.e.AbstractTransferListenerAdapter - Downloading https://repo.maven.apache.org/maven2/org/springframework/spring-context-support/6.2.12/spring-context-support-6.2.12-sources.jar
2025-11-18 22:55:18,757 [Worker-40: Download sources and javadoc] INFO  o.e.m.c.i.e.AbstractTransferListenerAdapter - Downloaded https://repo.maven.apache.org/maven2/org/springframework/spring-context-support/6.2.12/spring-context-support-6.2.12-sources.jar
2025-11-18 22:55:18,764 [Worker-40: Download sources and javadoc] INFO  o.e.m.j.internal.DownloadSourcesJob - Downloaded sources for org.springframework:spring-context-support:6.2.12
2025-11-18 22:55:18,844 [Worker-40: Download sources and javadoc] INFO  o.e.m.c.i.e.AbstractTransferListenerAdapter - Downloading https://repo.maven.apache.org/maven2/org/springframework/boot/spring-boot-starter-test/3.5.7/spring-boot-starter-test-3.5.7-sources.jar
2025-11-18 22:55:18,979 [Worker-40: Download sources and javadoc] INFO  o.e.m.c.i.e.AbstractTransferListenerAdapter - Downloaded https://repo.maven.apache.org/maven2/org/springframework/boot/spring-boot-starter-test/3.5.7/spring-boot-starter-test-3.5.7-sources.jar
2025-11-18 22:55:18,985 [Worker-40: Download sources and javadoc] INFO  o.e.m.j.internal.DownloadSourcesJob - Downloaded sources for org.springframework.boot:spring-boot-starter-test:3.5.7
2025-11-18 22:55:19,055 [Worker-40: Download sources and javadoc] INFO  o.e.m.c.i.e.AbstractTransferListenerAdapter - Downloading https://repo.maven.apache.org/maven2/org/springframework/boot/spring-boot-starter/3.5.7/spring-boot-starter-3.5.7-sources.jar
2025-11-18 22:55:19,138 [Worker-40: Download sources and javadoc] INFO  o.e.m.c.i.e.AbstractTransferListenerAdapter - Downloaded https://repo.maven.apache.org/maven2/org/springframework/boot/spring-boot-starter/3.5.7/spring-boot-starter-3.5.7-sources.jar
2025-11-18 22:55:19,146 [Worker-40: Download sources and javadoc] INFO  o.e.m.j.internal.DownloadSourcesJob - Downloaded sources for org.springframework.boot:spring-boot-starter:3.5.7
2025-11-18 22:55:19,202 [Worker-40: Download sources and javadoc] INFO  o.e.m.c.i.e.AbstractTransferListenerAdapter - Downloading https://repo.maven.apache.org/maven2/org/springframework/boot/spring-boot-autoconfigure/3.5.7/spring-boot-autoconfigure-3.5.7-sources.jar
2025-11-18 22:55:19,474 [Worker-40: Download sources and javadoc] INFO  o.e.m.c.i.e.AbstractTransferListenerAdapter - Downloaded https://repo.maven.apache.org/maven2/org/springframework/boot/spring-boot-autoconfigure/3.5.7/spring-boot-autoconfigure-3.5.7-sources.jar
2025-11-18 22:55:19,481 [Worker-40: Download sources and javadoc] INFO  o.e.m.j.internal.DownloadSourcesJob - Downloaded sources for org.springframework.boot:spring-boot-autoconfigure:3.5.7
2025-11-18 22:55:19,548 [Worker-40: Download sources and javadoc] INFO  o.e.m.c.i.e.AbstractTransferListenerAdapter - Downloading https://repo.maven.apache.org/maven2/org/springframework/boot/spring-boot-starter-logging/3.5.7/spring-boot-starter-logging-3.5.7-sources.jar
2025-11-18 22:55:19,627 [Worker-40: Download sources and javadoc] INFO  o.e.m.c.i.e.AbstractTransferListenerAdapter - Downloaded https://repo.maven.apache.org/maven2/org/springframework/boot/spring-boot-starter-logging/3.5.7/spring-boot-starter-logging-3.5.7-sources.jar
2025-11-18 22:55:19,634 [Worker-40: Download sources and javadoc] INFO  o.e.m.j.internal.DownloadSourcesJob - Downloaded sources for org.springframework.boot:spring-boot-starter-logging:3.5.7
2025-11-18 22:55:19,695 [Worker-40: Download sources and javadoc] INFO  o.e.m.c.i.e.AbstractTransferListenerAdapter - Downloading https://repo.maven.apache.org/maven2/ch/qos/logback/logback-classic/1.5.20/logback-classic-1.5.20-sources.jar
2025-11-18 22:55:19,775 [Worker-40: Download sources and javadoc] INFO  o.e.m.c.i.e.AbstractTransferListenerAdapter - Downloaded https://repo.maven.apache.org/maven2/ch/qos/logback/logback-classic/1.5.20/logback-classic-1.5.20-sources.jar
2025-11-18 22:55:19,787 [Worker-40: Download sources and javadoc] INFO  o.e.m.j.internal.DownloadSourcesJob - Downloaded sources for ch.qos.logback:logback-classic:1.5.20
2025-11-18 22:55:19,857 [Worker-40: Download sources and javadoc] INFO  o.e.m.c.i.e.AbstractTransferListenerAdapter - Downloading https://repo.maven.apache.org/maven2/ch/qos/logback/logback-core/1.5.20/logback-core-1.5.20-sources.jar
2025-11-18 22:55:20,033 [Worker-40: Download sources and javadoc] INFO  o.e.m.c.i.e.AbstractTransferListenerAdapter - Downloaded https://repo.maven.apache.org/maven2/ch/qos/logback/logback-core/1.5.20/logback-core-1.5.20-sources.jar
2025-11-18 22:55:20,038 [Worker-40: Download sources and javadoc] INFO  o.e.m.j.internal.DownloadSourcesJob - Downloaded sources for ch.qos.logback:logback-core:1.5.20
2025-11-18 22:55:20,113 [Worker-40: Download sources and javadoc] INFO  o.e.m.c.i.e.AbstractTransferListenerAdapter - Downloading https://repo.maven.apache.org/maven2/org/springframework/boot/spring-boot-test/3.5.7/spring-boot-test-3.5.7-sources.jar
2025-11-18 22:55:20,193 [Worker-40: Download sources and javadoc] INFO  o.e.m.c.i.e.AbstractTransferListenerAdapter - Downloaded https://repo.maven.apache.org/maven2/org/springframework/boot/spring-boot-test/3.5.7/spring-boot-test-3.5.7-sources.jar
2025-11-18 22:55:20,199 [Worker-40: Download sources and javadoc] INFO  o.e.m.j.internal.DownloadSourcesJob - Downloaded sources for org.springframework.boot:spring-boot-test:3.5.7
2025-11-18 22:55:20,289 [Worker-40: Download sources and javadoc] INFO  o.e.m.c.i.e.AbstractTransferListenerAdapter - Downloading https://repo.maven.apache.org/maven2/org/springframework/boot/spring-boot-test-autoconfigure/3.5.7/spring-boot-test-autoconfigure-3.5.7-sources.jar
2025-11-18 22:55:20,387 [Worker-40: Download sources and javadoc] INFO  o.e.m.c.i.e.AbstractTransferListenerAdapter - Downloaded https://repo.maven.apache.org/maven2/org/springframework/boot/spring-boot-test-autoconfigure/3.5.7/spring-boot-test-autoconfigure-3.5.7-sources.jar
2025-11-18 22:55:20,396 [Worker-40: Download sources and javadoc] INFO  o.e.m.j.internal.DownloadSourcesJob - Downloaded sources for org.springframework.boot:spring-boot-test-autoconfigure:3.5.7
2025-11-18 22:55:20,481 [Worker-40: Download sources and javadoc] INFO  o.e.m.c.i.e.AbstractTransferListenerAdapter - Downloading https://repo.maven.apache.org/maven2/jakarta/xml/bind/jakarta.xml.bind-api/4.0.4/jakarta.xml.bind-api-4.0.4-sources.jar
2025-11-18 22:55:20,581 [Worker-40: Download sources and javadoc] INFO  o.e.m.c.i.e.AbstractTransferListenerAdapter - Downloaded https://repo.maven.apache.org/maven2/jakarta/xml/bind/jakarta.xml.bind-api/4.0.4/jakarta.xml.bind-api-4.0.4-sources.jar
2025-11-18 22:55:20,589 [Worker-40: Download sources and javadoc] INFO  o.e.m.j.internal.DownloadSourcesJob - Downloaded sources for jakarta.xml.bind:jakarta.xml.bind-api:4.0.4
2025-11-18 22:55:20,645 [Worker-40: Download sources and javadoc] INFO  o.e.m.c.i.e.AbstractTransferListenerAdapter - Downloading https://repo.maven.apache.org/maven2/org/assertj/assertj-core/3.27.6/assertj-core-3.27.6-sources.jar
2025-11-18 22:55:20,927 [Worker-40: Download sources and javadoc] INFO  o.e.m.c.i.e.AbstractTransferListenerAdapter - Downloaded https://repo.maven.apache.org/maven2/org/assertj/assertj-core/3.27.6/assertj-core-3.27.6-sources.jar
2025-11-18 22:55:20,932 [Worker-40: Download sources and javadoc] INFO  o.e.m.j.internal.DownloadSourcesJob - Downloaded sources for org.assertj:assertj-core:3.27.6
2025-11-18 22:55:20,990 [Worker-40: Download sources and javadoc] INFO  o.e.m.c.i.e.AbstractTransferListenerAdapter - Downloading https://repo.maven.apache.org/maven2/net/bytebuddy/byte-buddy/1.17.8/byte-buddy-1.17.8-sources.jar
2025-11-18 22:55:21,391 [Worker-40: Download sources and javadoc] INFO  o.e.m.c.i.e.AbstractTransferListenerAdapter - Downloaded https://repo.maven.apache.org/maven2/net/bytebuddy/byte-buddy/1.17.8/byte-buddy-1.17.8-sources.jar
2025-11-18 22:55:21,397 [Worker-40: Download sources and javadoc] INFO  o.e.m.j.internal.DownloadSourcesJob - Downloaded sources for net.bytebuddy:byte-buddy:1.17.8
2025-11-18 22:55:21,464 [Worker-40: Download sources and javadoc] INFO  o.e.m.c.i.e.AbstractTransferListenerAdapter - Downloading https://repo.maven.apache.org/maven2/net/bytebuddy/byte-buddy-agent/1.17.8/byte-buddy-agent-1.17.8-sources.jar
2025-11-18 22:55:21,548 [Worker-40: Download sources and javadoc] INFO  o.e.m.c.i.e.AbstractTransferListenerAdapter - Downloaded https://repo.maven.apache.org/maven2/net/bytebuddy/byte-buddy-agent/1.17.8/byte-buddy-agent-1.17.8-sources.jar
2025-11-18 22:55:21,555 [Worker-40: Download sources and javadoc] INFO  o.e.m.j.internal.DownloadSourcesJob - Downloaded sources for net.bytebuddy:byte-buddy-agent:1.17.8
2025-11-18 22:55:21,678 [Worker-40: Download sources and javadoc] INFO  o.e.m.c.i.e.AbstractTransferListenerAdapter - Downloading https://repo.maven.apache.org/maven2/org/springframework/spring-core/6.2.12/spring-core-6.2.12-sources.jar
2025-11-18 22:55:21,967 [Worker-40: Download sources and javadoc] INFO  o.e.m.c.i.e.AbstractTransferListenerAdapter - Downloaded https://repo.maven.apache.org/maven2/org/springframework/spring-core/6.2.12/spring-core-6.2.12-sources.jar
2025-11-18 22:55:21,975 [Worker-40: Download sources and javadoc] INFO  o.e.m.j.internal.DownloadSourcesJob - Downloaded sources for org.springframework:spring-core:6.2.12
2025-11-18 22:55:22,040 [Worker-40: Download sources and javadoc] INFO  o.e.m.c.i.e.AbstractTransferListenerAdapter - Downloading https://repo.maven.apache.org/maven2/org/springframework/spring-jcl/6.2.12/spring-jcl-6.2.12-sources.jar
2025-11-18 22:55:22,381 [Worker-40: Download sources and javadoc] INFO  o.e.m.c.i.e.AbstractTransferListenerAdapter - Downloaded https://repo.maven.apache.org/maven2/org/springframework/spring-jcl/6.2.12/spring-jcl-6.2.12-sources.jar
2025-11-18 22:55:22,389 [Worker-40: Download sources and javadoc] INFO  o.e.m.j.internal.DownloadSourcesJob - Downloaded sources for org.springframework:spring-jcl:6.2.12
2025-11-18 22:55:22,568 [Worker-40: Download sources and javadoc] INFO  o.e.m.c.i.e.AbstractTransferListenerAdapter - Downloading https://repo.maven.apache.org/maven2/org/springframework/spring-test/6.2.12/spring-test-6.2.12-sources.jar
2025-11-18 22:55:22,800 [Worker-40: Download sources and javadoc] INFO  o.e.m.c.i.e.AbstractTransferListenerAdapter - Downloaded https://repo.maven.apache.org/maven2/org/springframework/spring-test/6.2.12/spring-test-6.2.12-sources.jar
2025-11-18 22:55:22,808 [Worker-40: Download sources and javadoc] INFO  o.e.m.j.internal.DownloadSourcesJob - Downloaded sources for org.springframework:spring-test:6.2.12
2025-11-18 23:00:29,794 [Worker-42: Building] INFO  o.a.m.s.f.DefaultMavenResourcesFiltering - Copying 1 resource from src\main\resources to target\classes
2025-11-18 23:00:29,806 [Worker-42: Building] INFO  o.a.m.s.f.DefaultMavenResourcesFiltering - Copying 0 resource from src\main\resources to target\classes
2025-11-18 23:00:29,813 [Worker-42: Building] INFO  o.a.m.s.f.DefaultMavenResourcesFiltering - skip non existing resourceDirectory C:\Users\irene\eclipse-workspace\E-Comm_Appln\api-gateway\src\test\resources
2025-11-18 23:03:27,950 [Worker-49: Download sources and javadoc] INFO  o.e.m.c.i.e.AbstractTransferListenerAdapter - Downloaded https://repo.maven.apache.org/maven2/org/springframework/cloud/spring-cloud-starter-gateway-server-webmvc/4.3.0/spring-cloud-starter-gateway-server-webmvc-4.3.0-javadoc.jar
2025-11-18 23:03:27,956 [Worker-49: Download sources and javadoc] ERROR o.e.m.j.internal.DownloadSourcesJob - Could not download javadoc for org.springframework.cloud:spring-cloud-starter-gateway-server-webmvc:4.3.0
org.eclipse.core.runtime.CoreException: Could not resolve artifact org.springframework.cloud:spring-cloud-starter-gateway-server-webmvc:jar:javadoc:4.3.0
	at org.eclipse.m2e.core.internal.embedder.MavenImpl.lambda$7(MavenImpl.java:540)
	at org.eclipse.m2e.core.internal.embedder.MavenExecutionContext.executeBare(MavenExecutionContext.java:458)
	at org.eclipse.m2e.core.internal.embedder.MavenExecutionContext.execute(MavenExecutionContext.java:292)
	at org.eclipse.m2e.core.internal.embedder.MavenExecutionContext.execute(MavenExecutionContext.java:278)
	at org.eclipse.m2e.core.internal.embedder.MavenImpl.resolve(MavenImpl.java:509)
	at org.eclipse.m2e.core.internal.embedder.MavenImpl.resolve(MavenImpl.java:494)
	at org.eclipse.m2e.jdt.internal.DownloadSourcesJob.download(DownloadSourcesJob.java:308)
	at org.eclipse.m2e.jdt.internal.DownloadSourcesJob.downloadAttachments(DownloadSourcesJob.java:294)
	at org.eclipse.m2e.jdt.internal.DownloadSourcesJob.downloadMaven(DownloadSourcesJob.java:252)
	at org.eclipse.m2e.jdt.internal.DownloadSourcesJob.downloadFilesAndPopulateToUpdate(DownloadSourcesJob.java:220)
	at org.eclipse.m2e.jdt.internal.DownloadSourcesJob.lambda$0(DownloadSourcesJob.java:149)
	at org.eclipse.m2e.core.internal.embedder.MavenExecutionContext.executeBare(MavenExecutionContext.java:458)
	at org.eclipse.m2e.core.internal.embedder.MavenExecutionContext.execute(MavenExecutionContext.java:339)
	at org.eclipse.m2e.core.internal.embedder.MavenExecutionContext.execute(MavenExecutionContext.java:278)
	at org.eclipse.m2e.core.embedder.IMaven.execute(IMaven.java:300)
	at org.eclipse.m2e.jdt.internal.DownloadSourcesJob.run(DownloadSourcesJob.java:149)
	at org.eclipse.core.internal.jobs.Worker.run(Worker.java:63)
2025-11-18 23:06:15,627 [Worker-46: Launching PaymentServiceApplication] INFO  o.e.m.c.i.p.WorkspaceClassifierResolverManager - Resolving P/order-service: com.irene:orderService:0.0.1-SNAPSHOT with classifier null to /order-service/target/classes
2025-11-18 23:06:15,629 [Worker-46: Launching PaymentServiceApplication] INFO  o.e.m.c.i.p.WorkspaceClassifierResolverManager - Resolving P/product-service: com.irene:productService:0.0.1-SNAPSHOT with classifier null to /product-service/target/classes
2025-11-18 23:06:16,194 [Worker-46: Launching PaymentServiceApplication] INFO  o.e.m.c.i.p.WorkspaceClassifierResolverManager - Resolving P/order-service: com.irene:orderService:0.0.1-SNAPSHOT with classifier null to /order-service/target/classes
2025-11-18 23:06:16,195 [Worker-46: Launching PaymentServiceApplication] INFO  o.e.m.c.i.p.WorkspaceClassifierResolverManager - Resolving P/product-service: com.irene:productService:0.0.1-SNAPSHOT with classifier null to /product-service/target/classes
2025-11-18 23:06:16,796 [Worker-46: Launching PaymentServiceApplication] INFO  o.e.m.c.i.p.WorkspaceClassifierResolverManager - Resolving P/order-service: com.irene:orderService:0.0.1-SNAPSHOT with classifier null to /order-service/target/classes
2025-11-18 23:06:16,797 [Worker-46: Launching PaymentServiceApplication] INFO  o.e.m.c.i.p.WorkspaceClassifierResolverManager - Resolving P/product-service: com.irene:productService:0.0.1-SNAPSHOT with classifier null to /product-service/target/classes
2025-11-18 23:06:37,733 [Worker-51: Launching OrderServiceApplication] INFO  o.e.m.c.i.p.WorkspaceClassifierResolverManager - Resolving P/product-service: com.irene:productService:0.0.1-SNAPSHOT with classifier null to /product-service/target/classes
2025-11-18 23:06:38,298 [Worker-51: Launching OrderServiceApplication] INFO  o.e.m.c.i.p.WorkspaceClassifierResolverManager - Resolving P/product-service: com.irene:productService:0.0.1-SNAPSHOT with classifier null to /product-service/target/classes
2025-11-18 23:06:38,878 [Worker-51: Launching OrderServiceApplication] INFO  o.e.m.c.i.p.WorkspaceClassifierResolverManager - Resolving P/product-service: com.irene:productService:0.0.1-SNAPSHOT with classifier null to /product-service/target/classes
2025-11-18 23:07:13,999 [Worker-53: Launching PaymentServiceApplication] INFO  o.e.m.c.i.p.WorkspaceClassifierResolverManager - Resolving P/order-service: com.irene:orderService:0.0.1-SNAPSHOT with classifier null to /order-service/target/classes
2025-11-18 23:07:14,001 [Worker-53: Launching PaymentServiceApplication] INFO  o.e.m.c.i.p.WorkspaceClassifierResolverManager - Resolving P/product-service: com.irene:productService:0.0.1-SNAPSHOT with classifier null to /product-service/target/classes
2025-11-18 23:07:14,579 [Worker-53: Launching PaymentServiceApplication] INFO  o.e.m.c.i.p.WorkspaceClassifierResolverManager - Resolving P/order-service: com.irene:orderService:0.0.1-SNAPSHOT with classifier null to /order-service/target/classes
2025-11-18 23:07:14,580 [Worker-53: Launching PaymentServiceApplication] INFO  o.e.m.c.i.p.WorkspaceClassifierResolverManager - Resolving P/product-service: com.irene:productService:0.0.1-SNAPSHOT with classifier null to /product-service/target/classes
2025-11-18 23:07:15,191 [Worker-53: Launching PaymentServiceApplication] INFO  o.e.m.c.i.p.WorkspaceClassifierResolverManager - Resolving P/order-service: com.irene:orderService:0.0.1-SNAPSHOT with classifier null to /order-service/target/classes
2025-11-18 23:07:15,192 [Worker-53: Launching PaymentServiceApplication] INFO  o.e.m.c.i.p.WorkspaceClassifierResolverManager - Resolving P/product-service: com.irene:productService:0.0.1-SNAPSHOT with classifier null to /product-service/target/classes
2025-11-18 23:11:35,154 [Worker-51: Building] INFO  o.a.m.s.f.DefaultMavenResourcesFiltering - Copying 1 resource from src\main\resources to target\classes
2025-11-18 23:11:35,178 [Worker-51: Building] INFO  o.a.m.s.f.DefaultMavenResourcesFiltering - Copying 0 resource from src\main\resources to target\classes
2025-11-18 23:11:35,187 [Worker-51: Building] INFO  o.a.m.s.f.DefaultMavenResourcesFiltering - skip non existing resourceDirectory C:\Users\irene\eclipse-workspace\E-Comm_Appln\order-service\src\test\resources
2025-11-18 23:33:41,117 [Worker-58: Building] INFO  o.e.m.c.i.l.LifecycleMappingFactory - Using org.eclipse.m2e.jdt.JarLifecycleMapping lifecycle mapping for MavenProject: com.irene:api-gateway:0.0.1-SNAPSHOT @ C:\Users\irene\eclipse-workspace\E-Comm_Appln\api-gateway\pom.xml.
2025-11-18 23:34:15,393 [Worker-58: Building] INFO  o.e.m.c.i.e.AbstractTransferListenerAdapter - Downloading https://repo.maven.apache.org/maven2/org/springframework/boot/spring-boot-starter-actuator/3.5.7/spring-boot-starter-actuator-3.5.7.pom
2025-11-18 23:34:15,460 [Worker-58: Building] INFO  o.e.m.c.i.e.AbstractTransferListenerAdapter - Downloaded https://repo.maven.apache.org/maven2/org/springframework/boot/spring-boot-starter-actuator/3.5.7/spring-boot-starter-actuator-3.5.7.pom
2025-11-18 23:34:16,406 [Worker-58: Building] INFO  o.e.m.c.i.e.AbstractTransferListenerAdapter - Downloading https://repo.maven.apache.org/maven2/org/springframework/boot/spring-boot-actuator-autoconfigure/3.5.7/spring-boot-actuator-autoconfigure-3.5.7.pom
2025-11-18 23:34:16,463 [Worker-58: Building] INFO  o.e.m.c.i.e.AbstractTransferListenerAdapter - Downloaded https://repo.maven.apache.org/maven2/org/springframework/boot/spring-boot-actuator-autoconfigure/3.5.7/spring-boot-actuator-autoconfigure-3.5.7.pom
2025-11-18 23:34:26,058 [Worker-58: Building] INFO  o.e.m.c.i.e.AbstractTransferListenerAdapter - Downloading https://repo.maven.apache.org/maven2/org/springframework/boot/spring-boot-actuator/3.5.7/spring-boot-actuator-3.5.7.pom
2025-11-18 23:34:26,185 [Worker-58: Building] INFO  o.e.m.c.i.e.AbstractTransferListenerAdapter - Downloaded https://repo.maven.apache.org/maven2/org/springframework/boot/spring-boot-actuator/3.5.7/spring-boot-actuator-3.5.7.pom
2025-11-18 23:34:26,334 [Worker-58: Building] INFO  o.e.m.c.i.e.AbstractTransferListenerAdapter - Downloading https://repo.maven.apache.org/maven2/io/micrometer/micrometer-jakarta9/1.15.5/micrometer-jakarta9-1.15.5.pom
2025-11-18 23:34:26,459 [Worker-58: Building] INFO  o.e.m.c.i.e.AbstractTransferListenerAdapter - Downloaded https://repo.maven.apache.org/maven2/io/micrometer/micrometer-jakarta9/1.15.5/micrometer-jakarta9-1.15.5.pom
2025-11-18 23:34:26,853 [Worker-58: Building] INFO  o.e.m.c.i.e.AbstractTransferListenerAdapter - Downloading https://repo.maven.apache.org/maven2/io/micrometer/micrometer-core/1.15.5/micrometer-core-1.15.5.pom
2025-11-18 23:34:26,915 [Worker-58: Building] INFO  o.e.m.c.i.e.AbstractTransferListenerAdapter - Downloaded https://repo.maven.apache.org/maven2/io/micrometer/micrometer-core/1.15.5/micrometer-core-1.15.5.pom
2025-11-18 23:34:33,725 [Worker-58: Building] INFO  o.e.m.c.i.e.AbstractTransferListenerAdapter - Downloading https://repo.maven.apache.org/maven2/org/springframework/boot/spring-boot-starter-actuator/3.5.7/spring-boot-starter-actuator-3.5.7.jar
2025-11-18 23:34:34,014 [Worker-58: Building] INFO  o.e.m.c.i.e.AbstractTransferListenerAdapter - Downloaded https://repo.maven.apache.org/maven2/org/springframework/boot/spring-boot-starter-actuator/3.5.7/spring-boot-starter-actuator-3.5.7.jar
2025-11-18 23:34:34,884 [BasicRepositoryConnector-repo.maven.apache.org-1-1] INFO  o.e.m.c.i.e.AbstractTransferListenerAdapter - Downloading https://repo.maven.apache.org/maven2/org/springframework/boot/spring-boot-actuator/3.5.7/spring-boot-actuator-3.5.7.jar
2025-11-18 23:35:07,920 [BasicRepositoryConnector-repo.maven.apache.org-1-0] INFO  o.e.m.c.i.e.AbstractTransferListenerAdapter - Downloaded https://repo.maven.apache.org/maven2/org/springframework/boot/spring-boot-actuator-autoconfigure/3.5.7/spring-boot-actuator-autoconfigure-3.5.7.jar
2025-11-18 23:35:07,922 [BasicRepositoryConnector-repo.maven.apache.org-1-2] INFO  o.e.m.c.i.e.AbstractTransferListenerAdapter - Downloaded https://repo.maven.apache.org/maven2/io/micrometer/micrometer-jakarta9/1.15.5/micrometer-jakarta9-1.15.5.jar
2025-11-18 23:35:15,886 [BasicRepositoryConnector-repo.maven.apache.org-1-3] INFO  o.a.http.impl.execchain.RetryExec - I/O exception (java.net.SocketException) caught when processing request to {s}->https://repo.maven.apache.org:443: Connection reset
2025-11-18 23:35:15,887 [BasicRepositoryConnector-repo.maven.apache.org-1-3] INFO  o.a.http.impl.execchain.RetryExec - Retrying request to {s}->https://repo.maven.apache.org:443
2025-11-18 23:35:35,787 [BasicRepositoryConnector-repo.maven.apache.org-1-3] INFO  o.a.http.impl.execchain.RetryExec - I/O exception (java.net.SocketException) caught when processing request to {s}->https://repo.maven.apache.org:443: Software caused connection abort: no further information
2025-11-18 23:35:35,787 [BasicRepositoryConnector-repo.maven.apache.org-1-3] INFO  o.a.http.impl.execchain.RetryExec - Retrying request to {s}->https://repo.maven.apache.org:443
2025-11-18 23:35:35,839 [BasicRepositoryConnector-repo.maven.apache.org-1-1] INFO  o.e.m.c.i.e.AbstractTransferListenerAdapter - Downloaded https://repo.maven.apache.org/maven2/org/springframework/boot/spring-boot-actuator/3.5.7/spring-boot-actuator-3.5.7.jar
2025-11-18 23:35:35,852 [BasicRepositoryConnector-repo.maven.apache.org-1-3] INFO  o.a.http.impl.execchain.RetryExec - I/O exception (java.net.SocketException) caught when processing request to {s}->https://repo.maven.apache.org:443: Network is unreachable: no further information
2025-11-18 23:35:35,852 [BasicRepositoryConnector-repo.maven.apache.org-1-3] INFO  o.a.http.impl.execchain.RetryExec - Retrying request to {s}->https://repo.maven.apache.org:443
2025-11-18 23:35:35,935 [BasicRepositoryConnector-repo.maven.apache.org-1-3] INFO  o.e.m.c.i.e.AbstractTransferListenerAdapter - Downloaded https://repo.maven.apache.org/maven2/io/micrometer/micrometer-core/1.15.5/micrometer-core-1.15.5.jar
2025-11-18 23:35:37,119 [Worker-58: Building] INFO  o.a.m.s.f.DefaultMavenResourcesFiltering - Copying 0 resource from src\main\resources to target\classes
2025-11-18 23:35:37,121 [Worker-58: Building] INFO  o.a.m.s.f.DefaultMavenResourcesFiltering - Copying 0 resource from src\main\resources to target\classes
2025-11-18 23:35:37,128 [Worker-58: Building] INFO  o.a.m.s.f.DefaultMavenResourcesFiltering - skip non existing resourceDirectory C:\Users\irene\eclipse-workspace\E-Comm_Appln\api-gateway\src\test\resources
2025-11-18 23:35:37,226 [Worker-55: Updating Maven Project] INFO  o.e.m.c.i.p.ProjectConfigurationManager - Update started
2025-11-18 23:35:39,612 [Worker-59: Download sources and javadoc] INFO  o.a.http.impl.execchain.RetryExec - I/O exception (java.net.SocketException) caught when processing request to {s}->https://repo.maven.apache.org:443: Network is unreachable: no further information
2025-11-18 23:35:39,612 [Worker-59: Download sources and javadoc] INFO  o.a.http.impl.execchain.RetryExec - Retrying request to {s}->https://repo.maven.apache.org:443
2025-11-18 23:35:39,616 [Worker-59: Download sources and javadoc] INFO  o.a.http.impl.execchain.RetryExec - I/O exception (java.net.SocketException) caught when processing request to {s}->https://repo.maven.apache.org:443: Network is unreachable: no further information
2025-11-18 23:35:39,616 [Worker-59: Download sources and javadoc] INFO  o.a.http.impl.execchain.RetryExec - Retrying request to {s}->https://repo.maven.apache.org:443
2025-11-18 23:35:39,643 [Worker-59: Download sources and javadoc] INFO  o.a.http.impl.execchain.RetryExec - I/O exception (java.net.SocketException) caught when processing request to {s}->https://repo.maven.apache.org:443: Network is unreachable: no further information
2025-11-18 23:35:39,643 [Worker-59: Download sources and javadoc] INFO  o.a.http.impl.execchain.RetryExec - Retrying request to {s}->https://repo.maven.apache.org:443
2025-11-18 23:35:39,648 [Worker-59: Download sources and javadoc] INFO  o.e.m.c.i.e.AbstractTransferListenerAdapter - Downloaded https://repo.maven.apache.org/maven2/org/springframework/boot/spring-boot-starter-actuator/3.5.7/spring-boot-starter-actuator-3.5.7-sources.jar
2025-11-18 23:35:39,652 [Worker-59: Download sources and javadoc] ERROR o.e.m.j.internal.DownloadSourcesJob - Could not download sources for org.springframework.boot:spring-boot-starter-actuator:3.5.7
org.eclipse.core.runtime.CoreException: Could not resolve artifact org.springframework.boot:spring-boot-starter-actuator:jar:sources:3.5.7
	at org.eclipse.m2e.core.internal.embedder.MavenImpl.lambda$7(MavenImpl.java:540)
	at org.eclipse.m2e.core.internal.embedder.MavenExecutionContext.executeBare(MavenExecutionContext.java:458)
	at org.eclipse.m2e.core.internal.embedder.MavenExecutionContext.execute(MavenExecutionContext.java:292)
	at org.eclipse.m2e.core.internal.embedder.MavenExecutionContext.execute(MavenExecutionContext.java:278)
	at org.eclipse.m2e.core.internal.embedder.MavenImpl.resolve(MavenImpl.java:509)
	at org.eclipse.m2e.core.internal.embedder.MavenImpl.resolve(MavenImpl.java:494)
	at org.eclipse.m2e.jdt.internal.DownloadSourcesJob.download(DownloadSourcesJob.java:308)
	at org.eclipse.m2e.jdt.internal.DownloadSourcesJob.downloadAttachments(DownloadSourcesJob.java:282)
	at org.eclipse.m2e.jdt.internal.DownloadSourcesJob.downloadMaven(DownloadSourcesJob.java:252)
	at org.eclipse.m2e.jdt.internal.DownloadSourcesJob.downloadFilesAndPopulateToUpdate(DownloadSourcesJob.java:220)
	at org.eclipse.m2e.jdt.internal.DownloadSourcesJob.lambda$0(DownloadSourcesJob.java:149)
	at org.eclipse.m2e.core.internal.embedder.MavenExecutionContext.executeBare(MavenExecutionContext.java:458)
	at org.eclipse.m2e.core.internal.embedder.MavenExecutionContext.execute(MavenExecutionContext.java:339)
	at org.eclipse.m2e.core.internal.embedder.MavenExecutionContext.execute(MavenExecutionContext.java:278)
	at org.eclipse.m2e.core.embedder.IMaven.execute(IMaven.java:300)
	at org.eclipse.m2e.jdt.internal.DownloadSourcesJob.run(DownloadSourcesJob.java:149)
	at org.eclipse.core.internal.jobs.Worker.run(Worker.java:63)
2025-11-18 23:35:39,681 [Worker-59: Download sources and javadoc] INFO  o.a.http.impl.execchain.RetryExec - I/O exception (java.net.SocketException) caught when processing request to {s}->https://repo.maven.apache.org:443: Network is unreachable: no further information
2025-11-18 23:35:39,681 [Worker-59: Download sources and javadoc] INFO  o.a.http.impl.execchain.RetryExec - Retrying request to {s}->https://repo.maven.apache.org:443
2025-11-18 23:35:39,686 [Worker-59: Download sources and javadoc] INFO  o.a.http.impl.execchain.RetryExec - I/O exception (java.net.SocketException) caught when processing request to {s}->https://repo.maven.apache.org:443: Network is unreachable: no further information
2025-11-18 23:35:39,687 [Worker-59: Download sources and javadoc] INFO  o.a.http.impl.execchain.RetryExec - Retrying request to {s}->https://repo.maven.apache.org:443
2025-11-18 23:35:39,692 [Worker-59: Download sources and javadoc] INFO  o.a.http.impl.execchain.RetryExec - I/O exception (java.net.SocketException) caught when processing request to {s}->https://repo.maven.apache.org:443: Network is unreachable: no further information
2025-11-18 23:35:39,692 [Worker-59: Download sources and javadoc] INFO  o.a.http.impl.execchain.RetryExec - Retrying request to {s}->https://repo.maven.apache.org:443
2025-11-18 23:35:39,697 [Worker-59: Download sources and javadoc] INFO  o.e.m.c.i.e.AbstractTransferListenerAdapter - Downloaded https://repo.maven.apache.org/maven2/org/springframework/boot/spring-boot-actuator-autoconfigure/3.5.7/spring-boot-actuator-autoconfigure-3.5.7-sources.jar
2025-11-18 23:35:39,711 [Worker-55: Updating Maven Project] INFO  o.e.m.c.i.l.LifecycleMappingFactory - Using org.eclipse.m2e.jdt.JarLifecycleMapping lifecycle mapping for MavenProject: com.irene:api-gateway:0.0.1-SNAPSHOT @ C:\Users\irene\eclipse-workspace\E-Comm_Appln\api-gateway\pom.xml.
2025-11-18 23:35:39,745 [Worker-59: Download sources and javadoc] ERROR o.e.m.j.internal.DownloadSourcesJob - Could not download sources for org.springframework.boot:spring-boot-actuator-autoconfigure:3.5.7
org.eclipse.core.runtime.CoreException: Could not resolve artifact org.springframework.boot:spring-boot-actuator-autoconfigure:jar:sources:3.5.7
	at org.eclipse.m2e.core.internal.embedder.MavenImpl.lambda$7(MavenImpl.java:540)
	at org.eclipse.m2e.core.internal.embedder.MavenExecutionContext.executeBare(MavenExecutionContext.java:458)
	at org.eclipse.m2e.core.internal.embedder.MavenExecutionContext.execute(MavenExecutionContext.java:292)
	at org.eclipse.m2e.core.internal.embedder.MavenExecutionContext.execute(MavenExecutionContext.java:278)
	at org.eclipse.m2e.core.internal.embedder.MavenImpl.resolve(MavenImpl.java:509)
	at org.eclipse.m2e.core.internal.embedder.MavenImpl.resolve(MavenImpl.java:494)
	at org.eclipse.m2e.jdt.internal.DownloadSourcesJob.download(DownloadSourcesJob.java:308)
	at org.eclipse.m2e.jdt.internal.DownloadSourcesJob.downloadAttachments(DownloadSourcesJob.java:282)
	at org.eclipse.m2e.jdt.internal.DownloadSourcesJob.downloadMaven(DownloadSourcesJob.java:252)
	at org.eclipse.m2e.jdt.internal.DownloadSourcesJob.downloadFilesAndPopulateToUpdate(DownloadSourcesJob.java:220)
	at org.eclipse.m2e.jdt.internal.DownloadSourcesJob.lambda$0(DownloadSourcesJob.java:149)
	at org.eclipse.m2e.core.internal.embedder.MavenExecutionContext.executeBare(MavenExecutionContext.java:458)
	at org.eclipse.m2e.core.internal.embedder.MavenExecutionContext.execute(MavenExecutionContext.java:339)
	at org.eclipse.m2e.core.internal.embedder.MavenExecutionContext.execute(MavenExecutionContext.java:278)
	at org.eclipse.m2e.core.embedder.IMaven.execute(IMaven.java:300)
	at org.eclipse.m2e.jdt.internal.DownloadSourcesJob.run(DownloadSourcesJob.java:149)
	at org.eclipse.core.internal.jobs.Worker.run(Worker.java:63)
2025-11-18 23:35:39,770 [Worker-59: Download sources and javadoc] INFO  o.a.http.impl.execchain.RetryExec - I/O exception (java.net.SocketException) caught when processing request to {s}->https://repo.maven.apache.org:443: Network is unreachable: no further information
2025-11-18 23:35:39,771 [Worker-59: Download sources and javadoc] INFO  o.a.http.impl.execchain.RetryExec - Retrying request to {s}->https://repo.maven.apache.org:443
2025-11-18 23:35:39,773 [Worker-59: Download sources and javadoc] INFO  o.a.http.impl.execchain.RetryExec - I/O exception (java.net.SocketException) caught when processing request to {s}->https://repo.maven.apache.org:443: Network is unreachable: no further information
2025-11-18 23:35:39,773 [Worker-59: Download sources and javadoc] INFO  o.a.http.impl.execchain.RetryExec - Retrying request to {s}->https://repo.maven.apache.org:443
2025-11-18 23:35:39,786 [Worker-59: Download sources and javadoc] INFO  o.a.http.impl.execchain.RetryExec - I/O exception (java.net.SocketException) caught when processing request to {s}->https://repo.maven.apache.org:443: Network is unreachable: no further information
2025-11-18 23:35:39,786 [Worker-59: Download sources and javadoc] INFO  o.a.http.impl.execchain.RetryExec - Retrying request to {s}->https://repo.maven.apache.org:443
2025-11-18 23:35:39,789 [Worker-59: Download sources and javadoc] INFO  o.e.m.c.i.e.AbstractTransferListenerAdapter - Downloaded https://repo.maven.apache.org/maven2/org/springframework/boot/spring-boot-actuator/3.5.7/spring-boot-actuator-3.5.7-sources.jar
2025-11-18 23:35:39,794 [Worker-59: Download sources and javadoc] ERROR o.e.m.j.internal.DownloadSourcesJob - Could not download sources for org.springframework.boot:spring-boot-actuator:3.5.7
org.eclipse.core.runtime.CoreException: Could not resolve artifact org.springframework.boot:spring-boot-actuator:jar:sources:3.5.7
	at org.eclipse.m2e.core.internal.embedder.MavenImpl.lambda$7(MavenImpl.java:540)
	at org.eclipse.m2e.core.internal.embedder.MavenExecutionContext.executeBare(MavenExecutionContext.java:458)
	at org.eclipse.m2e.core.internal.embedder.MavenExecutionContext.execute(MavenExecutionContext.java:292)
	at org.eclipse.m2e.core.internal.embedder.MavenExecutionContext.execute(MavenExecutionContext.java:278)
	at org.eclipse.m2e.core.internal.embedder.MavenImpl.resolve(MavenImpl.java:509)
	at org.eclipse.m2e.core.internal.embedder.MavenImpl.resolve(MavenImpl.java:494)
	at org.eclipse.m2e.jdt.internal.DownloadSourcesJob.download(DownloadSourcesJob.java:308)
	at org.eclipse.m2e.jdt.internal.DownloadSourcesJob.downloadAttachments(DownloadSourcesJob.java:282)
	at org.eclipse.m2e.jdt.internal.DownloadSourcesJob.downloadMaven(DownloadSourcesJob.java:252)
	at org.eclipse.m2e.jdt.internal.DownloadSourcesJob.downloadFilesAndPopulateToUpdate(DownloadSourcesJob.java:220)
	at org.eclipse.m2e.jdt.internal.DownloadSourcesJob.lambda$0(DownloadSourcesJob.java:149)
	at org.eclipse.m2e.core.internal.embedder.MavenExecutionContext.executeBare(MavenExecutionContext.java:458)
	at org.eclipse.m2e.core.internal.embedder.MavenExecutionContext.execute(MavenExecutionContext.java:339)
	at org.eclipse.m2e.core.internal.embedder.MavenExecutionContext.execute(MavenExecutionContext.java:278)
	at org.eclipse.m2e.core.embedder.IMaven.execute(IMaven.java:300)
	at org.eclipse.m2e.jdt.internal.DownloadSourcesJob.run(DownloadSourcesJob.java:149)
	at org.eclipse.core.internal.jobs.Worker.run(Worker.java:63)
2025-11-18 23:35:39,808 [Worker-59: Download sources and javadoc] INFO  o.a.http.impl.execchain.RetryExec - I/O exception (java.net.SocketException) caught when processing request to {s}->https://repo.maven.apache.org:443: Network is unreachable: no further information
2025-11-18 23:35:39,809 [Worker-59: Download sources and javadoc] INFO  o.a.http.impl.execchain.RetryExec - Retrying request to {s}->https://repo.maven.apache.org:443
2025-11-18 23:35:39,811 [Worker-59: Download sources and javadoc] INFO  o.a.http.impl.execchain.RetryExec - I/O exception (java.net.SocketException) caught when processing request to {s}->https://repo.maven.apache.org:443: Network is unreachable: no further information
2025-11-18 23:35:39,812 [Worker-59: Download sources and javadoc] INFO  o.a.http.impl.execchain.RetryExec - Retrying request to {s}->https://repo.maven.apache.org:443
2025-11-18 23:35:39,833 [Worker-59: Download sources and javadoc] INFO  o.a.http.impl.execchain.RetryExec - I/O exception (java.net.SocketException) caught when processing request to {s}->https://repo.maven.apache.org:443: Network is unreachable: no further information
2025-11-18 23:35:39,833 [Worker-59: Download sources and javadoc] INFO  o.a.http.impl.execchain.RetryExec - Retrying request to {s}->https://repo.maven.apache.org:443
2025-11-18 23:35:39,848 [Worker-59: Download sources and javadoc] INFO  o.e.m.c.i.e.AbstractTransferListenerAdapter - Downloaded https://repo.maven.apache.org/maven2/io/micrometer/micrometer-jakarta9/1.15.5/micrometer-jakarta9-1.15.5-sources.jar
2025-11-18 23:35:39,853 [Worker-59: Download sources and javadoc] ERROR o.e.m.j.internal.DownloadSourcesJob - Could not download sources for io.micrometer:micrometer-jakarta9:1.15.5
org.eclipse.core.runtime.CoreException: Could not resolve artifact io.micrometer:micrometer-jakarta9:jar:sources:1.15.5
	at org.eclipse.m2e.core.internal.embedder.MavenImpl.lambda$7(MavenImpl.java:540)
	at org.eclipse.m2e.core.internal.embedder.MavenExecutionContext.executeBare(MavenExecutionContext.java:458)
	at org.eclipse.m2e.core.internal.embedder.MavenExecutionContext.execute(MavenExecutionContext.java:292)
	at org.eclipse.m2e.core.internal.embedder.MavenExecutionContext.execute(MavenExecutionContext.java:278)
	at org.eclipse.m2e.core.internal.embedder.MavenImpl.resolve(MavenImpl.java:509)
	at org.eclipse.m2e.core.internal.embedder.MavenImpl.resolve(MavenImpl.java:494)
	at org.eclipse.m2e.jdt.internal.DownloadSourcesJob.download(DownloadSourcesJob.java:308)
	at org.eclipse.m2e.jdt.internal.DownloadSourcesJob.downloadAttachments(DownloadSourcesJob.java:282)
	at org.eclipse.m2e.jdt.internal.DownloadSourcesJob.downloadMaven(DownloadSourcesJob.java:252)
	at org.eclipse.m2e.jdt.internal.DownloadSourcesJob.downloadFilesAndPopulateToUpdate(DownloadSourcesJob.java:220)
	at org.eclipse.m2e.jdt.internal.DownloadSourcesJob.lambda$0(DownloadSourcesJob.java:149)
	at org.eclipse.m2e.core.internal.embedder.MavenExecutionContext.executeBare(MavenExecutionContext.java:458)
	at org.eclipse.m2e.core.internal.embedder.MavenExecutionContext.execute(MavenExecutionContext.java:339)
	at org.eclipse.m2e.core.internal.embedder.MavenExecutionContext.execute(MavenExecutionContext.java:278)
	at org.eclipse.m2e.core.embedder.IMaven.execute(IMaven.java:300)
	at org.eclipse.m2e.jdt.internal.DownloadSourcesJob.run(DownloadSourcesJob.java:149)
	at org.eclipse.core.internal.jobs.Worker.run(Worker.java:63)
2025-11-18 23:35:39,867 [Worker-59: Download sources and javadoc] INFO  o.a.http.impl.execchain.RetryExec - I/O exception (java.net.SocketException) caught when processing request to {s}->https://repo.maven.apache.org:443: Network is unreachable: no further information
2025-11-18 23:35:39,867 [Worker-59: Download sources and javadoc] INFO  o.a.http.impl.execchain.RetryExec - Retrying request to {s}->https://repo.maven.apache.org:443
2025-11-18 23:35:39,870 [Worker-59: Download sources and javadoc] INFO  o.a.http.impl.execchain.RetryExec - I/O exception (java.net.SocketException) caught when processing request to {s}->https://repo.maven.apache.org:443: Network is unreachable: no further information
2025-11-18 23:35:39,871 [Worker-59: Download sources and javadoc] INFO  o.a.http.impl.execchain.RetryExec - Retrying request to {s}->https://repo.maven.apache.org:443
2025-11-18 23:35:39,873 [Worker-59: Download sources and javadoc] INFO  o.a.http.impl.execchain.RetryExec - I/O exception (java.net.SocketException) caught when processing request to {s}->https://repo.maven.apache.org:443: Network is unreachable: no further information
2025-11-18 23:35:39,873 [Worker-59: Download sources and javadoc] INFO  o.a.http.impl.execchain.RetryExec - Retrying request to {s}->https://repo.maven.apache.org:443
2025-11-18 23:35:39,894 [Worker-59: Download sources and javadoc] INFO  o.e.m.c.i.e.AbstractTransferListenerAdapter - Downloaded https://repo.maven.apache.org/maven2/io/micrometer/micrometer-core/1.15.5/micrometer-core-1.15.5-sources.jar
2025-11-18 23:35:39,899 [Worker-59: Download sources and javadoc] ERROR o.e.m.j.internal.DownloadSourcesJob - Could not download sources for io.micrometer:micrometer-core:1.15.5
org.eclipse.core.runtime.CoreException: Could not resolve artifact io.micrometer:micrometer-core:jar:sources:1.15.5
	at org.eclipse.m2e.core.internal.embedder.MavenImpl.lambda$7(MavenImpl.java:540)
	at org.eclipse.m2e.core.internal.embedder.MavenExecutionContext.executeBare(MavenExecutionContext.java:458)
	at org.eclipse.m2e.core.internal.embedder.MavenExecutionContext.execute(MavenExecutionContext.java:292)
	at org.eclipse.m2e.core.internal.embedder.MavenExecutionContext.execute(MavenExecutionContext.java:278)
	at org.eclipse.m2e.core.internal.embedder.MavenImpl.resolve(MavenImpl.java:509)
	at org.eclipse.m2e.core.internal.embedder.MavenImpl.resolve(MavenImpl.java:494)
	at org.eclipse.m2e.jdt.internal.DownloadSourcesJob.download(DownloadSourcesJob.java:308)
	at org.eclipse.m2e.jdt.internal.DownloadSourcesJob.downloadAttachments(DownloadSourcesJob.java:282)
	at org.eclipse.m2e.jdt.internal.DownloadSourcesJob.downloadMaven(DownloadSourcesJob.java:252)
	at org.eclipse.m2e.jdt.internal.DownloadSourcesJob.downloadFilesAndPopulateToUpdate(DownloadSourcesJob.java:220)
	at org.eclipse.m2e.jdt.internal.DownloadSourcesJob.lambda$0(DownloadSourcesJob.java:149)
	at org.eclipse.m2e.core.internal.embedder.MavenExecutionContext.executeBare(MavenExecutionContext.java:458)
	at org.eclipse.m2e.core.internal.embedder.MavenExecutionContext.execute(MavenExecutionContext.java:339)
	at org.eclipse.m2e.core.internal.embedder.MavenExecutionContext.execute(MavenExecutionContext.java:278)
	at org.eclipse.m2e.core.embedder.IMaven.execute(IMaven.java:300)
	at org.eclipse.m2e.jdt.internal.DownloadSourcesJob.run(DownloadSourcesJob.java:149)
	at org.eclipse.core.internal.jobs.Worker.run(Worker.java:63)
2025-11-18 23:35:41,728 [Worker-55: Updating Maven Project] INFO  o.e.m.j.i.AbstractJavaProjectConfigurator - Adding source folder /api-gateway/src/main/java
2025-11-18 23:35:41,730 [Worker-55: Updating Maven Project] INFO  o.e.m.j.i.AbstractJavaProjectConfigurator - Adding resource folder /api-gateway/src/main/resources
2025-11-18 23:35:41,730 [Worker-55: Updating Maven Project] INFO  o.e.m.j.i.AbstractJavaProjectConfigurator - Adding resource folder /api-gateway/src/main/resources
2025-11-18 23:35:41,730 [Worker-55: Updating Maven Project] INFO  o.e.m.j.i.AbstractJavaProjectConfigurator - Adding source folder /api-gateway/src/test/java
2025-11-18 23:35:41,730 [Worker-55: Updating Maven Project] INFO  o.e.m.j.i.AbstractJavaProjectConfigurator - Adding resource folder /api-gateway/src/test/resources
2025-11-18 23:35:42,451 [Worker-60: Download sources and javadoc] INFO  o.a.http.impl.execchain.RetryExec - I/O exception (java.net.SocketException) caught when processing request to {s}->https://repo.maven.apache.org:443: Network is unreachable: no further information
2025-11-18 23:35:42,453 [Worker-60: Download sources and javadoc] INFO  o.a.http.impl.execchain.RetryExec - Retrying request to {s}->https://repo.maven.apache.org:443
2025-11-18 23:35:42,455 [Worker-60: Download sources and javadoc] INFO  o.a.http.impl.execchain.RetryExec - I/O exception (java.net.SocketException) caught when processing request to {s}->https://repo.maven.apache.org:443: Network is unreachable: no further information
2025-11-18 23:35:42,455 [Worker-60: Download sources and javadoc] INFO  o.a.http.impl.execchain.RetryExec - Retrying request to {s}->https://repo.maven.apache.org:443
2025-11-18 23:35:42,475 [Worker-60: Download sources and javadoc] INFO  o.a.http.impl.execchain.RetryExec - I/O exception (java.net.SocketException) caught when processing request to {s}->https://repo.maven.apache.org:443: Network is unreachable: no further information
2025-11-18 23:35:42,475 [Worker-60: Download sources and javadoc] INFO  o.a.http.impl.execchain.RetryExec - Retrying request to {s}->https://repo.maven.apache.org:443
2025-11-18 23:35:42,485 [Worker-60: Download sources and javadoc] INFO  o.e.m.c.i.e.AbstractTransferListenerAdapter - Downloaded https://repo.maven.apache.org/maven2/org/springframework/boot/spring-boot-starter-actuator/3.5.7/spring-boot-starter-actuator-3.5.7-javadoc.jar
2025-11-18 23:35:42,488 [Worker-60: Download sources and javadoc] ERROR o.e.m.j.internal.DownloadSourcesJob - Could not download javadoc for org.springframework.boot:spring-boot-starter-actuator:3.5.7
org.eclipse.core.runtime.CoreException: Could not resolve artifact org.springframework.boot:spring-boot-starter-actuator:jar:javadoc:3.5.7
	at org.eclipse.m2e.core.internal.embedder.MavenImpl.lambda$7(MavenImpl.java:540)
	at org.eclipse.m2e.core.internal.embedder.MavenExecutionContext.executeBare(MavenExecutionContext.java:458)
	at org.eclipse.m2e.core.internal.embedder.MavenExecutionContext.execute(MavenExecutionContext.java:292)
	at org.eclipse.m2e.core.internal.embedder.MavenExecutionContext.execute(MavenExecutionContext.java:278)
	at org.eclipse.m2e.core.internal.embedder.MavenImpl.resolve(MavenImpl.java:509)
	at org.eclipse.m2e.core.internal.embedder.MavenImpl.resolve(MavenImpl.java:494)
	at org.eclipse.m2e.jdt.internal.DownloadSourcesJob.download(DownloadSourcesJob.java:308)
	at org.eclipse.m2e.jdt.internal.DownloadSourcesJob.downloadAttachments(DownloadSourcesJob.java:294)
	at org.eclipse.m2e.jdt.internal.DownloadSourcesJob.downloadMaven(DownloadSourcesJob.java:252)
	at org.eclipse.m2e.jdt.internal.DownloadSourcesJob.downloadFilesAndPopulateToUpdate(DownloadSourcesJob.java:220)
	at org.eclipse.m2e.jdt.internal.DownloadSourcesJob.lambda$0(DownloadSourcesJob.java:149)
	at org.eclipse.m2e.core.internal.embedder.MavenExecutionContext.executeBare(MavenExecutionContext.java:458)
	at org.eclipse.m2e.core.internal.embedder.MavenExecutionContext.execute(MavenExecutionContext.java:339)
	at org.eclipse.m2e.core.internal.embedder.MavenExecutionContext.execute(MavenExecutionContext.java:278)
	at org.eclipse.m2e.core.embedder.IMaven.execute(IMaven.java:300)
	at org.eclipse.m2e.jdt.internal.DownloadSourcesJob.run(DownloadSourcesJob.java:149)
	at org.eclipse.core.internal.jobs.Worker.run(Worker.java:63)
2025-11-18 23:35:42,507 [Worker-60: Download sources and javadoc] INFO  o.a.http.impl.execchain.RetryExec - I/O exception (java.net.SocketException) caught when processing request to {s}->https://repo.maven.apache.org:443: Network is unreachable: no further information
2025-11-18 23:35:42,509 [Worker-60: Download sources and javadoc] INFO  o.a.http.impl.execchain.RetryExec - Retrying request to {s}->https://repo.maven.apache.org:443
2025-11-18 23:35:42,511 [Worker-60: Download sources and javadoc] INFO  o.a.http.impl.execchain.RetryExec - I/O exception (java.net.SocketException) caught when processing request to {s}->https://repo.maven.apache.org:443: Network is unreachable: no further information
2025-11-18 23:35:42,511 [Worker-60: Download sources and javadoc] INFO  o.a.http.impl.execchain.RetryExec - Retrying request to {s}->https://repo.maven.apache.org:443
2025-11-18 23:35:42,513 [Worker-60: Download sources and javadoc] INFO  o.a.http.impl.execchain.RetryExec - I/O exception (java.net.SocketException) caught when processing request to {s}->https://repo.maven.apache.org:443: Network is unreachable: no further information
2025-11-18 23:35:42,513 [Worker-60: Download sources and javadoc] INFO  o.a.http.impl.execchain.RetryExec - Retrying request to {s}->https://repo.maven.apache.org:443
2025-11-18 23:35:42,535 [Worker-60: Download sources and javadoc] INFO  o.e.m.c.i.e.AbstractTransferListenerAdapter - Downloaded https://repo.maven.apache.org/maven2/org/springframework/boot/spring-boot-actuator-autoconfigure/3.5.7/spring-boot-actuator-autoconfigure-3.5.7-javadoc.jar
2025-11-18 23:35:42,540 [Worker-60: Download sources and javadoc] ERROR o.e.m.j.internal.DownloadSourcesJob - Could not download javadoc for org.springframework.boot:spring-boot-actuator-autoconfigure:3.5.7
org.eclipse.core.runtime.CoreException: Could not resolve artifact org.springframework.boot:spring-boot-actuator-autoconfigure:jar:javadoc:3.5.7
	at org.eclipse.m2e.core.internal.embedder.MavenImpl.lambda$7(MavenImpl.java:540)
	at org.eclipse.m2e.core.internal.embedder.MavenExecutionContext.executeBare(MavenExecutionContext.java:458)
	at org.eclipse.m2e.core.internal.embedder.MavenExecutionContext.execute(MavenExecutionContext.java:292)
	at org.eclipse.m2e.core.internal.embedder.MavenExecutionContext.execute(MavenExecutionContext.java:278)
	at org.eclipse.m2e.core.internal.embedder.MavenImpl.resolve(MavenImpl.java:509)
	at org.eclipse.m2e.core.internal.embedder.MavenImpl.resolve(MavenImpl.java:494)
	at org.eclipse.m2e.jdt.internal.DownloadSourcesJob.download(DownloadSourcesJob.java:308)
	at org.eclipse.m2e.jdt.internal.DownloadSourcesJob.downloadAttachments(DownloadSourcesJob.java:294)
	at org.eclipse.m2e.jdt.internal.DownloadSourcesJob.downloadMaven(DownloadSourcesJob.java:252)
	at org.eclipse.m2e.jdt.internal.DownloadSourcesJob.downloadFilesAndPopulateToUpdate(DownloadSourcesJob.java:220)
	at org.eclipse.m2e.jdt.internal.DownloadSourcesJob.lambda$0(DownloadSourcesJob.java:149)
	at org.eclipse.m2e.core.internal.embedder.MavenExecutionContext.executeBare(MavenExecutionContext.java:458)
	at org.eclipse.m2e.core.internal.embedder.MavenExecutionContext.execute(MavenExecutionContext.java:339)
	at org.eclipse.m2e.core.internal.embedder.MavenExecutionContext.execute(MavenExecutionContext.java:278)
	at org.eclipse.m2e.core.embedder.IMaven.execute(IMaven.java:300)
	at org.eclipse.m2e.jdt.internal.DownloadSourcesJob.run(DownloadSourcesJob.java:149)
	at org.eclipse.core.internal.jobs.Worker.run(Worker.java:63)
2025-11-18 23:35:42,558 [Worker-60: Download sources and javadoc] INFO  o.a.http.impl.execchain.RetryExec - I/O exception (java.net.SocketException) caught when processing request to {s}->https://repo.maven.apache.org:443: Network is unreachable: no further information
2025-11-18 23:35:42,558 [Worker-60: Download sources and javadoc] INFO  o.a.http.impl.execchain.RetryExec - Retrying request to {s}->https://repo.maven.apache.org:443
2025-11-18 23:35:42,562 [Worker-60: Download sources and javadoc] INFO  o.a.http.impl.execchain.RetryExec - I/O exception (java.net.SocketException) caught when processing request to {s}->https://repo.maven.apache.org:443: Network is unreachable: no further information
2025-11-18 23:35:42,562 [Worker-60: Download sources and javadoc] INFO  o.a.http.impl.execchain.RetryExec - Retrying request to {s}->https://repo.maven.apache.org:443
2025-11-18 23:35:42,582 [Worker-60: Download sources and javadoc] INFO  o.a.http.impl.execchain.RetryExec - I/O exception (java.net.SocketException) caught when processing request to {s}->https://repo.maven.apache.org:443: Network is unreachable: no further information
2025-11-18 23:35:42,582 [Worker-60: Download sources and javadoc] INFO  o.a.http.impl.execchain.RetryExec - Retrying request to {s}->https://repo.maven.apache.org:443
2025-11-18 23:35:42,586 [Worker-60: Download sources and javadoc] INFO  o.e.m.c.i.e.AbstractTransferListenerAdapter - Downloaded https://repo.maven.apache.org/maven2/org/springframework/boot/spring-boot-actuator/3.5.7/spring-boot-actuator-3.5.7-javadoc.jar
2025-11-18 23:35:42,589 [Worker-60: Download sources and javadoc] ERROR o.e.m.j.internal.DownloadSourcesJob - Could not download javadoc for org.springframework.boot:spring-boot-actuator:3.5.7
org.eclipse.core.runtime.CoreException: Could not resolve artifact org.springframework.boot:spring-boot-actuator:jar:javadoc:3.5.7
	at org.eclipse.m2e.core.internal.embedder.MavenImpl.lambda$7(MavenImpl.java:540)
	at org.eclipse.m2e.core.internal.embedder.MavenExecutionContext.executeBare(MavenExecutionContext.java:458)
	at org.eclipse.m2e.core.internal.embedder.MavenExecutionContext.execute(MavenExecutionContext.java:292)
	at org.eclipse.m2e.core.internal.embedder.MavenExecutionContext.execute(MavenExecutionContext.java:278)
	at org.eclipse.m2e.core.internal.embedder.MavenImpl.resolve(MavenImpl.java:509)
	at org.eclipse.m2e.core.internal.embedder.MavenImpl.resolve(MavenImpl.java:494)
	at org.eclipse.m2e.jdt.internal.DownloadSourcesJob.download(DownloadSourcesJob.java:308)
	at org.eclipse.m2e.jdt.internal.DownloadSourcesJob.downloadAttachments(DownloadSourcesJob.java:294)
	at org.eclipse.m2e.jdt.internal.DownloadSourcesJob.downloadMaven(DownloadSourcesJob.java:252)
	at org.eclipse.m2e.jdt.internal.DownloadSourcesJob.downloadFilesAndPopulateToUpdate(DownloadSourcesJob.java:220)
	at org.eclipse.m2e.jdt.internal.DownloadSourcesJob.lambda$0(DownloadSourcesJob.java:149)
	at org.eclipse.m2e.core.internal.embedder.MavenExecutionContext.executeBare(MavenExecutionContext.java:458)
	at org.eclipse.m2e.core.internal.embedder.MavenExecutionContext.execute(MavenExecutionContext.java:339)
	at org.eclipse.m2e.core.internal.embedder.MavenExecutionContext.execute(MavenExecutionContext.java:278)
	at org.eclipse.m2e.core.embedder.IMaven.execute(IMaven.java:300)
	at org.eclipse.m2e.jdt.internal.DownloadSourcesJob.run(DownloadSourcesJob.java:149)
	at org.eclipse.core.internal.jobs.Worker.run(Worker.java:63)
2025-11-18 23:35:42,701 [Worker-60: Download sources and javadoc] INFO  o.a.http.impl.execchain.RetryExec - I/O exception (java.net.SocketException) caught when processing request to {s}->https://repo.maven.apache.org:443: Network is unreachable: no further information
2025-11-18 23:35:42,701 [Worker-60: Download sources and javadoc] INFO  o.a.http.impl.execchain.RetryExec - Retrying request to {s}->https://repo.maven.apache.org:443
2025-11-18 23:35:42,703 [Worker-55: Updating Maven Project] INFO  o.e.m.c.i.p.ProjectConfigurationManager - Update completed for 1 poms: local refresh takes 0.00 sec, refresh facades takes 4.00 sec, update config takes 0.00 sec 
2025-11-18 23:35:42,705 [Worker-60: Download sources and javadoc] INFO  o.a.http.impl.execchain.RetryExec - I/O exception (java.net.SocketException) caught when processing request to {s}->https://repo.maven.apache.org:443: Network is unreachable: no further information
2025-11-18 23:35:42,705 [Worker-60: Download sources and javadoc] INFO  o.a.http.impl.execchain.RetryExec - Retrying request to {s}->https://repo.maven.apache.org:443
2025-11-18 23:35:42,710 [Worker-60: Download sources and javadoc] INFO  o.a.http.impl.execchain.RetryExec - I/O exception (java.net.SocketException) caught when processing request to {s}->https://repo.maven.apache.org:443: Network is unreachable: no further information
2025-11-18 23:35:42,711 [Worker-60: Download sources and javadoc] INFO  o.a.http.impl.execchain.RetryExec - Retrying request to {s}->https://repo.maven.apache.org:443
2025-11-18 23:35:42,712 [Worker-60: Download sources and javadoc] INFO  o.e.m.c.i.e.AbstractTransferListenerAdapter - Downloaded https://repo.maven.apache.org/maven2/io/micrometer/micrometer-jakarta9/1.15.5/micrometer-jakarta9-1.15.5-javadoc.jar
2025-11-18 23:35:42,719 [Worker-60: Download sources and javadoc] ERROR o.e.m.j.internal.DownloadSourcesJob - Could not download javadoc for io.micrometer:micrometer-jakarta9:1.15.5
org.eclipse.core.runtime.CoreException: Could not resolve artifact io.micrometer:micrometer-jakarta9:jar:javadoc:1.15.5
	at org.eclipse.m2e.core.internal.embedder.MavenImpl.lambda$7(MavenImpl.java:540)
	at org.eclipse.m2e.core.internal.embedder.MavenExecutionContext.executeBare(MavenExecutionContext.java:458)
	at org.eclipse.m2e.core.internal.embedder.MavenExecutionContext.execute(MavenExecutionContext.java:292)
	at org.eclipse.m2e.core.internal.embedder.MavenExecutionContext.execute(MavenExecutionContext.java:278)
	at org.eclipse.m2e.core.internal.embedder.MavenImpl.resolve(MavenImpl.java:509)
	at org.eclipse.m2e.core.internal.embedder.MavenImpl.resolve(MavenImpl.java:494)
	at org.eclipse.m2e.jdt.internal.DownloadSourcesJob.download(DownloadSourcesJob.java:308)
	at org.eclipse.m2e.jdt.internal.DownloadSourcesJob.downloadAttachments(DownloadSourcesJob.java:294)
	at org.eclipse.m2e.jdt.internal.DownloadSourcesJob.downloadMaven(DownloadSourcesJob.java:252)
	at org.eclipse.m2e.jdt.internal.DownloadSourcesJob.downloadFilesAndPopulateToUpdate(DownloadSourcesJob.java:220)
	at org.eclipse.m2e.jdt.internal.DownloadSourcesJob.lambda$0(DownloadSourcesJob.java:149)
	at org.eclipse.m2e.core.internal.embedder.MavenExecutionContext.executeBare(MavenExecutionContext.java:458)
	at org.eclipse.m2e.core.internal.embedder.MavenExecutionContext.execute(MavenExecutionContext.java:339)
	at org.eclipse.m2e.core.internal.embedder.MavenExecutionContext.execute(MavenExecutionContext.java:278)
	at org.eclipse.m2e.core.embedder.IMaven.execute(IMaven.java:300)
	at org.eclipse.m2e.jdt.internal.DownloadSourcesJob.run(DownloadSourcesJob.java:149)
	at org.eclipse.core.internal.jobs.Worker.run(Worker.java:63)
2025-11-18 23:35:42,736 [Worker-60: Download sources and javadoc] INFO  o.a.http.impl.execchain.RetryExec - I/O exception (java.net.SocketException) caught when processing request to {s}->https://repo.maven.apache.org:443: Network is unreachable: no further information
2025-11-18 23:35:42,736 [Worker-60: Download sources and javadoc] INFO  o.a.http.impl.execchain.RetryExec - Retrying request to {s}->https://repo.maven.apache.org:443
2025-11-18 23:35:42,738 [Worker-60: Download sources and javadoc] INFO  o.a.http.impl.execchain.RetryExec - I/O exception (java.net.SocketException) caught when processing request to {s}->https://repo.maven.apache.org:443: Network is unreachable: no further information
2025-11-18 23:35:42,740 [Worker-60: Download sources and javadoc] INFO  o.a.http.impl.execchain.RetryExec - Retrying request to {s}->https://repo.maven.apache.org:443
2025-11-18 23:35:42,742 [Worker-60: Download sources and javadoc] INFO  o.a.http.impl.execchain.RetryExec - I/O exception (java.net.SocketException) caught when processing request to {s}->https://repo.maven.apache.org:443: Network is unreachable: no further information
2025-11-18 23:35:42,742 [Worker-60: Download sources and javadoc] INFO  o.a.http.impl.execchain.RetryExec - Retrying request to {s}->https://repo.maven.apache.org:443
2025-11-18 23:35:42,744 [Worker-60: Download sources and javadoc] INFO  o.e.m.c.i.e.AbstractTransferListenerAdapter - Downloaded https://repo.maven.apache.org/maven2/io/micrometer/micrometer-core/1.15.5/micrometer-core-1.15.5-javadoc.jar
2025-11-18 23:35:42,748 [Worker-60: Download sources and javadoc] ERROR o.e.m.j.internal.DownloadSourcesJob - Could not download javadoc for io.micrometer:micrometer-core:1.15.5
org.eclipse.core.runtime.CoreException: Could not resolve artifact io.micrometer:micrometer-core:jar:javadoc:1.15.5
	at org.eclipse.m2e.core.internal.embedder.MavenImpl.lambda$7(MavenImpl.java:540)
	at org.eclipse.m2e.core.internal.embedder.MavenExecutionContext.executeBare(MavenExecutionContext.java:458)
	at org.eclipse.m2e.core.internal.embedder.MavenExecutionContext.execute(MavenExecutionContext.java:292)
	at org.eclipse.m2e.core.internal.embedder.MavenExecutionContext.execute(MavenExecutionContext.java:278)
	at org.eclipse.m2e.core.internal.embedder.MavenImpl.resolve(MavenImpl.java:509)
	at org.eclipse.m2e.core.internal.embedder.MavenImpl.resolve(MavenImpl.java:494)
	at org.eclipse.m2e.jdt.internal.DownloadSourcesJob.download(DownloadSourcesJob.java:308)
	at org.eclipse.m2e.jdt.internal.DownloadSourcesJob.downloadAttachments(DownloadSourcesJob.java:294)
	at org.eclipse.m2e.jdt.internal.DownloadSourcesJob.downloadMaven(DownloadSourcesJob.java:252)
	at org.eclipse.m2e.jdt.internal.DownloadSourcesJob.downloadFilesAndPopulateToUpdate(DownloadSourcesJob.java:220)
	at org.eclipse.m2e.jdt.internal.DownloadSourcesJob.lambda$0(DownloadSourcesJob.java:149)
	at org.eclipse.m2e.core.internal.embedder.MavenExecutionContext.executeBare(MavenExecutionContext.java:458)
	at org.eclipse.m2e.core.internal.embedder.MavenExecutionContext.execute(MavenExecutionContext.java:339)
	at org.eclipse.m2e.core.internal.embedder.MavenExecutionContext.execute(MavenExecutionContext.java:278)
	at org.eclipse.m2e.core.embedder.IMaven.execute(IMaven.java:300)
	at org.eclipse.m2e.jdt.internal.DownloadSourcesJob.run(DownloadSourcesJob.java:149)
	at org.eclipse.core.internal.jobs.Worker.run(Worker.java:63)
2025-11-18 23:35:43,003 [Worker-57: Building] INFO  o.a.m.s.f.DefaultMavenResourcesFiltering - Copying 1 resource from src\main\resources to target\classes
2025-11-18 23:35:43,031 [Worker-57: Building] INFO  o.a.m.s.f.DefaultMavenResourcesFiltering - Copying 0 resource from src\main\resources to target\classes
2025-11-18 23:35:43,036 [Worker-57: Building] INFO  o.a.m.s.f.DefaultMavenResourcesFiltering - skip non existing resourceDirectory C:\Users\irene\eclipse-workspace\E-Comm_Appln\api-gateway\src\test\resources
2025-11-18 23:35:48,033 [Worker-57: Building] INFO  o.e.m.c.i.l.LifecycleMappingFactory - Using org.eclipse.m2e.jdt.JarLifecycleMapping lifecycle mapping for MavenProject: com.irene:api-gateway:0.0.1-SNAPSHOT @ C:\Users\irene\eclipse-workspace\E-Comm_Appln\api-gateway\pom.xml.
2025-11-18 23:35:49,622 [Worker-57: Building] INFO  o.a.m.s.f.DefaultMavenResourcesFiltering - Copying 0 resource from src\main\resources to target\classes
2025-11-18 23:35:49,622 [Worker-57: Building] INFO  o.a.m.s.f.DefaultMavenResourcesFiltering - Copying 0 resource from src\main\resources to target\classes
2025-11-18 23:35:49,628 [Worker-57: Building] INFO  o.a.m.s.f.DefaultMavenResourcesFiltering - skip non existing resourceDirectory C:\Users\irene\eclipse-workspace\E-Comm_Appln\api-gateway\src\test\resources
2025-11-18 23:37:12,482 [Worker-55: Building] INFO  o.a.m.s.f.DefaultMavenResourcesFiltering - Copying 1 resource from src\main\resources to target\classes
2025-11-18 23:37:12,545 [Worker-55: Building] INFO  o.a.m.s.f.DefaultMavenResourcesFiltering - Copying 0 resource from src\main\resources to target\classes
2025-11-18 23:37:12,550 [Worker-55: Building] INFO  o.a.m.s.f.DefaultMavenResourcesFiltering - skip non existing resourceDirectory C:\Users\irene\eclipse-workspace\E-Comm_Appln\api-gateway\src\test\resources
2025-11-19 20:53:28,275 [Worker-8: Loading available Gradle versions] INFO  o.e.b.c.i.u.g.PublishedGradleVersions - Gradle version information cache is up-to-date. Trying to read.
2025-11-19 20:53:33,542 [Worker-2: reload maven project] INFO  o.e.m.c.i.e.AbstractTransferListenerAdapter - Downloading https://repo.maven.apache.org/maven2/org/springframework/boot/spring-boot-actuator-autoconfigure/3.5.7/spring-boot-actuator-autoconfigure-3.5.7.jar
2025-11-19 20:53:33,833 [Worker-2: reload maven project] INFO  o.e.m.c.i.e.AbstractTransferListenerAdapter - Downloaded https://repo.maven.apache.org/maven2/org/springframework/boot/spring-boot-actuator-autoconfigure/3.5.7/spring-boot-actuator-autoconfigure-3.5.7.jar
2025-11-19 20:53:33,870 [BasicRepositoryConnector-repo.maven.apache.org-0-1] INFO  o.e.m.c.i.e.AbstractTransferListenerAdapter - Downloading https://repo.maven.apache.org/maven2/io/micrometer/micrometer-jakarta9/1.15.5/micrometer-jakarta9-1.15.5.jar
2025-11-19 20:53:33,928 [BasicRepositoryConnector-repo.maven.apache.org-0-0] INFO  o.e.m.c.i.e.AbstractTransferListenerAdapter - Downloading https://repo.maven.apache.org/maven2/org/springframework/boot/spring-boot-actuator/3.5.7/spring-boot-actuator-3.5.7.jar
2025-11-19 20:53:33,934 [BasicRepositoryConnector-repo.maven.apache.org-0-2] INFO  o.e.m.c.i.e.AbstractTransferListenerAdapter - Downloading https://repo.maven.apache.org/maven2/io/micrometer/micrometer-core/1.15.5/micrometer-core-1.15.5.jar
2025-11-19 20:53:34,152 [BasicRepositoryConnector-repo.maven.apache.org-0-0] INFO  o.e.m.c.i.e.AbstractTransferListenerAdapter - Downloaded https://repo.maven.apache.org/maven2/org/springframework/boot/spring-boot-actuator/3.5.7/spring-boot-actuator-3.5.7.jar
2025-11-19 20:53:34,208 [BasicRepositoryConnector-repo.maven.apache.org-0-2] INFO  o.e.m.c.i.e.AbstractTransferListenerAdapter - Downloaded https://repo.maven.apache.org/maven2/io/micrometer/micrometer-core/1.15.5/micrometer-core-1.15.5.jar
2025-11-19 20:53:35,180 [BasicRepositoryConnector-repo.maven.apache.org-0-1] INFO  o.e.m.c.i.e.AbstractTransferListenerAdapter - Downloaded https://repo.maven.apache.org/maven2/io/micrometer/micrometer-jakarta9/1.15.5/micrometer-jakarta9-1.15.5.jar
2025-11-19 20:58:14,709 [Worker-32: Updating Maven Project] INFO  o.e.m.c.i.p.ProjectConfigurationManager - Update started
2025-11-19 20:58:15,996 [Worker-32: Updating Maven Project] INFO  o.e.m.c.i.l.LifecycleMappingFactory - Using org.eclipse.m2e.jdt.JarLifecycleMapping lifecycle mapping for MavenProject: com.irene:api-gateway:0.0.1-SNAPSHOT @ C:\Users\irene\eclipse-workspace\E-Comm_Appln\api-gateway\pom.xml.
2025-11-19 20:58:16,698 [Worker-32: Updating Maven Project] INFO  o.e.m.c.i.e.AbstractTransferListenerAdapter - Downloading https://repo.maven.apache.org/maven2/org/springframework/boot/spring-boot-actuator/3.5.7/spring-boot-actuator-3.5.7.pom
2025-11-19 20:58:16,711 [Worker-32: Updating Maven Project] INFO  o.e.m.c.i.e.AbstractTransferListenerAdapter - Downloaded https://repo.maven.apache.org/maven2/org/springframework/boot/spring-boot-actuator/3.5.7/spring-boot-actuator-3.5.7.pom
2025-11-19 20:58:17,154 [Worker-32: Updating Maven Project] INFO  o.e.m.c.i.e.AbstractTransferListenerAdapter - Downloading https://repo.maven.apache.org/maven2/org/springframework/boot/spring-boot-actuator/3.5.7/spring-boot-actuator-3.5.7.jar
2025-11-19 20:58:17,349 [Worker-32: Updating Maven Project] INFO  o.e.m.c.i.e.AbstractTransferListenerAdapter - Downloaded https://repo.maven.apache.org/maven2/org/springframework/boot/spring-boot-actuator/3.5.7/spring-boot-actuator-3.5.7.jar
2025-11-19 20:58:18,457 [Worker-32: Updating Maven Project] INFO  o.e.m.j.i.AbstractJavaProjectConfigurator - Adding source folder /api-gateway/src/main/java
2025-11-19 20:58:18,461 [Worker-32: Updating Maven Project] INFO  o.e.m.j.i.AbstractJavaProjectConfigurator - Adding resource folder /api-gateway/src/main/resources
2025-11-19 20:58:18,463 [Worker-32: Updating Maven Project] INFO  o.e.m.j.i.AbstractJavaProjectConfigurator - Adding resource folder /api-gateway/src/main/resources
2025-11-19 20:58:18,466 [Worker-32: Updating Maven Project] INFO  o.e.m.j.i.AbstractJavaProjectConfigurator - Adding source folder /api-gateway/src/test/java
2025-11-19 20:58:18,468 [Worker-32: Updating Maven Project] INFO  o.e.m.j.i.AbstractJavaProjectConfigurator - Adding resource folder /api-gateway/src/test/resources
2025-11-19 20:58:19,028 [Worker-33: Download sources and javadoc] INFO  o.e.m.c.i.e.AbstractTransferListenerAdapter - Downloading https://repo.maven.apache.org/maven2/org/springframework/boot/spring-boot-actuator/3.5.7/spring-boot-actuator-3.5.7-sources.jar
2025-11-19 20:58:19,127 [Worker-33: Download sources and javadoc] INFO  o.e.m.c.i.e.AbstractTransferListenerAdapter - Downloaded https://repo.maven.apache.org/maven2/org/springframework/boot/spring-boot-actuator/3.5.7/spring-boot-actuator-3.5.7-sources.jar
2025-11-19 20:58:19,133 [Worker-33: Download sources and javadoc] INFO  o.e.m.j.internal.DownloadSourcesJob - Downloaded sources for org.springframework.boot:spring-boot-actuator:3.5.7
2025-11-19 20:58:19,408 [Worker-32: Updating Maven Project] INFO  o.e.m.c.i.p.ProjectConfigurationManager - Update completed for 1 poms: local refresh takes 0.00 sec, refresh facades takes 3.00 sec, update config takes 1.00 sec 
2025-11-19 20:58:20,961 [Worker-35: Building] INFO  o.a.m.s.f.DefaultMavenResourcesFiltering - Copying 1 resource from src\main\resources to target\classes
2025-11-19 20:58:20,999 [Worker-35: Building] INFO  o.a.m.s.f.DefaultMavenResourcesFiltering - Copying 0 resource from src\main\resources to target\classes
2025-11-19 20:58:21,013 [Worker-35: Building] INFO  o.a.m.s.f.DefaultMavenResourcesFiltering - skip non existing resourceDirectory C:\Users\irene\eclipse-workspace\E-Comm_Appln\api-gateway\src\test\resources
2025-11-19 21:05:12,836 [Worker-39: Launching PaymentServiceApplication] INFO  o.e.m.c.i.p.WorkspaceClassifierResolverManager - Resolving P/order-service: com.irene:orderService:0.0.1-SNAPSHOT with classifier  to /order-service/target/classes
2025-11-19 21:05:12,837 [Worker-39: Launching PaymentServiceApplication] INFO  o.e.m.c.i.p.WorkspaceClassifierResolverManager - Resolving P/product-service: com.irene:productService:0.0.1-SNAPSHOT with classifier  to /product-service/target/classes
2025-11-19 21:05:13,650 [Worker-39: Launching PaymentServiceApplication] INFO  o.e.m.c.i.p.WorkspaceClassifierResolverManager - Resolving P/order-service: com.irene:orderService:0.0.1-SNAPSHOT with classifier null to /order-service/target/classes
2025-11-19 21:05:13,652 [Worker-39: Launching PaymentServiceApplication] INFO  o.e.m.c.i.p.WorkspaceClassifierResolverManager - Resolving P/product-service: com.irene:productService:0.0.1-SNAPSHOT with classifier null to /product-service/target/classes
2025-11-19 21:05:14,331 [Worker-39: Launching PaymentServiceApplication] INFO  o.e.m.c.i.p.WorkspaceClassifierResolverManager - Resolving P/order-service: com.irene:orderService:0.0.1-SNAPSHOT with classifier null to /order-service/target/classes
2025-11-19 21:05:14,333 [Worker-39: Launching PaymentServiceApplication] INFO  o.e.m.c.i.p.WorkspaceClassifierResolverManager - Resolving P/product-service: com.irene:productService:0.0.1-SNAPSHOT with classifier null to /product-service/target/classes
2025-11-19 21:05:14,984 [Worker-39: Launching PaymentServiceApplication] INFO  o.e.m.c.i.p.WorkspaceClassifierResolverManager - Resolving P/order-service: com.irene:orderService:0.0.1-SNAPSHOT with classifier null to /order-service/target/classes
2025-11-19 21:05:14,985 [Worker-39: Launching PaymentServiceApplication] INFO  o.e.m.c.i.p.WorkspaceClassifierResolverManager - Resolving P/product-service: com.irene:productService:0.0.1-SNAPSHOT with classifier null to /product-service/target/classes
2025-11-19 21:05:34,105 [Worker-33: Launching OrderServiceApplication] INFO  o.e.m.c.i.p.WorkspaceClassifierResolverManager - Resolving P/product-service: com.irene:productService:0.0.1-SNAPSHOT with classifier  to /product-service/target/classes
2025-11-19 21:05:34,784 [Worker-33: Launching OrderServiceApplication] INFO  o.e.m.c.i.p.WorkspaceClassifierResolverManager - Resolving P/product-service: com.irene:productService:0.0.1-SNAPSHOT with classifier null to /product-service/target/classes
2025-11-19 21:05:35,393 [Worker-33: Launching OrderServiceApplication] INFO  o.e.m.c.i.p.WorkspaceClassifierResolverManager - Resolving P/product-service: com.irene:productService:0.0.1-SNAPSHOT with classifier null to /product-service/target/classes
2025-11-19 21:05:36,018 [Worker-33: Launching OrderServiceApplication] INFO  o.e.m.c.i.p.WorkspaceClassifierResolverManager - Resolving P/product-service: com.irene:productService:0.0.1-SNAPSHOT with classifier null to /product-service/target/classes
2025-11-19 21:15:02,179 [Worker-37: Building] INFO  o.e.m.c.i.l.LifecycleMappingFactory - Using org.eclipse.m2e.jdt.JarLifecycleMapping lifecycle mapping for MavenProject: com.irene:api-gateway:0.0.1-SNAPSHOT @ C:\Users\irene\eclipse-workspace\E-Comm_Appln\api-gateway\pom.xml.
2025-11-19 21:15:02,284 [Worker-37: Building] INFO  o.e.m.c.i.e.AbstractTransferListenerAdapter - Downloading https://repo.maven.apache.org/maven2/org/springframework/cloud/spring-cloud-starter-gateway/4.3.0/spring-cloud-starter-gateway-4.3.0.pom
2025-11-19 21:15:02,358 [Worker-37: Building] INFO  o.e.m.c.i.e.AbstractTransferListenerAdapter - Downloaded https://repo.maven.apache.org/maven2/org/springframework/cloud/spring-cloud-starter-gateway/4.3.0/spring-cloud-starter-gateway-4.3.0.pom
2025-11-19 21:15:02,688 [Worker-37: Building] INFO  o.e.m.c.i.e.AbstractTransferListenerAdapter - Downloading https://repo.maven.apache.org/maven2/org/springframework/cloud/spring-cloud-gateway-server/4.3.0/spring-cloud-gateway-server-4.3.0.pom
2025-11-19 21:15:02,736 [Worker-37: Building] INFO  o.e.m.c.i.e.AbstractTransferListenerAdapter - Downloaded https://repo.maven.apache.org/maven2/org/springframework/cloud/spring-cloud-gateway-server/4.3.0/spring-cloud-gateway-server-4.3.0.pom
2025-11-19 21:15:02,830 [Worker-37: Building] INFO  o.e.m.c.i.e.AbstractTransferListenerAdapter - Downloading https://repo.maven.apache.org/maven2/org/springframework/boot/spring-boot-starter-webflux/3.5.7/spring-boot-starter-webflux-3.5.7.pom
2025-11-19 21:15:02,884 [Worker-37: Building] INFO  o.e.m.c.i.e.AbstractTransferListenerAdapter - Downloaded https://repo.maven.apache.org/maven2/org/springframework/boot/spring-boot-starter-webflux/3.5.7/spring-boot-starter-webflux-3.5.7.pom
2025-11-19 21:15:03,032 [Worker-37: Building] INFO  o.e.m.c.i.e.AbstractTransferListenerAdapter - Downloading https://repo.maven.apache.org/maven2/org/springframework/boot/spring-boot-starter-reactor-netty/3.5.7/spring-boot-starter-reactor-netty-3.5.7.pom
2025-11-19 21:15:03,078 [Worker-37: Building] INFO  o.e.m.c.i.e.AbstractTransferListenerAdapter - Downloaded https://repo.maven.apache.org/maven2/org/springframework/boot/spring-boot-starter-reactor-netty/3.5.7/spring-boot-starter-reactor-netty-3.5.7.pom
2025-11-19 21:15:03,194 [Worker-37: Building] INFO  o.e.m.c.i.e.AbstractTransferListenerAdapter - Downloading https://repo.maven.apache.org/maven2/io/projectreactor/netty/reactor-netty-http/1.2.11/reactor-netty-http-1.2.11.pom
2025-11-19 21:15:03,315 [Worker-37: Building] INFO  o.e.m.c.i.e.AbstractTransferListenerAdapter - Downloaded https://repo.maven.apache.org/maven2/io/projectreactor/netty/reactor-netty-http/1.2.11/reactor-netty-http-1.2.11.pom
2025-11-19 21:15:03,360 [Worker-37: Building] INFO  o.e.m.c.i.e.AbstractTransferListenerAdapter - Downloading https://repo.maven.apache.org/maven2/io/netty/netty-codec-http/4.1.128.Final/netty-codec-http-4.1.128.Final.pom
2025-11-19 21:15:03,403 [Worker-37: Building] INFO  o.e.m.c.i.e.AbstractTransferListenerAdapter - Downloaded https://repo.maven.apache.org/maven2/io/netty/netty-codec-http/4.1.128.Final/netty-codec-http-4.1.128.Final.pom
2025-11-19 21:15:03,450 [Worker-37: Building] INFO  o.e.m.c.i.e.AbstractTransferListenerAdapter - Downloading https://repo.maven.apache.org/maven2/io/netty/netty-parent/4.1.128.Final/netty-parent-4.1.128.Final.pom
2025-11-19 21:15:03,510 [Worker-37: Building] INFO  o.e.m.c.i.e.AbstractTransferListenerAdapter - Downloaded https://repo.maven.apache.org/maven2/io/netty/netty-parent/4.1.128.Final/netty-parent-4.1.128.Final.pom
2025-11-19 21:15:03,608 [Worker-37: Building] INFO  o.e.m.c.i.e.AbstractTransferListenerAdapter - Downloading https://repo.maven.apache.org/maven2/io/netty/netty-common/4.1.128.Final/netty-common-4.1.128.Final.pom
2025-11-19 21:15:03,658 [Worker-37: Building] INFO  o.e.m.c.i.e.AbstractTransferListenerAdapter - Downloaded https://repo.maven.apache.org/maven2/io/netty/netty-common/4.1.128.Final/netty-common-4.1.128.Final.pom
2025-11-19 21:15:03,720 [Worker-37: Building] INFO  o.e.m.c.i.e.AbstractTransferListenerAdapter - Downloading https://repo.maven.apache.org/maven2/io/netty/netty-buffer/4.1.128.Final/netty-buffer-4.1.128.Final.pom
2025-11-19 21:15:03,753 [Worker-37: Building] INFO  o.e.m.c.i.e.AbstractTransferListenerAdapter - Downloaded https://repo.maven.apache.org/maven2/io/netty/netty-buffer/4.1.128.Final/netty-buffer-4.1.128.Final.pom
2025-11-19 21:15:03,800 [Worker-37: Building] INFO  o.e.m.c.i.e.AbstractTransferListenerAdapter - Downloading https://repo.maven.apache.org/maven2/io/netty/netty-transport/4.1.128.Final/netty-transport-4.1.128.Final.pom
2025-11-19 21:15:03,847 [Worker-37: Building] INFO  o.e.m.c.i.e.AbstractTransferListenerAdapter - Downloaded https://repo.maven.apache.org/maven2/io/netty/netty-transport/4.1.128.Final/netty-transport-4.1.128.Final.pom
2025-11-19 21:15:03,888 [Worker-37: Building] INFO  o.e.m.c.i.e.AbstractTransferListenerAdapter - Downloading https://repo.maven.apache.org/maven2/io/netty/netty-resolver/4.1.128.Final/netty-resolver-4.1.128.Final.pom
2025-11-19 21:15:03,929 [Worker-37: Building] INFO  o.e.m.c.i.e.AbstractTransferListenerAdapter - Downloaded https://repo.maven.apache.org/maven2/io/netty/netty-resolver/4.1.128.Final/netty-resolver-4.1.128.Final.pom
2025-11-19 21:15:03,967 [Worker-37: Building] INFO  o.e.m.c.i.e.AbstractTransferListenerAdapter - Downloading https://repo.maven.apache.org/maven2/io/netty/netty-codec/4.1.128.Final/netty-codec-4.1.128.Final.pom
2025-11-19 21:15:04,008 [Worker-37: Building] INFO  o.e.m.c.i.e.AbstractTransferListenerAdapter - Downloaded https://repo.maven.apache.org/maven2/io/netty/netty-codec/4.1.128.Final/netty-codec-4.1.128.Final.pom
2025-11-19 21:15:04,050 [Worker-37: Building] INFO  o.e.m.c.i.e.AbstractTransferListenerAdapter - Downloading https://repo.maven.apache.org/maven2/io/netty/netty-handler/4.1.128.Final/netty-handler-4.1.128.Final.pom
2025-11-19 21:15:04,096 [Worker-37: Building] INFO  o.e.m.c.i.e.AbstractTransferListenerAdapter - Downloaded https://repo.maven.apache.org/maven2/io/netty/netty-handler/4.1.128.Final/netty-handler-4.1.128.Final.pom
2025-11-19 21:15:04,140 [Worker-37: Building] INFO  o.e.m.c.i.e.AbstractTransferListenerAdapter - Downloading https://repo.maven.apache.org/maven2/io/netty/netty-transport-native-unix-common/4.1.128.Final/netty-transport-native-unix-common-4.1.128.Final.pom
2025-11-19 21:15:04,198 [Worker-37: Building] INFO  o.e.m.c.i.e.AbstractTransferListenerAdapter - Downloaded https://repo.maven.apache.org/maven2/io/netty/netty-transport-native-unix-common/4.1.128.Final/netty-transport-native-unix-common-4.1.128.Final.pom
2025-11-19 21:15:04,272 [Worker-37: Building] INFO  o.e.m.c.i.e.AbstractTransferListenerAdapter - Downloading https://repo.maven.apache.org/maven2/io/netty/netty-codec-http2/4.1.128.Final/netty-codec-http2-4.1.128.Final.pom
2025-11-19 21:15:04,314 [Worker-37: Building] INFO  o.e.m.c.i.e.AbstractTransferListenerAdapter - Downloaded https://repo.maven.apache.org/maven2/io/netty/netty-codec-http2/4.1.128.Final/netty-codec-http2-4.1.128.Final.pom
2025-11-19 21:15:04,369 [Worker-37: Building] INFO  o.e.m.c.i.e.AbstractTransferListenerAdapter - Downloading https://repo.maven.apache.org/maven2/io/netty/netty-resolver-dns/4.1.128.Final/netty-resolver-dns-4.1.128.Final.pom
2025-11-19 21:15:04,419 [Worker-37: Building] INFO  o.e.m.c.i.e.AbstractTransferListenerAdapter - Downloaded https://repo.maven.apache.org/maven2/io/netty/netty-resolver-dns/4.1.128.Final/netty-resolver-dns-4.1.128.Final.pom
2025-11-19 21:15:04,460 [Worker-37: Building] INFO  o.e.m.c.i.e.AbstractTransferListenerAdapter - Downloading https://repo.maven.apache.org/maven2/io/netty/netty-codec-dns/4.1.128.Final/netty-codec-dns-4.1.128.Final.pom
2025-11-19 21:15:04,511 [Worker-37: Building] INFO  o.e.m.c.i.e.AbstractTransferListenerAdapter - Downloaded https://repo.maven.apache.org/maven2/io/netty/netty-codec-dns/4.1.128.Final/netty-codec-dns-4.1.128.Final.pom
2025-11-19 21:15:04,560 [Worker-37: Building] INFO  o.e.m.c.i.e.AbstractTransferListenerAdapter - Downloading https://repo.maven.apache.org/maven2/io/netty/netty-resolver-dns-native-macos/4.1.128.Final/netty-resolver-dns-native-macos-4.1.128.Final.pom
2025-11-19 21:15:04,608 [Worker-37: Building] INFO  o.e.m.c.i.e.AbstractTransferListenerAdapter - Downloaded https://repo.maven.apache.org/maven2/io/netty/netty-resolver-dns-native-macos/4.1.128.Final/netty-resolver-dns-native-macos-4.1.128.Final.pom
2025-11-19 21:15:04,673 [Worker-37: Building] INFO  o.e.m.c.i.e.AbstractTransferListenerAdapter - Downloading https://repo.maven.apache.org/maven2/io/netty/netty-resolver-dns-classes-macos/4.1.128.Final/netty-resolver-dns-classes-macos-4.1.128.Final.pom
2025-11-19 21:15:04,797 [Worker-37: Building] INFO  o.e.m.c.i.e.AbstractTransferListenerAdapter - Downloaded https://repo.maven.apache.org/maven2/io/netty/netty-resolver-dns-classes-macos/4.1.128.Final/netty-resolver-dns-classes-macos-4.1.128.Final.pom
2025-11-19 21:15:04,844 [Worker-37: Building] INFO  o.e.m.c.i.e.AbstractTransferListenerAdapter - Downloading https://repo.maven.apache.org/maven2/io/netty/netty-transport-native-epoll/4.1.128.Final/netty-transport-native-epoll-4.1.128.Final.pom
2025-11-19 21:15:04,904 [Worker-37: Building] INFO  o.e.m.c.i.e.AbstractTransferListenerAdapter - Downloaded https://repo.maven.apache.org/maven2/io/netty/netty-transport-native-epoll/4.1.128.Final/netty-transport-native-epoll-4.1.128.Final.pom
2025-11-19 21:15:04,959 [Worker-37: Building] INFO  o.e.m.c.i.e.AbstractTransferListenerAdapter - Downloading https://repo.maven.apache.org/maven2/io/netty/netty-transport-classes-epoll/4.1.128.Final/netty-transport-classes-epoll-4.1.128.Final.pom
2025-11-19 21:15:05,003 [Worker-37: Building] INFO  o.e.m.c.i.e.AbstractTransferListenerAdapter - Downloaded https://repo.maven.apache.org/maven2/io/netty/netty-transport-classes-epoll/4.1.128.Final/netty-transport-classes-epoll-4.1.128.Final.pom
2025-11-19 21:15:05,055 [Worker-37: Building] INFO  o.e.m.c.i.e.AbstractTransferListenerAdapter - Downloading https://repo.maven.apache.org/maven2/io/projectreactor/netty/reactor-netty-core/1.2.11/reactor-netty-core-1.2.11.pom
2025-11-19 21:15:05,099 [Worker-37: Building] INFO  o.e.m.c.i.e.AbstractTransferListenerAdapter - Downloaded https://repo.maven.apache.org/maven2/io/projectreactor/netty/reactor-netty-core/1.2.11/reactor-netty-core-1.2.11.pom
2025-11-19 21:15:05,149 [Worker-37: Building] INFO  o.e.m.c.i.e.AbstractTransferListenerAdapter - Downloading https://repo.maven.apache.org/maven2/io/netty/netty-handler-proxy/4.1.128.Final/netty-handler-proxy-4.1.128.Final.pom
2025-11-19 21:15:05,191 [Worker-37: Building] INFO  o.e.m.c.i.e.AbstractTransferListenerAdapter - Downloaded https://repo.maven.apache.org/maven2/io/netty/netty-handler-proxy/4.1.128.Final/netty-handler-proxy-4.1.128.Final.pom
2025-11-19 21:15:05,240 [Worker-37: Building] INFO  o.e.m.c.i.e.AbstractTransferListenerAdapter - Downloading https://repo.maven.apache.org/maven2/io/netty/netty-codec-socks/4.1.128.Final/netty-codec-socks-4.1.128.Final.pom
2025-11-19 21:15:05,292 [Worker-37: Building] INFO  o.e.m.c.i.e.AbstractTransferListenerAdapter - Downloaded https://repo.maven.apache.org/maven2/io/netty/netty-codec-socks/4.1.128.Final/netty-codec-socks-4.1.128.Final.pom
2025-11-19 21:15:05,342 [Worker-37: Building] INFO  o.e.m.c.i.e.AbstractTransferListenerAdapter - Downloading https://repo.maven.apache.org/maven2/org/springframework/spring-webflux/6.2.12/spring-webflux-6.2.12.pom
2025-11-19 21:15:05,386 [Worker-37: Building] INFO  o.e.m.c.i.e.AbstractTransferListenerAdapter - Downloaded https://repo.maven.apache.org/maven2/org/springframework/spring-webflux/6.2.12/spring-webflux-6.2.12.pom
2025-11-19 21:15:06,012 [Worker-37: Building] INFO  o.e.m.c.i.e.AbstractTransferListenerAdapter - Downloading https://repo.maven.apache.org/maven2/org/springframework/cloud/spring-cloud-starter-gateway/4.3.0/spring-cloud-starter-gateway-4.3.0.jar
2025-11-19 21:15:06,149 [Worker-37: Building] INFO  o.e.m.c.i.e.AbstractTransferListenerAdapter - Downloaded https://repo.maven.apache.org/maven2/org/springframework/cloud/spring-cloud-starter-gateway/4.3.0/spring-cloud-starter-gateway-4.3.0.jar
2025-11-19 21:15:06,191 [BasicRepositoryConnector-repo.maven.apache.org-1-1] INFO  o.e.m.c.i.e.AbstractTransferListenerAdapter - Downloading https://repo.maven.apache.org/maven2/org/springframework/boot/spring-boot-starter-webflux/3.5.7/spring-boot-starter-webflux-3.5.7.jar
2025-11-19 21:15:06,229 [BasicRepositoryConnector-repo.maven.apache.org-1-0] INFO  o.e.m.c.i.e.AbstractTransferListenerAdapter - Downloading https://repo.maven.apache.org/maven2/org/springframework/cloud/spring-cloud-gateway-server/4.3.0/spring-cloud-gateway-server-4.3.0.jar
2025-11-19 21:15:06,233 [BasicRepositoryConnector-repo.maven.apache.org-1-3] INFO  o.e.m.c.i.e.AbstractTransferListenerAdapter - Downloading https://repo.maven.apache.org/maven2/io/projectreactor/netty/reactor-netty-http/1.2.11/reactor-netty-http-1.2.11.jar
2025-11-19 21:15:06,240 [BasicRepositoryConnector-repo.maven.apache.org-1-2] INFO  o.e.m.c.i.e.AbstractTransferListenerAdapter - Downloading https://repo.maven.apache.org/maven2/org/springframework/boot/spring-boot-starter-reactor-netty/3.5.7/spring-boot-starter-reactor-netty-3.5.7.jar
2025-11-19 21:15:06,290 [BasicRepositoryConnector-repo.maven.apache.org-1-4] INFO  o.e.m.c.i.e.AbstractTransferListenerAdapter - Downloading https://repo.maven.apache.org/maven2/io/netty/netty-codec-http/4.1.128.Final/netty-codec-http-4.1.128.Final.jar
2025-11-19 21:15:06,293 [BasicRepositoryConnector-repo.maven.apache.org-1-1] INFO  o.e.m.c.i.e.AbstractTransferListenerAdapter - Downloaded https://repo.maven.apache.org/maven2/org/springframework/boot/spring-boot-starter-webflux/3.5.7/spring-boot-starter-webflux-3.5.7.jar
2025-11-19 21:15:06,323 [BasicRepositoryConnector-repo.maven.apache.org-1-2] INFO  o.e.m.c.i.e.AbstractTransferListenerAdapter - Downloaded https://repo.maven.apache.org/maven2/org/springframework/boot/spring-boot-starter-reactor-netty/3.5.7/spring-boot-starter-reactor-netty-3.5.7.jar
2025-11-19 21:15:06,336 [BasicRepositoryConnector-repo.maven.apache.org-1-1] INFO  o.e.m.c.i.e.AbstractTransferListenerAdapter - Downloading https://repo.maven.apache.org/maven2/io/netty/netty-common/4.1.128.Final/netty-common-4.1.128.Final.jar
2025-11-19 21:15:06,367 [BasicRepositoryConnector-repo.maven.apache.org-1-2] INFO  o.e.m.c.i.e.AbstractTransferListenerAdapter - Downloading https://repo.maven.apache.org/maven2/io/netty/netty-buffer/4.1.128.Final/netty-buffer-4.1.128.Final.jar
2025-11-19 21:15:06,480 [BasicRepositoryConnector-repo.maven.apache.org-1-0] INFO  o.e.m.c.i.e.AbstractTransferListenerAdapter - Downloaded https://repo.maven.apache.org/maven2/org/springframework/cloud/spring-cloud-gateway-server/4.3.0/spring-cloud-gateway-server-4.3.0.jar
2025-11-19 21:15:06,490 [BasicRepositoryConnector-repo.maven.apache.org-1-3] INFO  o.e.m.c.i.e.AbstractTransferListenerAdapter - Downloaded https://repo.maven.apache.org/maven2/io/projectreactor/netty/reactor-netty-http/1.2.11/reactor-netty-http-1.2.11.jar
2025-11-19 21:15:06,512 [BasicRepositoryConnector-repo.maven.apache.org-1-0] INFO  o.e.m.c.i.e.AbstractTransferListenerAdapter - Downloading https://repo.maven.apache.org/maven2/io/netty/netty-transport/4.1.128.Final/netty-transport-4.1.128.Final.jar
2025-11-19 21:15:06,532 [BasicRepositoryConnector-repo.maven.apache.org-1-2] INFO  o.e.m.c.i.e.AbstractTransferListenerAdapter - Downloaded https://repo.maven.apache.org/maven2/io/netty/netty-buffer/4.1.128.Final/netty-buffer-4.1.128.Final.jar
2025-11-19 21:15:06,574 [BasicRepositoryConnector-repo.maven.apache.org-1-3] INFO  o.e.m.c.i.e.AbstractTransferListenerAdapter - Downloading https://repo.maven.apache.org/maven2/io/netty/netty-codec/4.1.128.Final/netty-codec-4.1.128.Final.jar
2025-11-19 21:15:06,589 [BasicRepositoryConnector-repo.maven.apache.org-1-4] INFO  o.e.m.c.i.e.AbstractTransferListenerAdapter - Downloaded https://repo.maven.apache.org/maven2/io/netty/netty-codec-http/4.1.128.Final/netty-codec-http-4.1.128.Final.jar
2025-11-19 21:15:06,603 [BasicRepositoryConnector-repo.maven.apache.org-1-2] INFO  o.e.m.c.i.e.AbstractTransferListenerAdapter - Downloading https://repo.maven.apache.org/maven2/io/netty/netty-handler/4.1.128.Final/netty-handler-4.1.128.Final.jar
2025-11-19 21:15:06,639 [BasicRepositoryConnector-repo.maven.apache.org-1-4] INFO  o.e.m.c.i.e.AbstractTransferListenerAdapter - Downloading https://repo.maven.apache.org/maven2/io/netty/netty-codec-http2/4.1.128.Final/netty-codec-http2-4.1.128.Final.jar
2025-11-19 21:15:06,675 [BasicRepositoryConnector-repo.maven.apache.org-1-0] INFO  o.e.m.c.i.e.AbstractTransferListenerAdapter - Downloaded https://repo.maven.apache.org/maven2/io/netty/netty-transport/4.1.128.Final/netty-transport-4.1.128.Final.jar
2025-11-19 21:15:06,680 [BasicRepositoryConnector-repo.maven.apache.org-1-3] INFO  o.e.m.c.i.e.AbstractTransferListenerAdapter - Downloaded https://repo.maven.apache.org/maven2/io/netty/netty-codec/4.1.128.Final/netty-codec-4.1.128.Final.jar
2025-11-19 21:15:06,710 [BasicRepositoryConnector-repo.maven.apache.org-1-3] INFO  o.e.m.c.i.e.AbstractTransferListenerAdapter - Downloading https://repo.maven.apache.org/maven2/io/netty/netty-resolver/4.1.128.Final/netty-resolver-4.1.128.Final.jar
2025-11-19 21:15:06,715 [BasicRepositoryConnector-repo.maven.apache.org-1-0] INFO  o.e.m.c.i.e.AbstractTransferListenerAdapter - Downloading https://repo.maven.apache.org/maven2/io/netty/netty-resolver-dns/4.1.128.Final/netty-resolver-dns-4.1.128.Final.jar
2025-11-19 21:15:06,745 [BasicRepositoryConnector-repo.maven.apache.org-1-2] INFO  o.e.m.c.i.e.AbstractTransferListenerAdapter - Downloaded https://repo.maven.apache.org/maven2/io/netty/netty-handler/4.1.128.Final/netty-handler-4.1.128.Final.jar
2025-11-19 21:15:06,770 [BasicRepositoryConnector-repo.maven.apache.org-1-2] INFO  o.e.m.c.i.e.AbstractTransferListenerAdapter - Downloading https://repo.maven.apache.org/maven2/io/netty/netty-codec-dns/4.1.128.Final/netty-codec-dns-4.1.128.Final.jar
2025-11-19 21:15:06,784 [BasicRepositoryConnector-repo.maven.apache.org-1-4] INFO  o.e.m.c.i.e.AbstractTransferListenerAdapter - Downloaded https://repo.maven.apache.org/maven2/io/netty/netty-codec-http2/4.1.128.Final/netty-codec-http2-4.1.128.Final.jar
2025-11-19 21:15:06,799 [BasicRepositoryConnector-repo.maven.apache.org-1-0] INFO  o.e.m.c.i.e.AbstractTransferListenerAdapter - Downloaded https://repo.maven.apache.org/maven2/io/netty/netty-resolver-dns/4.1.128.Final/netty-resolver-dns-4.1.128.Final.jar
2025-11-19 21:15:06,816 [BasicRepositoryConnector-repo.maven.apache.org-1-4] INFO  o.e.m.c.i.e.AbstractTransferListenerAdapter - Downloading https://repo.maven.apache.org/maven2/io/netty/netty-resolver-dns-native-macos/4.1.128.Final/netty-resolver-dns-native-macos-4.1.128.Final-osx-x86_64.jar
2025-11-19 21:15:06,879 [BasicRepositoryConnector-repo.maven.apache.org-1-0] INFO  o.e.m.c.i.e.AbstractTransferListenerAdapter - Downloading https://repo.maven.apache.org/maven2/io/netty/netty-resolver-dns-classes-macos/4.1.128.Final/netty-resolver-dns-classes-macos-4.1.128.Final.jar
2025-11-19 21:15:06,891 [BasicRepositoryConnector-repo.maven.apache.org-1-2] INFO  o.e.m.c.i.e.AbstractTransferListenerAdapter - Downloaded https://repo.maven.apache.org/maven2/io/netty/netty-codec-dns/4.1.128.Final/netty-codec-dns-4.1.128.Final.jar
2025-11-19 21:15:06,927 [BasicRepositoryConnector-repo.maven.apache.org-1-2] INFO  o.e.m.c.i.e.AbstractTransferListenerAdapter - Downloading https://repo.maven.apache.org/maven2/io/netty/netty-transport-native-epoll/4.1.128.Final/netty-transport-native-epoll-4.1.128.Final-linux-x86_64.jar
2025-11-19 21:15:06,939 [BasicRepositoryConnector-repo.maven.apache.org-1-1] INFO  o.e.m.c.i.e.AbstractTransferListenerAdapter - Downloaded https://repo.maven.apache.org/maven2/io/netty/netty-common/4.1.128.Final/netty-common-4.1.128.Final.jar
2025-11-19 21:15:06,990 [BasicRepositoryConnector-repo.maven.apache.org-1-1] INFO  o.e.m.c.i.e.AbstractTransferListenerAdapter - Downloading https://repo.maven.apache.org/maven2/io/netty/netty-transport-native-unix-common/4.1.128.Final/netty-transport-native-unix-common-4.1.128.Final.jar
2025-11-19 21:15:07,010 [BasicRepositoryConnector-repo.maven.apache.org-1-4] INFO  o.e.m.c.i.e.AbstractTransferListenerAdapter - Downloaded https://repo.maven.apache.org/maven2/io/netty/netty-resolver-dns-native-macos/4.1.128.Final/netty-resolver-dns-native-macos-4.1.128.Final-osx-x86_64.jar
2025-11-19 21:15:07,075 [BasicRepositoryConnector-repo.maven.apache.org-1-4] INFO  o.e.m.c.i.e.AbstractTransferListenerAdapter - Downloading https://repo.maven.apache.org/maven2/io/netty/netty-transport-classes-epoll/4.1.128.Final/netty-transport-classes-epoll-4.1.128.Final.jar
2025-11-19 21:15:07,123 [BasicRepositoryConnector-repo.maven.apache.org-1-0] INFO  o.e.m.c.i.e.AbstractTransferListenerAdapter - Downloaded https://repo.maven.apache.org/maven2/io/netty/netty-resolver-dns-classes-macos/4.1.128.Final/netty-resolver-dns-classes-macos-4.1.128.Final.jar
2025-11-19 21:15:07,129 [BasicRepositoryConnector-repo.maven.apache.org-1-2] INFO  o.e.m.c.i.e.AbstractTransferListenerAdapter - Downloaded https://repo.maven.apache.org/maven2/io/netty/netty-transport-native-epoll/4.1.128.Final/netty-transport-native-epoll-4.1.128.Final-linux-x86_64.jar
2025-11-19 21:15:07,150 [BasicRepositoryConnector-repo.maven.apache.org-1-4] INFO  o.e.m.c.i.e.AbstractTransferListenerAdapter - Downloaded https://repo.maven.apache.org/maven2/io/netty/netty-transport-classes-epoll/4.1.128.Final/netty-transport-classes-epoll-4.1.128.Final.jar
2025-11-19 21:15:07,164 [BasicRepositoryConnector-repo.maven.apache.org-1-0] INFO  o.e.m.c.i.e.AbstractTransferListenerAdapter - Downloading https://repo.maven.apache.org/maven2/io/projectreactor/netty/reactor-netty-core/1.2.11/reactor-netty-core-1.2.11.jar
2025-11-19 21:15:07,165 [BasicRepositoryConnector-repo.maven.apache.org-1-2] INFO  o.e.m.c.i.e.AbstractTransferListenerAdapter - Downloading https://repo.maven.apache.org/maven2/io/netty/netty-handler-proxy/4.1.128.Final/netty-handler-proxy-4.1.128.Final.jar
2025-11-19 21:15:07,188 [BasicRepositoryConnector-repo.maven.apache.org-1-4] INFO  o.e.m.c.i.e.AbstractTransferListenerAdapter - Downloading https://repo.maven.apache.org/maven2/io/netty/netty-codec-socks/4.1.128.Final/netty-codec-socks-4.1.128.Final.jar
2025-11-19 21:15:07,286 [BasicRepositoryConnector-repo.maven.apache.org-1-4] INFO  o.e.m.c.i.e.AbstractTransferListenerAdapter - Downloaded https://repo.maven.apache.org/maven2/io/netty/netty-codec-socks/4.1.128.Final/netty-codec-socks-4.1.128.Final.jar
2025-11-19 21:15:07,297 [BasicRepositoryConnector-repo.maven.apache.org-1-0] INFO  o.e.m.c.i.e.AbstractTransferListenerAdapter - Downloaded https://repo.maven.apache.org/maven2/io/projectreactor/netty/reactor-netty-core/1.2.11/reactor-netty-core-1.2.11.jar
2025-11-19 21:15:07,320 [BasicRepositoryConnector-repo.maven.apache.org-1-4] INFO  o.e.m.c.i.e.AbstractTransferListenerAdapter - Downloading https://repo.maven.apache.org/maven2/org/springframework/spring-webflux/6.2.12/spring-webflux-6.2.12.jar
2025-11-19 21:15:07,476 [BasicRepositoryConnector-repo.maven.apache.org-1-4] INFO  o.e.m.c.i.e.AbstractTransferListenerAdapter - Downloaded https://repo.maven.apache.org/maven2/org/springframework/spring-webflux/6.2.12/spring-webflux-6.2.12.jar
2025-11-19 21:15:07,612 [BasicRepositoryConnector-repo.maven.apache.org-1-3] INFO  o.e.m.c.i.e.AbstractTransferListenerAdapter - Downloaded https://repo.maven.apache.org/maven2/io/netty/netty-resolver/4.1.128.Final/netty-resolver-4.1.128.Final.jar
2025-11-19 21:15:07,822 [BasicRepositoryConnector-repo.maven.apache.org-1-2] INFO  o.e.m.c.i.e.AbstractTransferListenerAdapter - Downloaded https://repo.maven.apache.org/maven2/io/netty/netty-handler-proxy/4.1.128.Final/netty-handler-proxy-4.1.128.Final.jar
2025-11-19 21:15:07,960 [BasicRepositoryConnector-repo.maven.apache.org-1-1] INFO  o.e.m.c.i.e.AbstractTransferListenerAdapter - Downloaded https://repo.maven.apache.org/maven2/io/netty/netty-transport-native-unix-common/4.1.128.Final/netty-transport-native-unix-common-4.1.128.Final.jar
2025-11-19 21:15:09,510 [Worker-37: Building] INFO  o.a.m.s.f.DefaultMavenResourcesFiltering - Copying 0 resource from src\main\resources to target\classes
2025-11-19 21:15:09,511 [Worker-37: Building] INFO  o.a.m.s.f.DefaultMavenResourcesFiltering - Copying 0 resource from src\main\resources to target\classes
2025-11-19 21:15:09,518 [Worker-37: Building] INFO  o.a.m.s.f.DefaultMavenResourcesFiltering - skip non existing resourceDirectory C:\Users\irene\eclipse-workspace\E-Comm_Appln\api-gateway\src\test\resources
2025-11-19 21:15:09,704 [Worker-44: Download sources and javadoc] INFO  o.e.m.c.i.e.AbstractTransferListenerAdapter - Downloading https://repo.maven.apache.org/maven2/org/springframework/cloud/spring-cloud-starter-gateway/4.3.0/spring-cloud-starter-gateway-4.3.0-sources.jar
2025-11-19 21:15:09,851 [Worker-44: Download sources and javadoc] INFO  o.e.m.c.i.e.AbstractTransferListenerAdapter - Downloaded https://repo.maven.apache.org/maven2/org/springframework/cloud/spring-cloud-starter-gateway/4.3.0/spring-cloud-starter-gateway-4.3.0-sources.jar
2025-11-19 21:15:09,859 [Worker-44: Download sources and javadoc] INFO  o.e.m.j.internal.DownloadSourcesJob - Downloaded sources for org.springframework.cloud:spring-cloud-starter-gateway:4.3.0
2025-11-19 21:15:09,925 [Worker-44: Download sources and javadoc] INFO  o.e.m.c.i.e.AbstractTransferListenerAdapter - Downloading https://repo.maven.apache.org/maven2/org/springframework/cloud/spring-cloud-gateway-server/4.3.0/spring-cloud-gateway-server-4.3.0-sources.jar
2025-11-19 21:15:10,035 [Worker-44: Download sources and javadoc] INFO  o.e.m.c.i.e.AbstractTransferListenerAdapter - Downloaded https://repo.maven.apache.org/maven2/org/springframework/cloud/spring-cloud-gateway-server/4.3.0/spring-cloud-gateway-server-4.3.0-sources.jar
2025-11-19 21:15:10,044 [Worker-44: Download sources and javadoc] INFO  o.e.m.j.internal.DownloadSourcesJob - Downloaded sources for org.springframework.cloud:spring-cloud-gateway-server:4.3.0
2025-11-19 21:15:10,125 [Worker-44: Download sources and javadoc] INFO  o.e.m.c.i.e.AbstractTransferListenerAdapter - Downloading https://repo.maven.apache.org/maven2/org/springframework/boot/spring-boot-starter-webflux/3.5.7/spring-boot-starter-webflux-3.5.7-sources.jar
2025-11-19 21:15:10,138 [Worker-44: Download sources and javadoc] INFO  o.e.m.c.i.e.AbstractTransferListenerAdapter - Downloaded https://repo.maven.apache.org/maven2/org/springframework/boot/spring-boot-starter-webflux/3.5.7/spring-boot-starter-webflux-3.5.7-sources.jar
2025-11-19 21:15:10,148 [Worker-44: Download sources and javadoc] INFO  o.e.m.j.internal.DownloadSourcesJob - Downloaded sources for org.springframework.boot:spring-boot-starter-webflux:3.5.7
2025-11-19 21:15:10,232 [Worker-44: Download sources and javadoc] INFO  o.e.m.c.i.e.AbstractTransferListenerAdapter - Downloading https://repo.maven.apache.org/maven2/org/springframework/boot/spring-boot-starter-reactor-netty/3.5.7/spring-boot-starter-reactor-netty-3.5.7-sources.jar
2025-11-19 21:15:10,334 [Worker-44: Download sources and javadoc] INFO  o.e.m.c.i.e.AbstractTransferListenerAdapter - Downloaded https://repo.maven.apache.org/maven2/org/springframework/boot/spring-boot-starter-reactor-netty/3.5.7/spring-boot-starter-reactor-netty-3.5.7-sources.jar
2025-11-19 21:15:10,343 [Worker-44: Download sources and javadoc] INFO  o.e.m.j.internal.DownloadSourcesJob - Downloaded sources for org.springframework.boot:spring-boot-starter-reactor-netty:3.5.7
2025-11-19 21:15:10,422 [Worker-44: Download sources and javadoc] INFO  o.e.m.c.i.e.AbstractTransferListenerAdapter - Downloading https://repo.maven.apache.org/maven2/io/projectreactor/netty/reactor-netty-http/1.2.11/reactor-netty-http-1.2.11-sources.jar
2025-11-19 21:15:10,557 [Worker-44: Download sources and javadoc] INFO  o.e.m.c.i.e.AbstractTransferListenerAdapter - Downloaded https://repo.maven.apache.org/maven2/io/projectreactor/netty/reactor-netty-http/1.2.11/reactor-netty-http-1.2.11-sources.jar
2025-11-19 21:15:10,566 [Worker-44: Download sources and javadoc] INFO  o.e.m.j.internal.DownloadSourcesJob - Downloaded sources for io.projectreactor.netty:reactor-netty-http:1.2.11
2025-11-19 21:15:10,643 [Worker-44: Download sources and javadoc] INFO  o.e.m.c.i.e.AbstractTransferListenerAdapter - Downloading https://repo.maven.apache.org/maven2/io/netty/netty-codec-http/4.1.128.Final/netty-codec-http-4.1.128.Final-sources.jar
2025-11-19 21:15:10,848 [Worker-44: Download sources and javadoc] INFO  o.e.m.c.i.e.AbstractTransferListenerAdapter - Downloaded https://repo.maven.apache.org/maven2/io/netty/netty-codec-http/4.1.128.Final/netty-codec-http-4.1.128.Final-sources.jar
2025-11-19 21:15:10,856 [Worker-44: Download sources and javadoc] INFO  o.e.m.j.internal.DownloadSourcesJob - Downloaded sources for io.netty:netty-codec-http:4.1.128.Final
2025-11-19 21:15:10,934 [Worker-44: Download sources and javadoc] INFO  o.e.m.c.i.e.AbstractTransferListenerAdapter - Downloading https://repo.maven.apache.org/maven2/io/netty/netty-common/4.1.128.Final/netty-common-4.1.128.Final-sources.jar
2025-11-19 21:15:10,975 [Worker-37: Building] INFO  o.a.m.s.f.DefaultMavenResourcesFiltering - Copying 1 resource from src\main\resources to target\classes
2025-11-19 21:15:11,008 [Worker-37: Building] INFO  o.a.m.s.f.DefaultMavenResourcesFiltering - Copying 0 resource from src\main\resources to target\classes
2025-11-19 21:15:11,014 [Worker-37: Building] INFO  o.a.m.s.f.DefaultMavenResourcesFiltering - skip non existing resourceDirectory C:\Users\irene\eclipse-workspace\E-Comm_Appln\api-gateway\src\test\resources
2025-11-19 21:15:11,088 [Worker-44: Download sources and javadoc] INFO  o.e.m.c.i.e.AbstractTransferListenerAdapter - Downloaded https://repo.maven.apache.org/maven2/io/netty/netty-common/4.1.128.Final/netty-common-4.1.128.Final-sources.jar
2025-11-19 21:15:11,098 [Worker-44: Download sources and javadoc] INFO  o.e.m.j.internal.DownloadSourcesJob - Downloaded sources for io.netty:netty-common:4.1.128.Final
2025-11-19 21:15:11,178 [Worker-44: Download sources and javadoc] INFO  o.e.m.c.i.e.AbstractTransferListenerAdapter - Downloading https://repo.maven.apache.org/maven2/io/netty/netty-buffer/4.1.128.Final/netty-buffer-4.1.128.Final-sources.jar
2025-11-19 21:15:11,265 [Worker-44: Download sources and javadoc] INFO  o.e.m.c.i.e.AbstractTransferListenerAdapter - Downloaded https://repo.maven.apache.org/maven2/io/netty/netty-buffer/4.1.128.Final/netty-buffer-4.1.128.Final-sources.jar
2025-11-19 21:15:11,274 [Worker-44: Download sources and javadoc] INFO  o.e.m.j.internal.DownloadSourcesJob - Downloaded sources for io.netty:netty-buffer:4.1.128.Final
2025-11-19 21:15:11,357 [Worker-44: Download sources and javadoc] INFO  o.e.m.c.i.e.AbstractTransferListenerAdapter - Downloading https://repo.maven.apache.org/maven2/io/netty/netty-transport/4.1.128.Final/netty-transport-4.1.128.Final-sources.jar
2025-11-19 21:15:11,462 [Worker-44: Download sources and javadoc] INFO  o.e.m.c.i.e.AbstractTransferListenerAdapter - Downloaded https://repo.maven.apache.org/maven2/io/netty/netty-transport/4.1.128.Final/netty-transport-4.1.128.Final-sources.jar
2025-11-19 21:15:11,472 [Worker-44: Download sources and javadoc] INFO  o.e.m.j.internal.DownloadSourcesJob - Downloaded sources for io.netty:netty-transport:4.1.128.Final
2025-11-19 21:15:11,574 [Worker-44: Download sources and javadoc] INFO  o.e.m.c.i.e.AbstractTransferListenerAdapter - Downloading https://repo.maven.apache.org/maven2/io/netty/netty-codec/4.1.128.Final/netty-codec-4.1.128.Final-sources.jar
2025-11-19 21:15:11,688 [Worker-44: Download sources and javadoc] INFO  o.e.m.c.i.e.AbstractTransferListenerAdapter - Downloaded https://repo.maven.apache.org/maven2/io/netty/netty-codec/4.1.128.Final/netty-codec-4.1.128.Final-sources.jar
2025-11-19 21:15:11,696 [Worker-44: Download sources and javadoc] INFO  o.e.m.j.internal.DownloadSourcesJob - Downloaded sources for io.netty:netty-codec:4.1.128.Final
2025-11-19 21:15:11,781 [Worker-44: Download sources and javadoc] INFO  o.e.m.c.i.e.AbstractTransferListenerAdapter - Downloading https://repo.maven.apache.org/maven2/io/netty/netty-handler/4.1.128.Final/netty-handler-4.1.128.Final-sources.jar
2025-11-19 21:15:11,894 [Worker-44: Download sources and javadoc] INFO  o.e.m.c.i.e.AbstractTransferListenerAdapter - Downloaded https://repo.maven.apache.org/maven2/io/netty/netty-handler/4.1.128.Final/netty-handler-4.1.128.Final-sources.jar
2025-11-19 21:15:11,903 [Worker-44: Download sources and javadoc] INFO  o.e.m.j.internal.DownloadSourcesJob - Downloaded sources for io.netty:netty-handler:4.1.128.Final
2025-11-19 21:15:11,973 [Worker-44: Download sources and javadoc] INFO  o.e.m.c.i.e.AbstractTransferListenerAdapter - Downloading https://repo.maven.apache.org/maven2/io/netty/netty-codec-http2/4.1.128.Final/netty-codec-http2-4.1.128.Final-sources.jar
2025-11-19 21:15:12,078 [Worker-44: Download sources and javadoc] INFO  o.e.m.c.i.e.AbstractTransferListenerAdapter - Downloaded https://repo.maven.apache.org/maven2/io/netty/netty-codec-http2/4.1.128.Final/netty-codec-http2-4.1.128.Final-sources.jar
2025-11-19 21:15:12,087 [Worker-44: Download sources and javadoc] INFO  o.e.m.j.internal.DownloadSourcesJob - Downloaded sources for io.netty:netty-codec-http2:4.1.128.Final
2025-11-19 21:15:12,155 [Worker-44: Download sources and javadoc] INFO  o.e.m.c.i.e.AbstractTransferListenerAdapter - Downloading https://repo.maven.apache.org/maven2/io/netty/netty-resolver-dns/4.1.128.Final/netty-resolver-dns-4.1.128.Final-sources.jar
2025-11-19 21:15:12,235 [Worker-44: Download sources and javadoc] INFO  o.e.m.c.i.e.AbstractTransferListenerAdapter - Downloaded https://repo.maven.apache.org/maven2/io/netty/netty-resolver-dns/4.1.128.Final/netty-resolver-dns-4.1.128.Final-sources.jar
2025-11-19 21:15:12,243 [Worker-44: Download sources and javadoc] INFO  o.e.m.j.internal.DownloadSourcesJob - Downloaded sources for io.netty:netty-resolver-dns:4.1.128.Final
2025-11-19 21:15:12,339 [Worker-44: Download sources and javadoc] INFO  o.e.m.c.i.e.AbstractTransferListenerAdapter - Downloading https://repo.maven.apache.org/maven2/io/netty/netty-resolver/4.1.128.Final/netty-resolver-4.1.128.Final-sources.jar
2025-11-19 21:15:13,417 [Worker-44: Download sources and javadoc] INFO  o.e.m.c.i.e.AbstractTransferListenerAdapter - Downloaded https://repo.maven.apache.org/maven2/io/netty/netty-resolver/4.1.128.Final/netty-resolver-4.1.128.Final-sources.jar
2025-11-19 21:15:13,425 [Worker-44: Download sources and javadoc] INFO  o.e.m.j.internal.DownloadSourcesJob - Downloaded sources for io.netty:netty-resolver:4.1.128.Final
2025-11-19 21:15:13,502 [Worker-44: Download sources and javadoc] INFO  o.e.m.c.i.e.AbstractTransferListenerAdapter - Downloading https://repo.maven.apache.org/maven2/io/netty/netty-codec-dns/4.1.128.Final/netty-codec-dns-4.1.128.Final-sources.jar
2025-11-19 21:15:13,568 [Worker-44: Download sources and javadoc] INFO  o.e.m.c.i.e.AbstractTransferListenerAdapter - Downloaded https://repo.maven.apache.org/maven2/io/netty/netty-codec-dns/4.1.128.Final/netty-codec-dns-4.1.128.Final-sources.jar
2025-11-19 21:15:13,575 [Worker-44: Download sources and javadoc] INFO  o.e.m.j.internal.DownloadSourcesJob - Downloaded sources for io.netty:netty-codec-dns:4.1.128.Final
2025-11-19 21:15:13,653 [Worker-44: Download sources and javadoc] INFO  o.e.m.c.i.e.AbstractTransferListenerAdapter - Downloading https://repo.maven.apache.org/maven2/io/netty/netty-resolver-dns-native-macos/4.1.128.Final/netty-resolver-dns-native-macos-4.1.128.Final-sources.jar
2025-11-19 21:15:13,887 [Worker-44: Download sources and javadoc] INFO  o.e.m.c.i.e.AbstractTransferListenerAdapter - Downloaded https://repo.maven.apache.org/maven2/io/netty/netty-resolver-dns-native-macos/4.1.128.Final/netty-resolver-dns-native-macos-4.1.128.Final-sources.jar
2025-11-19 21:15:13,895 [Worker-44: Download sources and javadoc] INFO  o.e.m.j.internal.DownloadSourcesJob - Downloaded sources for io.netty:netty-resolver-dns-native-macos:4.1.128.Finalosx-x86_64
2025-11-19 21:15:14,060 [Worker-44: Download sources and javadoc] INFO  o.e.m.c.i.e.AbstractTransferListenerAdapter - Downloading https://repo.maven.apache.org/maven2/io/netty/netty-resolver-dns-classes-macos/4.1.128.Final/netty-resolver-dns-classes-macos-4.1.128.Final-sources.jar
2025-11-19 21:15:14,225 [Worker-44: Download sources and javadoc] INFO  o.e.m.c.i.e.AbstractTransferListenerAdapter - Downloaded https://repo.maven.apache.org/maven2/io/netty/netty-resolver-dns-classes-macos/4.1.128.Final/netty-resolver-dns-classes-macos-4.1.128.Final-sources.jar
2025-11-19 21:15:14,232 [Worker-44: Download sources and javadoc] INFO  o.e.m.j.internal.DownloadSourcesJob - Downloaded sources for io.netty:netty-resolver-dns-classes-macos:4.1.128.Final
2025-11-19 21:15:14,308 [Worker-44: Download sources and javadoc] INFO  o.e.m.c.i.e.AbstractTransferListenerAdapter - Downloading https://repo.maven.apache.org/maven2/io/netty/netty-transport-native-epoll/4.1.128.Final/netty-transport-native-epoll-4.1.128.Final-sources.jar
2025-11-19 21:15:14,630 [Worker-44: Download sources and javadoc] INFO  o.e.m.c.i.e.AbstractTransferListenerAdapter - Downloaded https://repo.maven.apache.org/maven2/io/netty/netty-transport-native-epoll/4.1.128.Final/netty-transport-native-epoll-4.1.128.Final-sources.jar
2025-11-19 21:15:14,639 [Worker-44: Download sources and javadoc] INFO  o.e.m.j.internal.DownloadSourcesJob - Downloaded sources for io.netty:netty-transport-native-epoll:4.1.128.Finallinux-x86_64
2025-11-19 21:15:14,739 [Worker-44: Download sources and javadoc] INFO  o.e.m.c.i.e.AbstractTransferListenerAdapter - Downloading https://repo.maven.apache.org/maven2/io/netty/netty-transport-native-unix-common/4.1.128.Final/netty-transport-native-unix-common-4.1.128.Final-sources.jar
2025-11-19 21:15:14,806 [Worker-44: Download sources and javadoc] INFO  o.e.m.c.i.e.AbstractTransferListenerAdapter - Downloaded https://repo.maven.apache.org/maven2/io/netty/netty-transport-native-unix-common/4.1.128.Final/netty-transport-native-unix-common-4.1.128.Final-sources.jar
2025-11-19 21:15:14,815 [Worker-44: Download sources and javadoc] INFO  o.e.m.j.internal.DownloadSourcesJob - Downloaded sources for io.netty:netty-transport-native-unix-common:4.1.128.Final
2025-11-19 21:15:14,878 [Worker-44: Download sources and javadoc] INFO  o.e.m.c.i.e.AbstractTransferListenerAdapter - Downloading https://repo.maven.apache.org/maven2/io/netty/netty-transport-classes-epoll/4.1.128.Final/netty-transport-classes-epoll-4.1.128.Final-sources.jar
2025-11-19 21:15:14,948 [Worker-44: Download sources and javadoc] INFO  o.e.m.c.i.e.AbstractTransferListenerAdapter - Downloaded https://repo.maven.apache.org/maven2/io/netty/netty-transport-classes-epoll/4.1.128.Final/netty-transport-classes-epoll-4.1.128.Final-sources.jar
2025-11-19 21:15:14,957 [Worker-44: Download sources and javadoc] INFO  o.e.m.j.internal.DownloadSourcesJob - Downloaded sources for io.netty:netty-transport-classes-epoll:4.1.128.Final
2025-11-19 21:15:15,039 [Worker-44: Download sources and javadoc] INFO  o.e.m.c.i.e.AbstractTransferListenerAdapter - Downloading https://repo.maven.apache.org/maven2/io/projectreactor/netty/reactor-netty-core/1.2.11/reactor-netty-core-1.2.11-sources.jar
2025-11-19 21:15:15,261 [Worker-44: Download sources and javadoc] INFO  o.e.m.c.i.e.AbstractTransferListenerAdapter - Downloaded https://repo.maven.apache.org/maven2/io/projectreactor/netty/reactor-netty-core/1.2.11/reactor-netty-core-1.2.11-sources.jar
2025-11-19 21:15:15,269 [Worker-44: Download sources and javadoc] INFO  o.e.m.j.internal.DownloadSourcesJob - Downloaded sources for io.projectreactor.netty:reactor-netty-core:1.2.11
2025-11-19 21:15:15,361 [Worker-44: Download sources and javadoc] INFO  o.e.m.c.i.e.AbstractTransferListenerAdapter - Downloading https://repo.maven.apache.org/maven2/io/netty/netty-handler-proxy/4.1.128.Final/netty-handler-proxy-4.1.128.Final-sources.jar
2025-11-19 21:15:15,870 [Worker-44: Download sources and javadoc] INFO  o.e.m.c.i.e.AbstractTransferListenerAdapter - Downloaded https://repo.maven.apache.org/maven2/io/netty/netty-handler-proxy/4.1.128.Final/netty-handler-proxy-4.1.128.Final-sources.jar
2025-11-19 21:15:15,878 [Worker-44: Download sources and javadoc] INFO  o.e.m.j.internal.DownloadSourcesJob - Downloaded sources for io.netty:netty-handler-proxy:4.1.128.Final
2025-11-19 21:15:15,946 [Worker-44: Download sources and javadoc] INFO  o.e.m.c.i.e.AbstractTransferListenerAdapter - Downloading https://repo.maven.apache.org/maven2/io/netty/netty-codec-socks/4.1.128.Final/netty-codec-socks-4.1.128.Final-sources.jar
2025-11-19 21:15:16,009 [Worker-44: Download sources and javadoc] INFO  o.e.m.c.i.e.AbstractTransferListenerAdapter - Downloaded https://repo.maven.apache.org/maven2/io/netty/netty-codec-socks/4.1.128.Final/netty-codec-socks-4.1.128.Final-sources.jar
2025-11-19 21:15:16,022 [Worker-44: Download sources and javadoc] INFO  o.e.m.j.internal.DownloadSourcesJob - Downloaded sources for io.netty:netty-codec-socks:4.1.128.Final
2025-11-19 21:15:16,081 [Worker-44: Download sources and javadoc] INFO  o.e.m.c.i.e.AbstractTransferListenerAdapter - Downloading https://repo.maven.apache.org/maven2/org/springframework/spring-webflux/6.2.12/spring-webflux-6.2.12-sources.jar
2025-11-19 21:15:16,196 [Worker-44: Download sources and javadoc] INFO  o.e.m.c.i.e.AbstractTransferListenerAdapter - Downloaded https://repo.maven.apache.org/maven2/org/springframework/spring-webflux/6.2.12/spring-webflux-6.2.12-sources.jar
2025-11-19 21:15:16,203 [Worker-44: Download sources and javadoc] INFO  o.e.m.j.internal.DownloadSourcesJob - Downloaded sources for org.springframework:spring-webflux:6.2.12
2025-11-19 21:16:56,770 [Worker-45: Updating Maven Project] INFO  o.e.m.c.i.p.ProjectConfigurationManager - Update started
2025-11-19 21:16:57,404 [Worker-45: Updating Maven Project] INFO  o.e.m.c.i.l.LifecycleMappingFactory - Using org.eclipse.m2e.jdt.JarLifecycleMapping lifecycle mapping for MavenProject: com.irene:api-gateway:0.0.1-SNAPSHOT @ C:\Users\irene\eclipse-workspace\E-Comm_Appln\api-gateway\pom.xml.
2025-11-19 21:16:57,560 [Worker-45: Updating Maven Project] INFO  o.e.m.c.i.e.AbstractTransferListenerAdapter - Downloading https://repo.maven.apache.org/maven2/org/springframework/cloud/spring-cloud-starter-gateway/4.3.0/spring-cloud-starter-gateway-4.3.0.pom
2025-11-19 21:16:57,590 [Worker-45: Updating Maven Project] INFO  o.e.m.c.i.e.AbstractTransferListenerAdapter - Downloaded https://repo.maven.apache.org/maven2/org/springframework/cloud/spring-cloud-starter-gateway/4.3.0/spring-cloud-starter-gateway-4.3.0.pom
2025-11-19 21:16:58,581 [Worker-45: Updating Maven Project] INFO  o.e.m.c.i.e.AbstractTransferListenerAdapter - Downloading https://repo.maven.apache.org/maven2/org/springframework/cloud/spring-cloud-starter-gateway/4.3.0/spring-cloud-starter-gateway-4.3.0.jar
2025-11-19 21:16:58,591 [Worker-45: Updating Maven Project] INFO  o.e.m.c.i.e.AbstractTransferListenerAdapter - Downloaded https://repo.maven.apache.org/maven2/org/springframework/cloud/spring-cloud-starter-gateway/4.3.0/spring-cloud-starter-gateway-4.3.0.jar
2025-11-19 21:16:59,266 [Worker-45: Updating Maven Project] INFO  o.e.m.j.i.AbstractJavaProjectConfigurator - Adding source folder /api-gateway/src/main/java
2025-11-19 21:16:59,268 [Worker-45: Updating Maven Project] INFO  o.e.m.j.i.AbstractJavaProjectConfigurator - Adding resource folder /api-gateway/src/main/resources
2025-11-19 21:16:59,270 [Worker-45: Updating Maven Project] INFO  o.e.m.j.i.AbstractJavaProjectConfigurator - Adding resource folder /api-gateway/src/main/resources
2025-11-19 21:16:59,271 [Worker-45: Updating Maven Project] INFO  o.e.m.j.i.AbstractJavaProjectConfigurator - Adding source folder /api-gateway/src/test/java
2025-11-19 21:16:59,273 [Worker-45: Updating Maven Project] INFO  o.e.m.j.i.AbstractJavaProjectConfigurator - Adding resource folder /api-gateway/src/test/resources
2025-11-19 21:16:59,856 [Worker-37: Download sources and javadoc] INFO  o.e.m.c.i.e.AbstractTransferListenerAdapter - Downloading https://repo.maven.apache.org/maven2/org/springframework/cloud/spring-cloud-starter-gateway/4.3.0/spring-cloud-starter-gateway-4.3.0-sources.jar
2025-11-19 21:16:59,866 [Worker-37: Download sources and javadoc] INFO  o.e.m.c.i.e.AbstractTransferListenerAdapter - Downloaded https://repo.maven.apache.org/maven2/org/springframework/cloud/spring-cloud-starter-gateway/4.3.0/spring-cloud-starter-gateway-4.3.0-sources.jar
2025-11-19 21:16:59,872 [Worker-37: Download sources and javadoc] INFO  o.e.m.j.internal.DownloadSourcesJob - Downloaded sources for org.springframework.cloud:spring-cloud-starter-gateway:4.3.0
2025-11-19 21:17:00,208 [Worker-45: Updating Maven Project] INFO  o.e.m.c.i.p.ProjectConfigurationManager - Update completed for 1 poms: local refresh takes 0.00 sec, refresh facades takes 2.00 sec, update config takes 0.00 sec 
2025-11-19 21:17:01,242 [Worker-46: Building] INFO  o.a.m.s.f.DefaultMavenResourcesFiltering - Copying 1 resource from src\main\resources to target\classes
2025-11-19 21:17:01,265 [Worker-46: Building] INFO  o.a.m.s.f.DefaultMavenResourcesFiltering - Copying 0 resource from src\main\resources to target\classes
2025-11-19 21:17:01,272 [Worker-46: Building] INFO  o.a.m.s.f.DefaultMavenResourcesFiltering - skip non existing resourceDirectory C:\Users\irene\eclipse-workspace\E-Comm_Appln\api-gateway\src\test\resources
2025-11-19 21:23:19,070 [Worker-48: Building] INFO  o.a.m.s.f.DefaultMavenResourcesFiltering - Copying 1 resource from src\main\resources to target\classes
2025-11-19 21:23:19,083 [Worker-48: Building] INFO  o.a.m.s.f.DefaultMavenResourcesFiltering - Copying 0 resource from src\main\resources to target\classes
2025-11-19 21:23:19,090 [Worker-48: Building] INFO  o.a.m.s.f.DefaultMavenResourcesFiltering - skip non existing resourceDirectory C:\Users\irene\eclipse-workspace\E-Comm_Appln\api-gateway\src\test\resources
2025-11-19 21:24:39,013 [Worker-46: Building] INFO  o.a.m.s.f.DefaultMavenResourcesFiltering - Copying 1 resource from src\main\resources to target\classes
2025-11-19 21:24:39,021 [Worker-46: Building] INFO  o.a.m.s.f.DefaultMavenResourcesFiltering - Copying 0 resource from src\main\resources to target\classes
2025-11-19 21:24:39,027 [Worker-46: Building] INFO  o.a.m.s.f.DefaultMavenResourcesFiltering - skip non existing resourceDirectory C:\Users\irene\eclipse-workspace\E-Comm_Appln\api-gateway\src\test\resources
2025-11-19 21:28:26,016 [Worker-51: Building] INFO  o.a.m.s.f.DefaultMavenResourcesFiltering - Copying 1 resource from src\main\resources to target\classes
2025-11-19 21:28:26,036 [Worker-51: Building] INFO  o.a.m.s.f.DefaultMavenResourcesFiltering - Copying 0 resource from src\main\resources to target\classes
2025-11-19 21:28:26,038 [Worker-51: Building] INFO  o.a.m.s.f.DefaultMavenResourcesFiltering - skip non existing resourceDirectory C:\Users\irene\eclipse-workspace\E-Comm_Appln\product-service\src\test\resources
2025-11-19 21:28:31,980 [Worker-49: Building] INFO  o.a.m.s.f.DefaultMavenResourcesFiltering - Copying 1 resource from src\main\resources to target\classes
2025-11-19 21:28:31,984 [Worker-49: Building] INFO  o.a.m.s.f.DefaultMavenResourcesFiltering - Copying 0 resource from src\main\resources to target\classes
2025-11-19 21:28:31,990 [Worker-49: Building] INFO  o.a.m.s.f.DefaultMavenResourcesFiltering - skip non existing resourceDirectory C:\Users\irene\eclipse-workspace\E-Comm_Appln\product-service\src\test\resources
2025-11-19 21:28:39,625 [Worker-46: Building] INFO  o.a.m.s.f.DefaultMavenResourcesFiltering - Copying 1 resource from src\main\resources to target\classes
2025-11-19 21:28:39,629 [Worker-46: Building] INFO  o.a.m.s.f.DefaultMavenResourcesFiltering - Copying 0 resource from src\main\resources to target\classes
2025-11-19 21:28:39,632 [Worker-46: Building] INFO  o.a.m.s.f.DefaultMavenResourcesFiltering - skip non existing resourceDirectory C:\Users\irene\eclipse-workspace\E-Comm_Appln\product-service\src\test\resources
2025-11-19 22:50:42,872 [Worker-61: Building] INFO  o.a.m.s.f.DefaultMavenResourcesFiltering - Copying 1 resource from src\main\resources to target\classes
2025-11-19 22:50:42,924 [Worker-61: Building] INFO  o.a.m.s.f.DefaultMavenResourcesFiltering - Copying 0 resource from src\main\resources to target\classes
2025-11-19 22:50:42,934 [Worker-61: Building] INFO  o.a.m.s.f.DefaultMavenResourcesFiltering - skip non existing resourceDirectory C:\Users\irene\eclipse-workspace\E-Comm_Appln\order-service\src\test\resources
2025-11-19 22:52:30,310 [Worker-61: Building] INFO  o.e.m.c.i.l.LifecycleMappingFactory - Using org.eclipse.m2e.jdt.JarLifecycleMapping lifecycle mapping for MavenProject: com.irene:orderService:0.0.1-SNAPSHOT @ C:\Users\irene\eclipse-workspace\E-Comm_Appln\order-service\pom.xml.
2025-11-19 22:52:37,219 [Worker-61: Building] INFO  o.e.m.c.i.p.WorkspaceClassifierResolverManager - Resolving P/product-service: com.irene:productService:0.0.1-SNAPSHOT with classifier  to /product-service/target/classes
2025-11-19 22:52:46,788 [Worker-61: Building] INFO  o.a.m.s.f.DefaultMavenResourcesFiltering - Copying 0 resource from src\main\resources to target\classes
2025-11-19 22:52:46,790 [Worker-61: Building] INFO  o.a.m.s.f.DefaultMavenResourcesFiltering - Copying 0 resource from src\main\resources to target\classes
2025-11-19 22:52:46,796 [Worker-61: Building] INFO  o.a.m.s.f.DefaultMavenResourcesFiltering - skip non existing resourceDirectory C:\Users\irene\eclipse-workspace\E-Comm_Appln\order-service\src\test\resources
2025-11-19 22:52:49,339 [Worker-61: Updating Maven Project] INFO  o.e.m.c.i.p.ProjectConfigurationManager - Update started
2025-11-19 22:52:49,914 [Worker-61: Updating Maven Project] INFO  o.e.m.c.i.l.LifecycleMappingFactory - Using org.eclipse.m2e.jdt.JarLifecycleMapping lifecycle mapping for MavenProject: com.irene:orderService:0.0.1-SNAPSHOT @ C:\Users\irene\eclipse-workspace\E-Comm_Appln\order-service\pom.xml.
2025-11-19 22:52:51,299 [Worker-61: Updating Maven Project] INFO  o.e.m.c.i.p.WorkspaceClassifierResolverManager - Resolving P/product-service: com.irene:productService:0.0.1-SNAPSHOT with classifier  to /product-service/target/classes
2025-11-19 22:52:53,047 [Worker-61: Updating Maven Project] INFO  o.e.m.j.i.AbstractJavaProjectConfigurator - Adding source folder /order-service/src/main/java
2025-11-19 22:52:53,050 [Worker-61: Updating Maven Project] INFO  o.e.m.j.i.AbstractJavaProjectConfigurator - Adding resource folder /order-service/src/main/resources
2025-11-19 22:52:53,052 [Worker-61: Updating Maven Project] INFO  o.e.m.j.i.AbstractJavaProjectConfigurator - Adding resource folder /order-service/src/main/resources
2025-11-19 22:52:53,054 [Worker-61: Updating Maven Project] INFO  o.e.m.j.i.AbstractJavaProjectConfigurator - Adding source folder /order-service/src/test/java
2025-11-19 22:52:53,056 [Worker-61: Updating Maven Project] INFO  o.e.m.j.i.AbstractJavaProjectConfigurator - Adding resource folder /order-service/src/test/resources
2025-11-19 22:52:55,130 [Worker-61: Updating Maven Project] INFO  o.e.m.c.i.p.ProjectConfigurationManager - Update completed for 1 poms: local refresh takes 0.00 sec, refresh facades takes 3.00 sec, update config takes 2.00 sec 
2025-11-19 22:52:55,775 [Worker-60: Building] INFO  o.a.m.s.f.DefaultMavenResourcesFiltering - Copying 1 resource from src\main\resources to target\classes
2025-11-19 22:52:55,808 [Worker-60: Building] INFO  o.a.m.s.f.DefaultMavenResourcesFiltering - Copying 0 resource from src\main\resources to target\classes
2025-11-19 22:52:55,816 [Worker-60: Building] INFO  o.a.m.s.f.DefaultMavenResourcesFiltering - skip non existing resourceDirectory C:\Users\irene\eclipse-workspace\E-Comm_Appln\order-service\src\test\resources
2025-11-19 22:54:58,646 [Start Help Server] INFO  org.eclipse.jetty.server.Server - jetty-12.0.6; built: 2024-01-30T02:43:24.387Z; git: 78ab6e6ba163f89cdd97f2ae0283fbb5e371cfaf; jvm 17.0.10+7
2025-11-19 22:54:58,734 [Start Help Server] INFO  o.e.j.server.handler.ContextHandler - Started oeje8n.ContextHandler$CoreContextHandler@8e8ef65{/help,/help,b=null,a=AVAILABLE,h=oeje8n.ContextHandler$CoreContextHandler$CoreToNestedHandler@7947eda1{STARTED}}
2025-11-19 22:54:58,736 [Start Help Server] INFO  o.e.j.s.DefaultSessionIdManager - Session workerName=node0
2025-11-19 22:54:58,836 [Start Help Server] INFO  o.e.jetty.server.AbstractConnector - Started ServerConnector@7f0abaa6{HTTP/1.1, (http/1.1)}{127.0.0.1:56845}
2025-11-19 22:54:58,882 [Start Help Server] INFO  org.eclipse.jetty.server.Server - Started oejs.Server@1280371d{STARTING}[12.0.6,sto=0] @7360126ms
2025-11-19 22:55:17,878 [Worker-60: Building] INFO  o.a.m.s.f.DefaultMavenResourcesFiltering - Copying 1 resource from src\main\resources to target\classes
2025-11-19 22:55:17,883 [Worker-60: Building] INFO  o.a.m.s.f.DefaultMavenResourcesFiltering - Copying 0 resource from src\main\resources to target\classes
2025-11-19 22:55:17,887 [Worker-60: Building] INFO  o.a.m.s.f.DefaultMavenResourcesFiltering - skip non existing resourceDirectory C:\Users\irene\eclipse-workspace\E-Comm_Appln\order-service\src\test\resources
2025-11-19 23:03:47,951 [Worker-68: Building] INFO  o.a.m.s.f.DefaultMavenResourcesFiltering - Copying 1 resource from src\main\resources to target\classes
2025-11-19 23:03:47,962 [Worker-68: Building] INFO  o.a.m.s.f.DefaultMavenResourcesFiltering - Copying 0 resource from src\main\resources to target\classes
2025-11-19 23:03:47,968 [Worker-68: Building] INFO  o.a.m.s.f.DefaultMavenResourcesFiltering - skip non existing resourceDirectory C:\Users\irene\eclipse-workspace\E-Comm_Appln\order-service\src\test\resources
